id,type,contour_coordinates,distance
new_1,new_mask,"[[[573, 2398], [572, 2399], [571, 2399], [569, 2401], [568, 2401], [559, 2410], [559, 2411], [558, 2412], [558, 2414], [557, 2415], [557, 2417], [556, 2418], [556, 2420], [555, 2421], [555, 2422], [554, 2423], [554, 2425], [553, 2426], [553, 2429], [552, 2430], [552, 2432], [551, 2433], [551, 2436], [550, 2437], [550, 2440], [549, 2441], [549, 2443], [548, 2444], [548, 2446], [547, 2447], [547, 2450], [546, 2451], [546, 2453], [545, 2454], [545, 2457], [544, 2458], [544, 2461], [543, 2462], [543, 2463], [542, 2464], [542, 2465], [541, 2466], [541, 2467], [540, 2468], [540, 2469], [539, 2470], [539, 2471], [537, 2473], [537, 2474], [534, 2477], [534, 2478], [533, 2479], [533, 2480], [519, 2494], [519, 2495], [515, 2499], [515, 2500], [514, 2501], [514, 2502], [513, 2503], [513, 2504], [512, 2505], [512, 2506], [511, 2507], [511, 2508], [510, 2509], [510, 2510], [509, 2511], [509, 2513], [508, 2514], [508, 2515], [507, 2516], [507, 2517], [506, 2518], [506, 2519], [505, 2520], [505, 2521], [503, 2523], [503, 2524], [494, 2533], [493, 2533], [481, 2545], [481, 2546], [480, 2547], [480, 2549], [479, 2550], [479, 2552], [478, 2553], [478, 2555], [477, 2556], [477, 2557], [476, 2558], [476, 2559], [475, 2560], [475, 2562], [474, 2563], [474, 2564], [473, 2565], [473, 2566], [472, 2567], [472, 2568], [470, 2570], [470, 2572], [469, 2573], [469, 2574], [467, 2576], [467, 2577], [459, 2585], [459, 2586], [455, 2590], [455, 2591], [454, 2592], [454, 2593], [453, 2594], [453, 2596], [452, 2597], [452, 2598], [451, 2599], [451, 2601], [450, 2602], [450, 2603], [449, 2604], [449, 2614], [450, 2615], [450, 2618], [451, 2619], [451, 2620], [452, 2621], [452, 2622], [455, 2625], [456, 2625], [466, 2635], [467, 2635], [469, 2637], [470, 2637], [471, 2638], [472, 2638], [473, 2639], [475, 2639], [476, 2640], [478, 2640], [479, 2641], [483, 2641], [484, 2642], [491, 2642], [492, 2643], [516, 2643], [517, 2642], [527, 2642], [528, 2643], [534, 2643], [535, 2642], [540, 2642], [541, 2641], [543, 2641], [544, 2640], [545, 2640], [546, 2639], [547, 2639], [548, 2638], [549, 2638], [551, 2636], [552, 2636], [553, 2635], [553, 2634], [554, 2633], [554, 2632], [556, 2630], [556, 2629], [557, 2628], [557, 2627], [559, 2625], [559, 2624], [561, 2622], [561, 2621], [563, 2619], [563, 2618], [565, 2616], [565, 2615], [568, 2612], [568, 2611], [571, 2608], [571, 2607], [573, 2605], [573, 2604], [574, 2603], [574, 2602], [575, 2601], [575, 2600], [578, 2597], [578, 2596], [579, 2595], [579, 2594], [581, 2592], [581, 2591], [584, 2588], [584, 2587], [586, 2585], [586, 2584], [587, 2583], [587, 2582], [589, 2580], [589, 2579], [591, 2577], [591, 2576], [593, 2574], [593, 2573], [596, 2570], [596, 2569], [598, 2567], [598, 2566], [600, 2564], [600, 2563], [601, 2562], [601, 2561], [603, 2559], [603, 2558], [606, 2555], [606, 2554], [608, 2552], [608, 2551], [610, 2549], [610, 2548], [612, 2546], [612, 2545], [613, 2544], [613, 2543], [614, 2542], [614, 2541], [615, 2540], [615, 2539], [617, 2537], [617, 2536], [618, 2535], [618, 2534], [620, 2532], [620, 2531], [621, 2530], [621, 2529], [622, 2528], [622, 2527], [623, 2526], [623, 2525], [624, 2524], [624, 2523], [625, 2522], [625, 2521], [626, 2520], [626, 2519], [627, 2518], [627, 2517], [628, 2516], [628, 2515], [629, 2514], [629, 2513], [630, 2512], [630, 2511], [631, 2510], [631, 2509], [632, 2508], [632, 2506], [633, 2505], [633, 2503], [634, 2502], [634, 2501], [635, 2500], [635, 2499], [636, 2498], [636, 2496], [637, 2495], [637, 2494], [638, 2493], [638, 2492], [639, 2491], [639, 2490], [640, 2489], [640, 2488], [641, 2487], [641, 2486], [643, 2484], [643, 2483], [644, 2482], [644, 2481], [645, 2480], [645, 2479], [647, 2477], [647, 2476], [648, 2475], [648, 2474], [649, 2473], [649, 2471], [650, 2470], [650, 2468], [651, 2467], [651, 2457], [652, 2456], [652, 2453], [650, 2451], [650, 2450], [647, 2447], [646, 2447], [643, 2444], [642, 2444], [639, 2441], [638, 2441], [635, 2438], [634, 2438], [628, 2432], [627, 2432], [623, 2428], [622, 2428], [620, 2426], [619, 2426], [617, 2424], [616, 2424], [614, 2422], [613, 2422], [612, 2421], [611, 2421], [609, 2419], [608, 2419], [606, 2417], [605, 2417], [604, 2416], [603, 2416], [601, 2414], [600, 2414], [599, 2413], [598, 2413], [597, 2412], [596, 2412], [595, 2411], [594, 2411], [593, 2410], [592, 2410], [591, 2409], [590, 2409], [589, 2408], [588, 2408], [587, 2407], [586, 2407], [584, 2405], [583, 2405], [577, 2399], [575, 2399], [574, 2398]]]",
Polygon 1,mask,"[[[2177, 3548], [2176, 3549], [2174, 3549], [2173, 3550], [2172, 3550], [2171, 3551], [2170, 3551], [2169, 3552], [2168, 3552], [2167, 3553], [2166, 3553], [2165, 3554], [2163, 3554], [2162, 3555], [2161, 3555], [2160, 3556], [2159, 3556], [2158, 3557], [2157, 3557], [2156, 3558], [2154, 3558], [2153, 3559], [2152, 3559], [2151, 3560], [2150, 3560], [2149, 3561], [2148, 3561], [2146, 3563], [2145, 3563], [2144, 3564], [2143, 3564], [2141, 3566], [2140, 3566], [2139, 3567], [2138, 3567], [2136, 3569], [2135, 3569], [2131, 3573], [2130, 3573], [2123, 3580], [2122, 3580], [2111, 3591], [2110, 3591], [2098, 3603], [2098, 3604], [2095, 3607], [2095, 3608], [2093, 3610], [2093, 3611], [2092, 3612], [2092, 3613], [2091, 3614], [2091, 3615], [2090, 3616], [2090, 3617], [2089, 3618], [2089, 3620], [2088, 3621], [2088, 3623], [2087, 3624], [2087, 3626], [2086, 3627], [2086, 3629], [2085, 3630], [2085, 3632], [2084, 3633], [2084, 3634], [2083, 3635], [2083, 3636], [2082, 3637], [2082, 3638], [2081, 3639], [2081, 3642], [2080, 3643], [2080, 3650], [2081, 3651], [2081, 3659], [2085, 3663], [2085, 3664], [2086, 3664], [2089, 3667], [2090, 3667], [2101, 3678], [2101, 3679], [2102, 3679], [2104, 3681], [2105, 3681], [2109, 3685], [2110, 3685], [2114, 3689], [2115, 3689], [2118, 3692], [2119, 3692], [2123, 3696], [2124, 3696], [2129, 3701], [2129, 3702], [2134, 3707], [2134, 3708], [2138, 3712], [2138, 3713], [2146, 3721], [2147, 3721], [2153, 3727], [2154, 3727], [2164, 3737], [2165, 3737], [2167, 3739], [2168, 3739], [2172, 3743], [2173, 3743], [2177, 3747], [2178, 3747], [2181, 3750], [2182, 3750], [2185, 3753], [2186, 3753], [2201, 3768], [2202, 3768], [2207, 3773], [2208, 3773], [2213, 3778], [2214, 3778], [2223, 3787], [2224, 3787], [2227, 3790], [2228, 3790], [2230, 3792], [2231, 3792], [2233, 3794], [2235, 3794], [2236, 3795], [2237, 3795], [2238, 3796], [2241, 3796], [2242, 3797], [2245, 3797], [2246, 3798], [2249, 3798], [2250, 3799], [2262, 3799], [2263, 3798], [2268, 3798], [2269, 3797], [2275, 3797], [2276, 3796], [2286, 3796], [2287, 3795], [2296, 3795], [2297, 3794], [2302, 3794], [2303, 3793], [2307, 3793], [2308, 3792], [2311, 3792], [2313, 3790], [2314, 3790], [2320, 3784], [2320, 3783], [2324, 3779], [2324, 3778], [2326, 3776], [2326, 3775], [2327, 3774], [2327, 3772], [2328, 3771], [2328, 3770], [2329, 3769], [2329, 3767], [2330, 3766], [2330, 3764], [2331, 3763], [2331, 3759], [2332, 3758], [2332, 3751], [2333, 3750], [2333, 3741], [2334, 3740], [2334, 3735], [2335, 3734], [2335, 3730], [2336, 3729], [2336, 3726], [2337, 3725], [2337, 3720], [2338, 3719], [2338, 3713], [2339, 3712], [2339, 3706], [2340, 3705], [2340, 3699], [2339, 3698], [2339, 3694], [2338, 3693], [2338, 3690], [2337, 3689], [2337, 3686], [2336, 3685], [2336, 3683], [2334, 3681], [2334, 3680], [2332, 3678], [2331, 3678], [2325, 3672], [2324, 3672], [2320, 3668], [2319, 3668], [2315, 3664], [2314, 3664], [2311, 3661], [2310, 3661], [2296, 3647], [2295, 3647], [2288, 3640], [2287, 3640], [2283, 3636], [2282, 3636], [2278, 3632], [2277, 3632], [2273, 3628], [2272, 3628], [2269, 3625], [2269, 3624], [2267, 3622], [2267, 3621], [2266, 3620], [2266, 3619], [2265, 3618], [2265, 3616], [2263, 3614], [2263, 3613], [2256, 3606], [2255, 3606], [2249, 3600], [2248, 3600], [2238, 3590], [2237, 3590], [2234, 3587], [2233, 3587], [2231, 3585], [2230, 3585], [2229, 3584], [2228, 3584], [2226, 3582], [2225, 3582], [2222, 3579], [2221, 3579], [2218, 3576], [2217, 3576], [2202, 3561], [2202, 3560], [2199, 3557], [2199, 3556], [2196, 3553], [2196, 3552], [2194, 3550], [2192, 3550], [2191, 3549], [2186, 3549], [2185, 3548]]]",
Polygon 2,mask,"[[[1610, 2905], [1609, 2906], [1607, 2906], [1606, 2907], [1605, 2907], [1604, 2908], [1603, 2908], [1602, 2909], [1601, 2909], [1600, 2910], [1598, 2910], [1597, 2911], [1594, 2911], [1593, 2912], [1592, 2912], [1591, 2913], [1589, 2913], [1588, 2914], [1587, 2914], [1586, 2915], [1585, 2915], [1584, 2916], [1583, 2916], [1582, 2917], [1581, 2917], [1579, 2919], [1578, 2919], [1577, 2920], [1576, 2920], [1575, 2921], [1574, 2921], [1573, 2922], [1572, 2922], [1550, 2944], [1549, 2944], [1548, 2945], [1548, 2946], [1533, 2961], [1533, 2962], [1530, 2965], [1530, 2966], [1529, 2967], [1529, 2968], [1528, 2969], [1528, 2971], [1527, 2972], [1527, 2974], [1526, 2975], [1526, 2978], [1525, 2979], [1525, 2982], [1524, 2983], [1524, 2987], [1523, 2988], [1523, 2991], [1522, 2992], [1522, 2994], [1521, 2995], [1521, 3012], [1522, 3013], [1522, 3015], [1530, 3023], [1531, 3023], [1557, 3049], [1558, 3049], [1563, 3054], [1564, 3054], [1569, 3059], [1570, 3059], [1574, 3063], [1575, 3063], [1578, 3066], [1579, 3066], [1586, 3073], [1587, 3073], [1599, 3085], [1600, 3085], [1604, 3089], [1605, 3089], [1608, 3092], [1609, 3092], [1611, 3094], [1612, 3094], [1615, 3097], [1616, 3097], [1620, 3101], [1621, 3101], [1627, 3107], [1628, 3107], [1633, 3112], [1634, 3112], [1637, 3115], [1638, 3115], [1652, 3129], [1653, 3129], [1658, 3134], [1659, 3134], [1661, 3136], [1662, 3136], [1664, 3138], [1665, 3138], [1666, 3139], [1667, 3139], [1668, 3140], [1669, 3140], [1670, 3141], [1672, 3141], [1673, 3142], [1675, 3142], [1676, 3143], [1678, 3143], [1679, 3144], [1681, 3144], [1682, 3145], [1684, 3145], [1685, 3146], [1688, 3146], [1689, 3147], [1696, 3147], [1697, 3148], [1708, 3148], [1709, 3149], [1711, 3149], [1712, 3148], [1726, 3148], [1727, 3147], [1732, 3147], [1733, 3146], [1737, 3146], [1738, 3145], [1741, 3145], [1742, 3144], [1745, 3144], [1746, 3143], [1747, 3143], [1748, 3142], [1749, 3142], [1751, 3140], [1752, 3140], [1753, 3139], [1754, 3139], [1756, 3137], [1757, 3137], [1759, 3135], [1760, 3135], [1762, 3133], [1763, 3133], [1765, 3131], [1765, 3130], [1767, 3128], [1767, 3127], [1769, 3125], [1769, 3124], [1770, 3123], [1770, 3122], [1771, 3121], [1771, 3120], [1772, 3119], [1772, 3118], [1773, 3117], [1773, 3115], [1774, 3114], [1774, 3111], [1775, 3110], [1775, 3105], [1776, 3104], [1776, 3100], [1777, 3099], [1777, 3094], [1778, 3093], [1778, 3081], [1779, 3080], [1779, 3041], [1778, 3040], [1778, 3036], [1777, 3035], [1777, 3033], [1775, 3031], [1775, 3030], [1773, 3028], [1773, 3027], [1771, 3025], [1770, 3025], [1765, 3020], [1764, 3020], [1762, 3018], [1762, 3017], [1757, 3012], [1756, 3012], [1752, 3008], [1751, 3008], [1749, 3006], [1748, 3006], [1742, 3000], [1741, 3000], [1738, 2997], [1737, 2997], [1734, 2994], [1733, 2994], [1732, 2993], [1731, 2993], [1729, 2991], [1728, 2991], [1726, 2989], [1725, 2989], [1723, 2987], [1722, 2987], [1719, 2984], [1718, 2984], [1713, 2979], [1712, 2979], [1707, 2974], [1706, 2974], [1698, 2966], [1697, 2966], [1690, 2959], [1689, 2959], [1684, 2954], [1683, 2954], [1678, 2949], [1677, 2949], [1672, 2944], [1671, 2944], [1653, 2926], [1652, 2926], [1650, 2924], [1649, 2924], [1647, 2922], [1646, 2922], [1644, 2920], [1643, 2920], [1641, 2918], [1640, 2918], [1631, 2909], [1630, 2909], [1629, 2908], [1628, 2908], [1627, 2907], [1624, 2907], [1623, 2906], [1619, 2906], [1618, 2905]]]",
Polygon 3,mask,"[[[512, 1708], [511, 1709], [507, 1709], [506, 1710], [502, 1710], [501, 1711], [500, 1711], [495, 1716], [495, 1717], [493, 1719], [493, 1720], [488, 1725], [488, 1726], [478, 1736], [478, 1737], [469, 1746], [469, 1747], [464, 1752], [464, 1753], [461, 1756], [461, 1757], [458, 1760], [458, 1761], [453, 1766], [453, 1767], [450, 1770], [450, 1771], [446, 1775], [446, 1776], [439, 1783], [439, 1784], [433, 1790], [433, 1791], [427, 1797], [427, 1798], [420, 1805], [420, 1806], [409, 1817], [409, 1818], [390, 1837], [390, 1838], [374, 1854], [374, 1855], [370, 1859], [370, 1860], [368, 1862], [368, 1864], [367, 1865], [367, 1870], [368, 1871], [368, 1875], [369, 1876], [369, 1879], [370, 1880], [370, 1882], [371, 1883], [371, 1884], [372, 1885], [372, 1886], [374, 1888], [374, 1889], [376, 1891], [376, 1892], [377, 1893], [377, 1894], [378, 1895], [378, 1896], [379, 1897], [379, 1898], [380, 1899], [380, 1900], [381, 1901], [381, 1902], [382, 1903], [382, 1904], [383, 1905], [383, 1907], [385, 1909], [385, 1910], [387, 1912], [387, 1913], [390, 1916], [390, 1917], [403, 1930], [403, 1931], [410, 1938], [411, 1938], [419, 1946], [419, 1947], [422, 1950], [422, 1951], [428, 1957], [429, 1957], [431, 1959], [432, 1959], [433, 1960], [434, 1960], [435, 1961], [438, 1961], [439, 1962], [444, 1962], [445, 1963], [449, 1963], [450, 1964], [453, 1964], [454, 1965], [456, 1965], [457, 1966], [459, 1966], [460, 1967], [462, 1967], [463, 1968], [467, 1968], [468, 1969], [471, 1969], [472, 1970], [477, 1970], [478, 1969], [479, 1969], [485, 1963], [485, 1962], [491, 1956], [491, 1955], [497, 1949], [497, 1948], [503, 1942], [503, 1941], [512, 1932], [512, 1931], [519, 1924], [519, 1923], [527, 1915], [527, 1914], [542, 1899], [542, 1898], [550, 1890], [550, 1889], [554, 1885], [554, 1884], [556, 1882], [556, 1881], [558, 1879], [558, 1878], [560, 1876], [560, 1875], [564, 1871], [564, 1870], [578, 1856], [578, 1855], [590, 1843], [590, 1842], [593, 1839], [593, 1838], [596, 1835], [596, 1834], [600, 1830], [600, 1829], [602, 1827], [602, 1826], [604, 1824], [604, 1823], [605, 1822], [605, 1821], [606, 1820], [606, 1819], [607, 1818], [607, 1817], [608, 1816], [608, 1814], [609, 1813], [609, 1812], [610, 1811], [610, 1810], [611, 1809], [611, 1807], [612, 1806], [612, 1801], [613, 1800], [613, 1792], [614, 1791], [614, 1773], [613, 1772], [613, 1755], [612, 1754], [612, 1745], [611, 1744], [611, 1740], [610, 1739], [610, 1737], [609, 1736], [609, 1735], [608, 1734], [608, 1733], [607, 1732], [607, 1731], [605, 1729], [604, 1729], [601, 1726], [600, 1726], [599, 1725], [598, 1725], [597, 1724], [596, 1724], [594, 1722], [593, 1722], [591, 1720], [590, 1720], [589, 1719], [588, 1719], [587, 1718], [586, 1718], [585, 1717], [584, 1717], [583, 1716], [582, 1716], [581, 1715], [580, 1715], [579, 1714], [577, 1714], [576, 1713], [571, 1713], [570, 1712], [563, 1712], [562, 1711], [554, 1711], [553, 1710], [535, 1710], [534, 1709], [528, 1709], [527, 1708]]]",
Polygon 4,mask,"[[[2330, 470], [2329, 471], [2324, 471], [2323, 472], [2317, 472], [2316, 473], [2312, 473], [2311, 474], [2309, 474], [2308, 475], [2305, 475], [2304, 476], [2301, 476], [2300, 477], [2298, 477], [2297, 478], [2294, 478], [2293, 479], [2290, 479], [2289, 480], [2286, 480], [2285, 481], [2283, 481], [2282, 482], [2279, 482], [2278, 483], [2276, 483], [2275, 484], [2272, 484], [2271, 485], [2269, 485], [2268, 486], [2265, 486], [2264, 487], [2260, 487], [2259, 488], [2256, 488], [2255, 489], [2253, 489], [2252, 490], [2249, 490], [2248, 491], [2246, 491], [2245, 492], [2242, 492], [2241, 493], [2238, 493], [2237, 494], [2233, 494], [2232, 495], [2228, 495], [2227, 496], [2225, 496], [2224, 497], [2221, 497], [2220, 498], [2217, 498], [2216, 499], [2213, 499], [2212, 500], [2208, 500], [2207, 501], [2204, 501], [2203, 502], [2200, 502], [2199, 503], [2195, 503], [2194, 504], [2191, 504], [2190, 505], [2187, 505], [2186, 506], [2183, 506], [2182, 507], [2178, 507], [2177, 508], [2174, 508], [2173, 509], [2169, 509], [2168, 510], [2163, 510], [2162, 511], [2158, 511], [2157, 512], [2153, 512], [2152, 513], [2148, 513], [2147, 514], [2144, 514], [2143, 515], [2141, 515], [2140, 516], [2139, 516], [2138, 517], [2137, 517], [2133, 521], [2133, 523], [2132, 524], [2132, 526], [2131, 527], [2131, 530], [2130, 531], [2130, 535], [2129, 536], [2129, 541], [2128, 542], [2128, 548], [2127, 549], [2127, 553], [2126, 554], [2126, 559], [2125, 560], [2125, 566], [2124, 567], [2124, 571], [2123, 572], [2123, 582], [2124, 583], [2124, 588], [2125, 589], [2125, 596], [2126, 597], [2126, 603], [2127, 604], [2127, 609], [2128, 610], [2128, 614], [2129, 615], [2129, 618], [2130, 619], [2130, 621], [2131, 622], [2131, 623], [2132, 624], [2132, 625], [2133, 626], [2133, 627], [2134, 628], [2134, 629], [2137, 632], [2137, 633], [2143, 639], [2143, 640], [2146, 643], [2146, 644], [2148, 646], [2148, 647], [2150, 649], [2150, 650], [2152, 652], [2152, 653], [2154, 655], [2154, 656], [2158, 660], [2158, 661], [2159, 661], [2160, 662], [2161, 662], [2162, 663], [2165, 663], [2166, 664], [2179, 664], [2180, 663], [2182, 663], [2183, 662], [2184, 662], [2185, 661], [2187, 661], [2188, 660], [2190, 660], [2191, 659], [2193, 659], [2194, 658], [2197, 658], [2198, 657], [2202, 657], [2203, 656], [2208, 656], [2209, 655], [2211, 655], [2212, 654], [2217, 654], [2218, 653], [2230, 653], [2231, 652], [2247, 652], [2248, 651], [2258, 651], [2259, 650], [2263, 650], [2264, 649], [2270, 649], [2271, 648], [2275, 648], [2276, 647], [2280, 647], [2281, 646], [2285, 646], [2286, 645], [2292, 645], [2293, 644], [2296, 644], [2297, 643], [2299, 643], [2300, 642], [2303, 642], [2304, 641], [2307, 641], [2308, 640], [2311, 640], [2312, 639], [2314, 639], [2315, 638], [2317, 638], [2318, 637], [2320, 637], [2321, 636], [2323, 636], [2324, 635], [2325, 635], [2326, 634], [2327, 634], [2328, 633], [2330, 633], [2331, 632], [2332, 632], [2333, 631], [2334, 631], [2335, 630], [2336, 630], [2337, 629], [2338, 629], [2339, 628], [2340, 628], [2341, 627], [2342, 627], [2343, 626], [2344, 626], [2345, 625], [2346, 625], [2347, 624], [2348, 624], [2349, 623], [2350, 623], [2352, 621], [2353, 621], [2356, 618], [2357, 618], [2363, 612], [2364, 612], [2365, 611], [2365, 610], [2367, 608], [2368, 608], [2378, 598], [2378, 597], [2383, 592], [2383, 591], [2386, 588], [2386, 587], [2390, 583], [2390, 582], [2396, 576], [2396, 575], [2398, 573], [2398, 572], [2399, 571], [2399, 570], [2400, 569], [2400, 567], [2401, 566], [2401, 564], [2402, 563], [2402, 561], [2403, 560], [2403, 552], [2402, 551], [2402, 545], [2401, 544], [2401, 538], [2400, 537], [2400, 534], [2399, 533], [2399, 531], [2398, 530], [2398, 529], [2397, 528], [2397, 527], [2396, 526], [2396, 524], [2394, 522], [2394, 521], [2392, 519], [2392, 518], [2385, 511], [2384, 511], [2377, 504], [2376, 504], [2365, 493], [2364, 493], [2354, 483], [2353, 483], [2349, 479], [2348, 479], [2345, 476], [2344, 476], [2342, 474], [2341, 474], [2340, 473], [2339, 473], [2338, 472], [2337, 472], [2336, 471], [2332, 471], [2331, 470]]]",
Polygon 5,mask,"[[[772, 2230], [771, 2231], [768, 2231], [767, 2232], [766, 2232], [765, 2233], [764, 2233], [763, 2234], [761, 2234], [760, 2235], [759, 2235], [758, 2236], [757, 2236], [756, 2237], [754, 2237], [753, 2238], [750, 2238], [749, 2239], [748, 2239], [746, 2241], [744, 2241], [743, 2242], [742, 2242], [741, 2243], [739, 2243], [738, 2244], [735, 2244], [734, 2245], [732, 2245], [731, 2246], [730, 2246], [729, 2247], [728, 2247], [727, 2248], [726, 2248], [725, 2249], [724, 2249], [723, 2250], [722, 2250], [721, 2251], [720, 2251], [719, 2252], [717, 2252], [716, 2253], [714, 2253], [713, 2254], [712, 2254], [711, 2255], [710, 2255], [709, 2256], [708, 2256], [707, 2257], [705, 2257], [704, 2258], [703, 2258], [702, 2259], [701, 2259], [700, 2260], [699, 2260], [698, 2261], [696, 2261], [695, 2262], [694, 2262], [693, 2263], [692, 2263], [691, 2264], [690, 2264], [688, 2266], [687, 2266], [686, 2267], [685, 2267], [683, 2269], [682, 2269], [681, 2270], [680, 2270], [679, 2271], [677, 2271], [676, 2272], [675, 2272], [674, 2273], [673, 2273], [672, 2274], [671, 2274], [670, 2275], [669, 2275], [668, 2276], [666, 2276], [665, 2277], [664, 2277], [663, 2278], [662, 2278], [661, 2279], [660, 2279], [659, 2280], [658, 2280], [657, 2281], [656, 2281], [655, 2282], [654, 2282], [653, 2283], [652, 2283], [651, 2284], [650, 2284], [648, 2286], [647, 2286], [646, 2287], [645, 2287], [644, 2288], [642, 2288], [641, 2289], [639, 2289], [638, 2290], [636, 2290], [635, 2291], [633, 2291], [632, 2292], [630, 2292], [629, 2293], [628, 2293], [627, 2294], [626, 2294], [625, 2295], [624, 2295], [623, 2296], [622, 2296], [621, 2297], [620, 2297], [619, 2298], [618, 2298], [617, 2299], [616, 2299], [614, 2301], [613, 2301], [602, 2312], [602, 2313], [600, 2315], [600, 2316], [598, 2318], [598, 2319], [596, 2321], [596, 2322], [593, 2325], [593, 2326], [590, 2329], [590, 2330], [589, 2331], [589, 2332], [588, 2333], [588, 2334], [586, 2336], [586, 2338], [585, 2339], [585, 2341], [584, 2342], [584, 2343], [583, 2344], [583, 2345], [582, 2346], [582, 2347], [581, 2348], [581, 2349], [580, 2350], [580, 2351], [579, 2352], [579, 2353], [578, 2354], [578, 2356], [577, 2357], [577, 2359], [576, 2360], [576, 2362], [575, 2363], [575, 2365], [574, 2366], [574, 2367], [573, 2368], [573, 2372], [572, 2373], [572, 2393], [573, 2394], [573, 2395], [582, 2404], [583, 2404], [585, 2406], [586, 2406], [587, 2407], [588, 2407], [589, 2408], [591, 2408], [592, 2409], [593, 2409], [595, 2411], [596, 2411], [597, 2412], [598, 2412], [607, 2421], [608, 2421], [611, 2424], [612, 2424], [613, 2425], [614, 2425], [615, 2426], [616, 2426], [617, 2427], [618, 2427], [619, 2428], [621, 2428], [623, 2430], [624, 2430], [625, 2431], [626, 2431], [627, 2432], [628, 2432], [630, 2434], [631, 2434], [636, 2439], [637, 2439], [642, 2444], [643, 2444], [644, 2445], [645, 2445], [647, 2447], [648, 2447], [649, 2448], [650, 2448], [651, 2449], [652, 2449], [653, 2450], [673, 2450], [674, 2449], [676, 2449], [677, 2448], [678, 2448], [680, 2446], [681, 2446], [682, 2445], [683, 2445], [685, 2443], [686, 2443], [687, 2442], [688, 2442], [691, 2439], [692, 2439], [694, 2437], [695, 2437], [696, 2436], [697, 2436], [699, 2434], [700, 2434], [701, 2433], [702, 2433], [704, 2431], [706, 2431], [707, 2430], [708, 2430], [709, 2429], [710, 2429], [711, 2428], [713, 2428], [714, 2427], [716, 2427], [717, 2426], [719, 2426], [720, 2425], [722, 2425], [723, 2424], [724, 2424], [725, 2423], [727, 2423], [728, 2422], [729, 2422], [730, 2421], [731, 2421], [732, 2420], [733, 2420], [734, 2419], [735, 2419], [736, 2418], [737, 2418], [738, 2417], [739, 2417], [740, 2416], [741, 2416], [743, 2414], [744, 2414], [746, 2412], [747, 2412], [749, 2410], [750, 2410], [752, 2408], [753, 2408], [755, 2406], [756, 2406], [757, 2405], [758, 2405], [759, 2404], [760, 2404], [761, 2403], [762, 2403], [763, 2402], [764, 2402], [765, 2401], [766, 2401], [767, 2400], [768, 2400], [769, 2399], [770, 2399], [771, 2398], [773, 2398], [774, 2397], [775, 2397], [776, 2396], [777, 2396], [779, 2394], [780, 2394], [782, 2392], [783, 2392], [785, 2390], [786, 2390], [788, 2388], [789, 2388], [791, 2386], [792, 2386], [793, 2385], [794, 2385], [795, 2384], [797, 2384], [798, 2383], [799, 2383], [800, 2382], [802, 2382], [803, 2381], [804, 2381], [805, 2380], [807, 2380], [808, 2379], [809, 2379], [810, 2378], [811, 2378], [812, 2377], [813, 2377], [814, 2376], [815, 2376], [816, 2375], [817, 2375], [818, 2374], [819, 2374], [820, 2373], [821, 2373], [822, 2372], [823, 2372], [824, 2371], [826, 2371], [827, 2370], [828, 2370], [829, 2369], [831, 2369], [832, 2368], [834, 2368], [835, 2367], [836, 2367], [837, 2366], [838, 2366], [844, 2360], [844, 2359], [846, 2357], [846, 2355], [847, 2354], [847, 2352], [848, 2351], [848, 2326], [847, 2325], [847, 2310], [846, 2309], [846, 2305], [845, 2304], [845, 2300], [844, 2299], [844, 2296], [843, 2295], [843, 2293], [842, 2292], [842, 2290], [841, 2289], [841, 2288], [840, 2287], [840, 2285], [839, 2284], [839, 2282], [838, 2281], [838, 2279], [837, 2278], [837, 2275], [836, 2274], [836, 2270], [835, 2269], [835, 2267], [834, 2266], [834, 2265], [833, 2264], [833, 2263], [830, 2260], [829, 2260], [828, 2259], [827, 2259], [826, 2258], [825, 2258], [824, 2257], [823, 2257], [822, 2256], [821, 2256], [820, 2255], [819, 2255], [818, 2254], [817, 2254], [814, 2251], [813, 2251], [811, 2249], [810, 2249], [808, 2247], [807, 2247], [799, 2239], [799, 2238], [793, 2232], [792, 2232], [791, 2231], [790, 2231], [789, 2230]]]",
Polygon 6,mask,"[[[2333, 3332], [2332, 3333], [2325, 3333], [2324, 3334], [2316, 3334], [2315, 3335], [2308, 3335], [2307, 3336], [2299, 3336], [2298, 3337], [2292, 3337], [2291, 3338], [2288, 3338], [2287, 3339], [2285, 3339], [2284, 3340], [2282, 3340], [2281, 3341], [2280, 3341], [2279, 3342], [2278, 3342], [2272, 3348], [2272, 3349], [2270, 3351], [2270, 3352], [2269, 3353], [2269, 3354], [2268, 3355], [2268, 3356], [2267, 3357], [2267, 3358], [2266, 3359], [2266, 3360], [2264, 3362], [2264, 3363], [2262, 3365], [2262, 3366], [2261, 3367], [2261, 3368], [2260, 3369], [2260, 3370], [2259, 3371], [2259, 3372], [2258, 3373], [2258, 3375], [2257, 3376], [2257, 3377], [2256, 3378], [2256, 3379], [2255, 3380], [2255, 3381], [2254, 3382], [2254, 3383], [2252, 3385], [2252, 3386], [2251, 3387], [2251, 3388], [2250, 3389], [2250, 3390], [2249, 3391], [2249, 3392], [2248, 3393], [2248, 3394], [2247, 3395], [2247, 3396], [2246, 3397], [2246, 3398], [2244, 3400], [2244, 3401], [2243, 3402], [2243, 3403], [2242, 3404], [2242, 3405], [2241, 3406], [2241, 3407], [2240, 3408], [2240, 3409], [2239, 3410], [2239, 3411], [2238, 3412], [2238, 3414], [2237, 3415], [2237, 3416], [2236, 3417], [2236, 3418], [2235, 3419], [2235, 3420], [2234, 3421], [2234, 3422], [2233, 3423], [2233, 3424], [2232, 3425], [2232, 3426], [2231, 3427], [2231, 3428], [2230, 3429], [2230, 3430], [2228, 3432], [2228, 3433], [2227, 3434], [2227, 3435], [2225, 3437], [2225, 3438], [2223, 3440], [2223, 3441], [2221, 3443], [2221, 3444], [2219, 3446], [2219, 3447], [2218, 3448], [2218, 3449], [2217, 3450], [2217, 3451], [2216, 3452], [2216, 3453], [2215, 3454], [2215, 3455], [2213, 3457], [2213, 3458], [2212, 3459], [2212, 3460], [2211, 3461], [2211, 3462], [2210, 3463], [2210, 3464], [2209, 3465], [2209, 3466], [2208, 3467], [2208, 3468], [2206, 3470], [2206, 3471], [2205, 3472], [2205, 3473], [2204, 3474], [2204, 3475], [2203, 3476], [2203, 3477], [2202, 3478], [2202, 3479], [2200, 3481], [2200, 3482], [2199, 3483], [2199, 3484], [2198, 3485], [2198, 3486], [2197, 3487], [2197, 3488], [2196, 3489], [2196, 3490], [2195, 3491], [2195, 3492], [2193, 3494], [2193, 3495], [2191, 3497], [2191, 3498], [2186, 3503], [2186, 3504], [2184, 3506], [2184, 3507], [2183, 3508], [2183, 3509], [2182, 3510], [2182, 3512], [2181, 3513], [2181, 3515], [2180, 3516], [2180, 3518], [2179, 3519], [2179, 3521], [2178, 3522], [2178, 3527], [2179, 3528], [2179, 3530], [2181, 3532], [2181, 3533], [2182, 3534], [2182, 3535], [2185, 3538], [2185, 3539], [2200, 3554], [2200, 3555], [2204, 3559], [2204, 3560], [2218, 3574], [2219, 3574], [2222, 3577], [2223, 3577], [2225, 3579], [2226, 3579], [2228, 3581], [2229, 3581], [2231, 3583], [2232, 3583], [2233, 3584], [2234, 3584], [2236, 3586], [2237, 3586], [2240, 3589], [2241, 3589], [2245, 3593], [2246, 3593], [2248, 3595], [2249, 3595], [2252, 3598], [2253, 3598], [2254, 3599], [2256, 3599], [2257, 3600], [2274, 3600], [2275, 3601], [2279, 3601], [2280, 3602], [2284, 3602], [2285, 3603], [2290, 3603], [2291, 3604], [2294, 3604], [2295, 3603], [2299, 3603], [2300, 3602], [2302, 3602], [2303, 3601], [2305, 3601], [2307, 3599], [2308, 3599], [2312, 3595], [2312, 3594], [2313, 3593], [2313, 3592], [2314, 3591], [2314, 3590], [2315, 3589], [2315, 3588], [2316, 3587], [2316, 3586], [2317, 3585], [2317, 3584], [2318, 3583], [2318, 3582], [2319, 3581], [2319, 3580], [2321, 3578], [2321, 3577], [2322, 3576], [2322, 3575], [2324, 3573], [2324, 3572], [2325, 3571], [2325, 3570], [2327, 3568], [2327, 3567], [2328, 3566], [2328, 3565], [2329, 3564], [2329, 3563], [2330, 3562], [2330, 3561], [2331, 3560], [2331, 3559], [2332, 3558], [2332, 3557], [2334, 3555], [2334, 3554], [2335, 3553], [2335, 3552], [2337, 3550], [2337, 3549], [2339, 3547], [2339, 3546], [2341, 3544], [2341, 3543], [2342, 3542], [2342, 3541], [2343, 3540], [2343, 3539], [2344, 3538], [2344, 3537], [2345, 3536], [2345, 3535], [2347, 3533], [2347, 3532], [2348, 3531], [2348, 3530], [2349, 3529], [2349, 3528], [2350, 3527], [2350, 3526], [2351, 3525], [2351, 3524], [2352, 3523], [2352, 3522], [2353, 3521], [2353, 3520], [2354, 3519], [2354, 3518], [2355, 3517], [2355, 3516], [2356, 3515], [2356, 3514], [2358, 3512], [2358, 3511], [2359, 3510], [2359, 3509], [2361, 3507], [2361, 3506], [2362, 3505], [2362, 3504], [2363, 3503], [2363, 3501], [2364, 3500], [2364, 3499], [2365, 3498], [2365, 3497], [2366, 3496], [2366, 3495], [2368, 3493], [2368, 3492], [2370, 3490], [2370, 3489], [2371, 3488], [2371, 3487], [2372, 3486], [2372, 3485], [2374, 3483], [2374, 3482], [2375, 3481], [2375, 3480], [2376, 3479], [2376, 3478], [2377, 3477], [2377, 3476], [2378, 3475], [2378, 3474], [2380, 3472], [2380, 3471], [2381, 3470], [2381, 3469], [2383, 3467], [2383, 3466], [2384, 3465], [2384, 3464], [2385, 3463], [2385, 3462], [2386, 3461], [2386, 3460], [2387, 3459], [2387, 3458], [2389, 3456], [2389, 3455], [2390, 3454], [2390, 3453], [2391, 3452], [2391, 3451], [2392, 3450], [2392, 3449], [2393, 3448], [2393, 3447], [2394, 3446], [2394, 3445], [2396, 3443], [2396, 3442], [2397, 3441], [2397, 3440], [2398, 3439], [2398, 3438], [2399, 3437], [2399, 3436], [2400, 3435], [2400, 3434], [2401, 3433], [2401, 3432], [2402, 3431], [2402, 3430], [2403, 3429], [2403, 3426], [2404, 3425], [2404, 3406], [2403, 3405], [2403, 3401], [2402, 3400], [2402, 3396], [2401, 3395], [2401, 3391], [2400, 3390], [2400, 3381], [2399, 3380], [2399, 3372], [2398, 3371], [2398, 3369], [2397, 3368], [2397, 3367], [2396, 3366], [2396, 3364], [2395, 3363], [2395, 3362], [2394, 3361], [2394, 3359], [2393, 3358], [2393, 3357], [2392, 3356], [2392, 3354], [2391, 3353], [2391, 3352], [2390, 3351], [2390, 3350], [2389, 3349], [2389, 3348], [2384, 3343], [2383, 3343], [2382, 3342], [2381, 3342], [2380, 3341], [2379, 3341], [2378, 3340], [2376, 3340], [2375, 3339], [2373, 3339], [2372, 3338], [2370, 3338], [2369, 3337], [2368, 3337], [2367, 3336], [2365, 3336], [2364, 3335], [2362, 3335], [2361, 3334], [2359, 3334], [2358, 3333], [2356, 3333], [2355, 3332]]]",
Polygon 7,mask,"[[[2136, 1386], [2135, 1387], [2132, 1387], [2131, 1388], [2129, 1388], [2128, 1389], [2127, 1389], [2126, 1390], [2124, 1390], [2123, 1391], [2122, 1391], [2121, 1392], [2120, 1392], [2119, 1393], [2118, 1393], [2116, 1395], [2115, 1395], [2114, 1396], [2113, 1396], [2111, 1398], [2110, 1398], [2108, 1400], [2107, 1400], [2105, 1402], [2104, 1402], [2101, 1405], [2100, 1405], [2086, 1419], [2086, 1420], [2084, 1422], [2083, 1422], [2076, 1429], [2075, 1429], [2066, 1438], [2066, 1439], [2065, 1440], [2065, 1442], [2064, 1443], [2064, 1445], [2063, 1446], [2063, 1448], [2062, 1449], [2062, 1460], [2063, 1461], [2063, 1466], [2064, 1467], [2064, 1476], [2065, 1477], [2065, 1497], [2066, 1498], [2066, 1502], [2067, 1503], [2067, 1508], [2068, 1509], [2068, 1516], [2069, 1517], [2069, 1532], [2070, 1533], [2070, 1544], [2071, 1545], [2071, 1555], [2072, 1556], [2072, 1568], [2073, 1569], [2073, 1578], [2074, 1579], [2074, 1588], [2075, 1589], [2075, 1599], [2076, 1600], [2076, 1612], [2077, 1613], [2077, 1633], [2078, 1634], [2078, 1639], [2079, 1640], [2079, 1644], [2080, 1645], [2080, 1647], [2081, 1648], [2081, 1649], [2083, 1651], [2084, 1651], [2085, 1652], [2086, 1652], [2087, 1653], [2089, 1653], [2090, 1654], [2092, 1654], [2093, 1655], [2095, 1655], [2096, 1656], [2098, 1656], [2099, 1657], [2101, 1657], [2102, 1658], [2103, 1658], [2104, 1659], [2106, 1659], [2107, 1660], [2108, 1660], [2109, 1661], [2111, 1661], [2112, 1662], [2113, 1662], [2114, 1663], [2115, 1663], [2116, 1664], [2119, 1664], [2120, 1665], [2125, 1665], [2126, 1666], [2134, 1666], [2135, 1667], [2147, 1667], [2148, 1668], [2163, 1668], [2164, 1667], [2173, 1667], [2174, 1666], [2194, 1666], [2195, 1665], [2196, 1665], [2197, 1664], [2198, 1664], [2200, 1662], [2201, 1662], [2203, 1660], [2204, 1660], [2205, 1659], [2206, 1659], [2207, 1658], [2208, 1658], [2209, 1657], [2210, 1657], [2211, 1656], [2212, 1656], [2213, 1655], [2215, 1655], [2216, 1654], [2218, 1654], [2219, 1653], [2220, 1653], [2221, 1652], [2222, 1652], [2223, 1651], [2224, 1651], [2227, 1648], [2227, 1647], [2228, 1646], [2228, 1643], [2229, 1642], [2229, 1635], [2230, 1634], [2230, 1627], [2229, 1626], [2229, 1615], [2228, 1614], [2228, 1594], [2227, 1593], [2227, 1581], [2226, 1580], [2226, 1571], [2225, 1570], [2225, 1548], [2224, 1547], [2224, 1528], [2223, 1527], [2223, 1508], [2222, 1507], [2222, 1490], [2221, 1489], [2221, 1477], [2220, 1476], [2220, 1469], [2219, 1468], [2219, 1462], [2218, 1461], [2218, 1457], [2217, 1456], [2217, 1454], [2216, 1453], [2216, 1451], [2215, 1450], [2215, 1448], [2214, 1447], [2214, 1445], [2213, 1444], [2213, 1443], [2212, 1442], [2212, 1440], [2211, 1439], [2211, 1437], [2209, 1435], [2209, 1434], [2206, 1431], [2206, 1430], [2202, 1426], [2202, 1425], [2200, 1423], [2200, 1422], [2195, 1417], [2195, 1416], [2194, 1415], [2193, 1415], [2190, 1412], [2189, 1412], [2179, 1402], [2179, 1401], [2176, 1398], [2176, 1397], [2171, 1392], [2170, 1392], [2168, 1390], [2167, 1390], [2166, 1389], [2165, 1389], [2164, 1388], [2162, 1388], [2161, 1387], [2158, 1387], [2157, 1386]]]",
Polygon 8,mask,"[[[2215, 1656], [2214, 1657], [2213, 1657], [2211, 1659], [2210, 1659], [2208, 1661], [2207, 1661], [2203, 1665], [2202, 1665], [2199, 1668], [2198, 1668], [2196, 1670], [2195, 1670], [2194, 1671], [2193, 1671], [2192, 1672], [2191, 1672], [2190, 1673], [2188, 1673], [2187, 1674], [2186, 1674], [2185, 1675], [2183, 1675], [2182, 1676], [2181, 1676], [2180, 1677], [2179, 1677], [2178, 1678], [2177, 1678], [2176, 1679], [2175, 1679], [2173, 1681], [2172, 1681], [2169, 1684], [2169, 1685], [2160, 1694], [2159, 1694], [2158, 1695], [2157, 1695], [2155, 1697], [2154, 1697], [2152, 1699], [2151, 1699], [2149, 1701], [2148, 1701], [2146, 1703], [2145, 1703], [2142, 1706], [2141, 1706], [2138, 1709], [2137, 1709], [2131, 1715], [2130, 1715], [2126, 1719], [2125, 1719], [2122, 1722], [2121, 1722], [2118, 1725], [2117, 1725], [2115, 1727], [2114, 1727], [2112, 1729], [2111, 1729], [2110, 1730], [2109, 1730], [2108, 1731], [2107, 1731], [2106, 1732], [2105, 1732], [2104, 1733], [2102, 1733], [2101, 1734], [2100, 1734], [2099, 1735], [2098, 1735], [2097, 1736], [2096, 1736], [2094, 1738], [2093, 1738], [2090, 1741], [2089, 1741], [2087, 1743], [2086, 1743], [2082, 1747], [2081, 1747], [2078, 1750], [2077, 1750], [2075, 1752], [2074, 1752], [2070, 1756], [2069, 1756], [2060, 1765], [2060, 1766], [2057, 1769], [2057, 1770], [2055, 1772], [2055, 1773], [2054, 1774], [2054, 1775], [2053, 1776], [2053, 1777], [2052, 1778], [2052, 1779], [2051, 1780], [2051, 1781], [2050, 1782], [2050, 1783], [2049, 1784], [2049, 1786], [2048, 1787], [2048, 1789], [2047, 1790], [2047, 1793], [2046, 1794], [2046, 1797], [2045, 1798], [2045, 1800], [2044, 1801], [2044, 1804], [2043, 1805], [2043, 1807], [2042, 1808], [2042, 1811], [2041, 1812], [2041, 1816], [2040, 1817], [2040, 1820], [2039, 1821], [2039, 1836], [2040, 1837], [2040, 1843], [2041, 1844], [2041, 1846], [2042, 1847], [2042, 1848], [2043, 1849], [2043, 1850], [2044, 1851], [2044, 1852], [2046, 1854], [2046, 1855], [2049, 1858], [2049, 1859], [2051, 1861], [2051, 1862], [2062, 1873], [2063, 1873], [2064, 1874], [2065, 1874], [2067, 1876], [2068, 1876], [2069, 1877], [2070, 1877], [2071, 1878], [2072, 1878], [2073, 1879], [2074, 1879], [2075, 1880], [2076, 1880], [2077, 1881], [2078, 1881], [2079, 1882], [2081, 1882], [2082, 1883], [2085, 1883], [2086, 1884], [2088, 1884], [2089, 1885], [2091, 1885], [2092, 1886], [2095, 1886], [2096, 1887], [2099, 1887], [2100, 1888], [2103, 1888], [2104, 1889], [2107, 1889], [2108, 1890], [2110, 1890], [2111, 1891], [2113, 1891], [2114, 1892], [2115, 1892], [2116, 1893], [2119, 1893], [2120, 1894], [2125, 1894], [2126, 1895], [2132, 1895], [2133, 1896], [2137, 1896], [2138, 1895], [2140, 1895], [2141, 1894], [2142, 1894], [2143, 1893], [2144, 1893], [2145, 1892], [2146, 1892], [2148, 1890], [2149, 1890], [2150, 1889], [2151, 1889], [2153, 1887], [2154, 1887], [2157, 1884], [2158, 1884], [2161, 1881], [2162, 1881], [2166, 1877], [2167, 1877], [2171, 1873], [2172, 1873], [2174, 1871], [2175, 1871], [2178, 1868], [2179, 1868], [2181, 1866], [2182, 1866], [2185, 1863], [2186, 1863], [2190, 1859], [2191, 1859], [2193, 1857], [2194, 1857], [2197, 1854], [2198, 1854], [2202, 1850], [2203, 1850], [2205, 1848], [2206, 1848], [2208, 1846], [2209, 1846], [2211, 1844], [2212, 1844], [2213, 1843], [2214, 1843], [2215, 1842], [2216, 1842], [2217, 1841], [2218, 1841], [2220, 1839], [2221, 1839], [2223, 1837], [2224, 1837], [2227, 1834], [2228, 1834], [2231, 1831], [2232, 1831], [2235, 1828], [2236, 1828], [2240, 1824], [2241, 1824], [2242, 1823], [2243, 1823], [2246, 1820], [2247, 1820], [2248, 1819], [2249, 1819], [2251, 1817], [2252, 1817], [2254, 1815], [2255, 1815], [2258, 1812], [2259, 1812], [2262, 1809], [2263, 1809], [2265, 1807], [2266, 1807], [2268, 1805], [2269, 1805], [2270, 1804], [2271, 1804], [2272, 1803], [2273, 1803], [2276, 1800], [2277, 1800], [2280, 1797], [2281, 1797], [2285, 1793], [2286, 1793], [2289, 1790], [2290, 1790], [2292, 1788], [2293, 1788], [2296, 1785], [2297, 1785], [2301, 1781], [2301, 1780], [2302, 1779], [2302, 1778], [2303, 1777], [2303, 1776], [2304, 1775], [2304, 1773], [2305, 1772], [2305, 1762], [2304, 1761], [2304, 1755], [2303, 1754], [2303, 1749], [2302, 1748], [2302, 1745], [2301, 1744], [2301, 1742], [2300, 1741], [2300, 1740], [2299, 1739], [2299, 1737], [2298, 1736], [2298, 1734], [2297, 1733], [2297, 1731], [2296, 1730], [2296, 1729], [2295, 1728], [2295, 1727], [2294, 1726], [2294, 1725], [2293, 1724], [2293, 1723], [2292, 1722], [2292, 1721], [2291, 1720], [2291, 1719], [2290, 1718], [2290, 1717], [2289, 1716], [2289, 1715], [2288, 1714], [2288, 1713], [2287, 1712], [2287, 1711], [2286, 1710], [2286, 1709], [2285, 1708], [2285, 1707], [2284, 1706], [2284, 1705], [2282, 1703], [2282, 1702], [2280, 1700], [2280, 1699], [2279, 1698], [2279, 1697], [2277, 1695], [2277, 1694], [2275, 1692], [2275, 1691], [2274, 1690], [2274, 1689], [2273, 1688], [2273, 1687], [2272, 1686], [2272, 1685], [2270, 1683], [2270, 1682], [2268, 1680], [2268, 1679], [2260, 1671], [2259, 1671], [2258, 1670], [2257, 1670], [2256, 1669], [2255, 1669], [2254, 1668], [2253, 1668], [2252, 1667], [2250, 1667], [2249, 1666], [2248, 1666], [2247, 1665], [2246, 1665], [2245, 1664], [2244, 1664], [2243, 1663], [2242, 1663], [2239, 1660], [2238, 1660], [2237, 1659], [2236, 1659], [2235, 1658], [2234, 1658], [2233, 1657], [2229, 1657], [2228, 1656]]]",
Polygon 9,mask,"[[[1333, 1402], [1332, 1403], [1330, 1403], [1329, 1404], [1327, 1404], [1326, 1405], [1324, 1405], [1323, 1406], [1322, 1406], [1321, 1407], [1320, 1407], [1319, 1408], [1318, 1408], [1317, 1409], [1316, 1409], [1314, 1411], [1313, 1411], [1311, 1413], [1310, 1413], [1308, 1415], [1307, 1415], [1306, 1416], [1305, 1416], [1303, 1418], [1302, 1418], [1301, 1419], [1299, 1419], [1298, 1420], [1297, 1420], [1296, 1421], [1294, 1421], [1293, 1422], [1292, 1422], [1291, 1423], [1290, 1423], [1289, 1424], [1288, 1424], [1287, 1425], [1286, 1425], [1285, 1426], [1284, 1426], [1283, 1427], [1282, 1427], [1280, 1429], [1279, 1429], [1277, 1431], [1276, 1431], [1275, 1432], [1274, 1432], [1272, 1434], [1271, 1434], [1269, 1436], [1268, 1436], [1266, 1438], [1266, 1439], [1264, 1441], [1264, 1442], [1263, 1443], [1263, 1444], [1262, 1445], [1262, 1447], [1261, 1448], [1261, 1450], [1260, 1451], [1260, 1454], [1259, 1455], [1259, 1465], [1258, 1466], [1258, 1478], [1257, 1479], [1257, 1491], [1256, 1492], [1256, 1499], [1255, 1500], [1255, 1505], [1254, 1506], [1254, 1511], [1253, 1512], [1253, 1517], [1252, 1518], [1252, 1522], [1251, 1523], [1251, 1526], [1250, 1527], [1250, 1531], [1249, 1532], [1249, 1536], [1248, 1537], [1248, 1541], [1247, 1542], [1247, 1547], [1246, 1548], [1246, 1552], [1245, 1553], [1245, 1558], [1244, 1559], [1244, 1562], [1243, 1563], [1243, 1566], [1242, 1567], [1242, 1572], [1241, 1573], [1241, 1579], [1240, 1580], [1240, 1585], [1239, 1586], [1239, 1590], [1238, 1591], [1238, 1595], [1237, 1596], [1237, 1600], [1236, 1601], [1236, 1605], [1235, 1606], [1235, 1610], [1234, 1611], [1234, 1615], [1233, 1616], [1233, 1620], [1232, 1621], [1232, 1624], [1231, 1625], [1231, 1629], [1230, 1630], [1230, 1636], [1231, 1637], [1231, 1642], [1232, 1643], [1232, 1645], [1233, 1646], [1233, 1647], [1238, 1652], [1239, 1652], [1242, 1655], [1243, 1655], [1246, 1658], [1247, 1658], [1251, 1662], [1252, 1662], [1255, 1665], [1256, 1665], [1258, 1667], [1259, 1667], [1260, 1668], [1261, 1668], [1262, 1669], [1263, 1669], [1264, 1670], [1265, 1670], [1266, 1671], [1267, 1671], [1268, 1672], [1270, 1672], [1271, 1673], [1273, 1673], [1274, 1674], [1276, 1674], [1277, 1675], [1279, 1675], [1280, 1676], [1283, 1676], [1284, 1677], [1287, 1677], [1288, 1678], [1291, 1678], [1292, 1679], [1294, 1679], [1295, 1680], [1297, 1680], [1298, 1681], [1300, 1681], [1301, 1682], [1303, 1682], [1304, 1683], [1307, 1683], [1308, 1684], [1310, 1684], [1311, 1685], [1313, 1685], [1314, 1686], [1317, 1686], [1318, 1687], [1332, 1687], [1333, 1688], [1334, 1688], [1335, 1687], [1339, 1687], [1340, 1686], [1341, 1686], [1342, 1685], [1344, 1685], [1345, 1684], [1347, 1684], [1348, 1683], [1350, 1683], [1351, 1682], [1354, 1682], [1355, 1681], [1362, 1681], [1363, 1680], [1370, 1680], [1371, 1679], [1374, 1679], [1375, 1678], [1375, 1677], [1378, 1674], [1378, 1673], [1379, 1672], [1379, 1670], [1380, 1669], [1380, 1659], [1381, 1658], [1381, 1648], [1382, 1647], [1382, 1643], [1383, 1642], [1383, 1638], [1384, 1637], [1384, 1632], [1385, 1631], [1385, 1627], [1386, 1626], [1386, 1622], [1387, 1621], [1387, 1618], [1388, 1617], [1388, 1614], [1389, 1613], [1389, 1610], [1390, 1609], [1390, 1604], [1391, 1603], [1391, 1599], [1392, 1598], [1392, 1593], [1393, 1592], [1393, 1586], [1394, 1585], [1394, 1579], [1395, 1578], [1395, 1572], [1396, 1571], [1396, 1564], [1397, 1563], [1397, 1555], [1398, 1554], [1398, 1552], [1399, 1551], [1399, 1548], [1400, 1547], [1400, 1545], [1401, 1544], [1401, 1541], [1402, 1540], [1402, 1536], [1403, 1535], [1403, 1532], [1404, 1531], [1404, 1529], [1405, 1528], [1405, 1526], [1406, 1525], [1406, 1522], [1407, 1521], [1407, 1519], [1408, 1518], [1408, 1516], [1409, 1515], [1409, 1512], [1410, 1511], [1410, 1506], [1411, 1505], [1411, 1499], [1412, 1498], [1412, 1486], [1411, 1485], [1411, 1475], [1410, 1474], [1410, 1470], [1409, 1469], [1409, 1467], [1408, 1466], [1408, 1463], [1407, 1462], [1407, 1460], [1406, 1459], [1406, 1458], [1405, 1457], [1405, 1455], [1404, 1454], [1404, 1453], [1403, 1452], [1403, 1451], [1402, 1450], [1402, 1449], [1397, 1444], [1397, 1443], [1394, 1440], [1394, 1439], [1392, 1437], [1392, 1435], [1391, 1434], [1391, 1433], [1390, 1432], [1390, 1431], [1389, 1430], [1389, 1428], [1387, 1426], [1387, 1425], [1386, 1424], [1386, 1423], [1377, 1414], [1376, 1414], [1375, 1413], [1374, 1413], [1372, 1411], [1371, 1411], [1370, 1410], [1369, 1410], [1368, 1409], [1367, 1409], [1366, 1408], [1365, 1408], [1364, 1407], [1362, 1407], [1361, 1406], [1359, 1406], [1358, 1405], [1354, 1405], [1353, 1404], [1349, 1404], [1348, 1403], [1344, 1403], [1343, 1402]]]",
Polygon 10,mask,"[[[727, 3933], [726, 3934], [724, 3934], [723, 3935], [720, 3935], [719, 3936], [717, 3936], [716, 3937], [714, 3937], [713, 3938], [711, 3938], [710, 3939], [709, 3939], [707, 3941], [706, 3941], [702, 3945], [701, 3945], [696, 3950], [696, 3951], [694, 3953], [694, 3954], [693, 3955], [693, 3956], [692, 3957], [692, 3958], [691, 3959], [691, 3960], [690, 3961], [690, 3963], [689, 3964], [689, 3965], [688, 3966], [688, 3967], [687, 3968], [687, 3970], [686, 3971], [686, 3972], [685, 3973], [685, 3974], [684, 3975], [684, 3976], [683, 3977], [683, 3979], [682, 3980], [682, 3981], [681, 3982], [681, 3983], [680, 3984], [680, 3986], [679, 3987], [679, 3988], [678, 3989], [678, 3990], [677, 3991], [677, 3993], [676, 3994], [676, 3995], [675, 3996], [675, 3999], [674, 4000], [674, 4001], [673, 4002], [673, 4003], [672, 4004], [672, 4005], [671, 4006], [671, 4008], [670, 4009], [670, 4010], [669, 4011], [669, 4013], [668, 4014], [668, 4016], [667, 4017], [667, 4022], [666, 4023], [666, 4028], [665, 4029], [665, 4031], [666, 4032], [666, 4035], [668, 4037], [668, 4038], [669, 4039], [669, 4040], [671, 4042], [671, 4043], [674, 4046], [674, 4047], [676, 4049], [676, 4050], [679, 4053], [679, 4054], [684, 4059], [684, 4060], [687, 4063], [687, 4064], [690, 4067], [690, 4068], [692, 4070], [692, 4071], [694, 4073], [694, 4074], [695, 4075], [695, 4076], [697, 4078], [697, 4079], [699, 4081], [699, 4082], [701, 4084], [701, 4085], [703, 4087], [703, 4088], [705, 4090], [705, 4091], [708, 4094], [708, 4095], [710, 4097], [710, 4098], [712, 4100], [712, 4101], [714, 4103], [714, 4104], [716, 4106], [716, 4107], [718, 4109], [718, 4110], [719, 4111], [719, 4112], [721, 4114], [721, 4115], [724, 4118], [724, 4119], [726, 4121], [726, 4122], [728, 4124], [728, 4125], [731, 4128], [731, 4129], [732, 4130], [732, 4131], [734, 4133], [734, 4134], [736, 4136], [736, 4137], [738, 4139], [738, 4140], [740, 4142], [740, 4143], [742, 4145], [742, 4146], [744, 4148], [744, 4149], [745, 4150], [745, 4151], [746, 4152], [746, 4153], [748, 4155], [748, 4156], [749, 4157], [749, 4158], [750, 4159], [750, 4160], [752, 4162], [752, 4163], [753, 4164], [753, 4165], [755, 4167], [755, 4168], [756, 4169], [756, 4171], [757, 4172], [757, 4173], [759, 4175], [759, 4176], [760, 4177], [760, 4178], [761, 4179], [761, 4180], [763, 4182], [763, 4183], [765, 4185], [765, 4186], [767, 4188], [767, 4189], [770, 4192], [770, 4193], [776, 4199], [777, 4199], [778, 4200], [779, 4200], [780, 4201], [782, 4201], [783, 4202], [785, 4202], [786, 4203], [793, 4203], [794, 4202], [797, 4202], [798, 4201], [802, 4201], [803, 4200], [807, 4200], [808, 4199], [813, 4199], [814, 4198], [817, 4198], [818, 4197], [822, 4197], [823, 4196], [826, 4196], [827, 4195], [829, 4195], [830, 4194], [832, 4194], [833, 4193], [834, 4193], [835, 4192], [836, 4192], [837, 4191], [838, 4191], [839, 4190], [840, 4190], [841, 4189], [842, 4189], [843, 4188], [844, 4188], [845, 4187], [846, 4187], [847, 4186], [848, 4186], [849, 4185], [850, 4185], [851, 4184], [852, 4184], [854, 4182], [855, 4182], [856, 4181], [857, 4181], [858, 4180], [859, 4180], [861, 4178], [862, 4178], [864, 4176], [865, 4176], [867, 4174], [868, 4174], [869, 4173], [870, 4173], [872, 4171], [873, 4171], [875, 4169], [876, 4169], [877, 4168], [878, 4168], [886, 4160], [886, 4159], [887, 4158], [887, 4157], [888, 4156], [888, 4155], [890, 4153], [890, 4152], [892, 4150], [892, 4149], [894, 4147], [894, 4146], [897, 4143], [897, 4142], [901, 4138], [901, 4137], [905, 4133], [905, 4132], [906, 4131], [906, 4125], [905, 4124], [905, 4122], [904, 4121], [904, 4119], [903, 4118], [903, 4116], [902, 4115], [902, 4114], [901, 4113], [901, 4112], [899, 4110], [899, 4109], [895, 4105], [895, 4104], [893, 4102], [893, 4101], [892, 4100], [892, 4099], [891, 4098], [891, 4097], [889, 4095], [889, 4094], [888, 4093], [888, 4092], [887, 4091], [887, 4090], [886, 4089], [886, 4088], [884, 4086], [884, 4085], [882, 4083], [882, 4082], [880, 4080], [880, 4079], [878, 4077], [878, 4076], [877, 4075], [877, 4074], [876, 4073], [876, 4072], [875, 4071], [875, 4070], [874, 4069], [874, 4068], [873, 4067], [873, 4066], [871, 4064], [871, 4063], [870, 4062], [870, 4061], [868, 4059], [868, 4058], [865, 4055], [865, 4054], [863, 4052], [863, 4051], [861, 4049], [861, 4048], [859, 4046], [859, 4045], [857, 4043], [857, 4042], [855, 4040], [855, 4039], [853, 4037], [853, 4036], [851, 4034], [851, 4033], [849, 4031], [849, 4030], [847, 4028], [847, 4027], [845, 4025], [845, 4024], [844, 4023], [844, 4022], [842, 4020], [842, 4019], [840, 4017], [840, 4016], [838, 4014], [838, 4013], [835, 4010], [835, 4009], [833, 4007], [833, 4006], [830, 4003], [830, 4002], [828, 4000], [828, 3999], [826, 3997], [826, 3996], [825, 3995], [825, 3994], [824, 3993], [824, 3991], [823, 3990], [823, 3989], [822, 3988], [822, 3987], [821, 3986], [821, 3985], [819, 3983], [819, 3982], [818, 3981], [818, 3980], [815, 3977], [815, 3976], [812, 3973], [812, 3972], [810, 3970], [810, 3969], [809, 3968], [809, 3967], [807, 3965], [807, 3964], [805, 3962], [805, 3961], [803, 3959], [803, 3958], [802, 3957], [801, 3957], [799, 3955], [798, 3955], [797, 3954], [796, 3954], [794, 3952], [793, 3952], [792, 3951], [790, 3951], [789, 3950], [788, 3950], [787, 3949], [786, 3949], [785, 3948], [784, 3948], [783, 3947], [781, 3947], [780, 3946], [779, 3946], [778, 3945], [777, 3945], [776, 3944], [774, 3944], [773, 3943], [770, 3943], [769, 3942], [761, 3942], [760, 3941], [752, 3941], [751, 3940], [748, 3940], [747, 3939], [746, 3939], [745, 3938], [744, 3938], [743, 3937], [741, 3937], [740, 3936], [739, 3936], [738, 3935], [737, 3935], [735, 3933]]]",
Polygon 11,mask,"[[[1236, 3572], [1235, 3573], [1226, 3573], [1225, 3574], [1195, 3574], [1194, 3575], [1186, 3575], [1185, 3576], [1157, 3576], [1156, 3577], [1150, 3577], [1149, 3578], [1134, 3578], [1133, 3579], [1107, 3579], [1106, 3580], [1085, 3580], [1084, 3581], [1078, 3581], [1077, 3582], [1074, 3582], [1073, 3583], [1070, 3583], [1069, 3584], [1066, 3584], [1065, 3585], [1064, 3585], [1063, 3586], [1062, 3586], [1061, 3587], [1060, 3587], [1057, 3590], [1056, 3590], [1054, 3592], [1053, 3592], [1051, 3594], [1050, 3594], [1048, 3596], [1047, 3596], [1046, 3597], [1045, 3597], [1043, 3599], [1042, 3599], [1036, 3605], [1035, 3605], [1034, 3606], [1034, 3607], [1021, 3620], [1020, 3620], [1013, 3627], [1013, 3628], [1011, 3630], [1011, 3631], [1009, 3633], [1009, 3634], [1008, 3635], [1008, 3636], [1007, 3637], [1007, 3641], [1006, 3642], [1006, 3664], [1007, 3665], [1007, 3668], [1008, 3669], [1008, 3672], [1009, 3673], [1009, 3674], [1010, 3675], [1010, 3676], [1011, 3677], [1011, 3678], [1012, 3679], [1012, 3680], [1021, 3689], [1021, 3690], [1026, 3695], [1026, 3696], [1029, 3699], [1029, 3700], [1032, 3703], [1032, 3704], [1038, 3710], [1038, 3711], [1042, 3715], [1042, 3716], [1046, 3720], [1046, 3721], [1053, 3728], [1054, 3728], [1057, 3731], [1058, 3731], [1059, 3732], [1060, 3732], [1061, 3733], [1062, 3733], [1063, 3734], [1065, 3734], [1066, 3735], [1077, 3735], [1078, 3736], [1086, 3736], [1087, 3735], [1095, 3735], [1096, 3734], [1107, 3734], [1108, 3733], [1124, 3733], [1125, 3732], [1133, 3732], [1134, 3731], [1142, 3731], [1143, 3730], [1157, 3730], [1158, 3729], [1168, 3729], [1169, 3728], [1178, 3728], [1179, 3727], [1192, 3727], [1193, 3726], [1209, 3726], [1210, 3725], [1233, 3725], [1234, 3724], [1258, 3724], [1259, 3723], [1260, 3723], [1261, 3722], [1262, 3722], [1264, 3720], [1265, 3720], [1266, 3719], [1267, 3719], [1269, 3717], [1270, 3717], [1274, 3713], [1274, 3712], [1276, 3710], [1276, 3709], [1277, 3708], [1277, 3707], [1278, 3706], [1278, 3704], [1279, 3703], [1279, 3701], [1280, 3700], [1280, 3698], [1281, 3697], [1281, 3695], [1282, 3694], [1282, 3692], [1283, 3691], [1283, 3689], [1284, 3688], [1284, 3686], [1285, 3685], [1285, 3684], [1286, 3683], [1286, 3680], [1287, 3679], [1287, 3675], [1288, 3674], [1288, 3669], [1289, 3668], [1289, 3664], [1290, 3663], [1290, 3620], [1289, 3619], [1289, 3615], [1288, 3614], [1288, 3612], [1287, 3611], [1287, 3609], [1286, 3608], [1286, 3607], [1285, 3606], [1285, 3605], [1279, 3599], [1279, 3598], [1278, 3597], [1278, 3596], [1276, 3594], [1276, 3593], [1275, 3592], [1275, 3590], [1274, 3589], [1274, 3586], [1273, 3585], [1273, 3582], [1272, 3581], [1272, 3579], [1270, 3577], [1270, 3576], [1269, 3575], [1268, 3575], [1267, 3574], [1266, 3574], [1265, 3573], [1264, 3573], [1263, 3572]]]",
Polygon 12,mask,"[[[1296, 3709], [1295, 3710], [1285, 3710], [1284, 3711], [1281, 3711], [1267, 3725], [1267, 3726], [1265, 3728], [1265, 3729], [1264, 3730], [1264, 3731], [1263, 3732], [1263, 3733], [1262, 3734], [1262, 3735], [1261, 3736], [1261, 3738], [1260, 3739], [1260, 3742], [1259, 3743], [1259, 3744], [1258, 3745], [1258, 3747], [1257, 3748], [1257, 3751], [1256, 3752], [1256, 3755], [1255, 3756], [1255, 3760], [1254, 3761], [1254, 3764], [1253, 3765], [1253, 3768], [1252, 3769], [1252, 3771], [1251, 3772], [1251, 3774], [1250, 3775], [1250, 3778], [1249, 3779], [1249, 3781], [1248, 3782], [1248, 3785], [1247, 3786], [1247, 3788], [1246, 3789], [1246, 3791], [1245, 3792], [1245, 3794], [1244, 3795], [1244, 3797], [1243, 3798], [1243, 3803], [1242, 3804], [1242, 3818], [1243, 3819], [1243, 3820], [1252, 3829], [1252, 3830], [1262, 3840], [1262, 3841], [1280, 3859], [1280, 3860], [1284, 3864], [1284, 3865], [1304, 3885], [1304, 3886], [1309, 3891], [1309, 3892], [1313, 3896], [1313, 3897], [1317, 3901], [1317, 3902], [1320, 3905], [1320, 3906], [1324, 3910], [1324, 3911], [1329, 3916], [1329, 3917], [1336, 3924], [1336, 3925], [1339, 3928], [1339, 3929], [1342, 3932], [1342, 3933], [1345, 3936], [1345, 3937], [1351, 3943], [1351, 3944], [1354, 3947], [1354, 3948], [1357, 3951], [1357, 3952], [1359, 3954], [1359, 3955], [1374, 3970], [1375, 3970], [1376, 3971], [1385, 3971], [1386, 3970], [1393, 3970], [1394, 3969], [1397, 3969], [1398, 3968], [1400, 3968], [1401, 3967], [1403, 3967], [1404, 3966], [1406, 3966], [1407, 3965], [1409, 3965], [1410, 3964], [1412, 3964], [1413, 3963], [1415, 3963], [1416, 3962], [1418, 3962], [1419, 3961], [1420, 3961], [1421, 3960], [1423, 3960], [1424, 3959], [1425, 3959], [1426, 3958], [1428, 3958], [1429, 3957], [1430, 3957], [1431, 3956], [1432, 3956], [1433, 3955], [1435, 3955], [1436, 3954], [1437, 3954], [1438, 3953], [1440, 3953], [1441, 3952], [1442, 3952], [1444, 3950], [1445, 3950], [1462, 3933], [1463, 3933], [1467, 3929], [1467, 3928], [1470, 3925], [1470, 3924], [1472, 3922], [1472, 3921], [1474, 3919], [1474, 3918], [1478, 3914], [1479, 3914], [1485, 3908], [1485, 3907], [1487, 3905], [1487, 3904], [1488, 3903], [1488, 3902], [1489, 3901], [1489, 3899], [1490, 3898], [1490, 3896], [1491, 3895], [1491, 3894], [1492, 3893], [1492, 3890], [1493, 3889], [1493, 3885], [1494, 3884], [1494, 3878], [1493, 3877], [1493, 3876], [1492, 3875], [1492, 3874], [1483, 3865], [1483, 3864], [1477, 3858], [1477, 3857], [1474, 3854], [1474, 3853], [1472, 3851], [1472, 3850], [1469, 3847], [1469, 3846], [1466, 3843], [1466, 3842], [1461, 3837], [1461, 3836], [1455, 3830], [1455, 3829], [1429, 3803], [1429, 3802], [1424, 3797], [1424, 3796], [1419, 3791], [1419, 3790], [1415, 3786], [1415, 3785], [1412, 3782], [1412, 3781], [1404, 3773], [1404, 3772], [1400, 3768], [1400, 3767], [1397, 3764], [1397, 3763], [1395, 3761], [1395, 3760], [1394, 3759], [1394, 3758], [1392, 3756], [1392, 3755], [1388, 3751], [1388, 3750], [1372, 3734], [1371, 3734], [1367, 3730], [1366, 3730], [1363, 3727], [1362, 3727], [1360, 3725], [1359, 3725], [1357, 3723], [1356, 3723], [1355, 3722], [1354, 3722], [1353, 3721], [1352, 3721], [1351, 3720], [1349, 3720], [1348, 3719], [1347, 3719], [1346, 3718], [1345, 3718], [1344, 3717], [1343, 3717], [1342, 3716], [1340, 3716], [1339, 3715], [1337, 3715], [1336, 3714], [1331, 3714], [1330, 3713], [1327, 3713], [1326, 3712], [1323, 3712], [1322, 3711], [1319, 3711], [1318, 3710], [1307, 3710], [1306, 3709]]]",
Polygon 13,mask,"[[[885, 3543], [884, 3544], [882, 3544], [881, 3545], [879, 3545], [878, 3546], [875, 3546], [874, 3547], [871, 3547], [870, 3548], [866, 3548], [865, 3549], [862, 3549], [861, 3550], [859, 3550], [858, 3551], [857, 3551], [856, 3552], [854, 3552], [852, 3554], [851, 3554], [837, 3568], [836, 3568], [828, 3576], [827, 3576], [826, 3577], [826, 3578], [814, 3590], [813, 3590], [811, 3592], [811, 3593], [807, 3597], [807, 3598], [805, 3600], [805, 3601], [804, 3602], [804, 3603], [803, 3604], [803, 3607], [802, 3608], [802, 3615], [801, 3616], [801, 3625], [802, 3626], [802, 3630], [803, 3631], [803, 3637], [804, 3638], [804, 3644], [805, 3645], [805, 3652], [806, 3653], [806, 3659], [807, 3660], [807, 3665], [808, 3666], [808, 3671], [809, 3672], [809, 3676], [810, 3677], [810, 3682], [811, 3683], [811, 3690], [812, 3691], [812, 3699], [813, 3700], [813, 3706], [814, 3707], [814, 3714], [815, 3715], [815, 3723], [816, 3724], [816, 3738], [817, 3739], [817, 3752], [818, 3753], [818, 3762], [819, 3763], [819, 3771], [820, 3772], [820, 3779], [821, 3780], [821, 3788], [822, 3789], [822, 3796], [823, 3797], [823, 3800], [824, 3801], [824, 3803], [825, 3804], [825, 3805], [826, 3806], [826, 3807], [830, 3811], [831, 3811], [833, 3813], [835, 3813], [836, 3814], [837, 3814], [838, 3815], [840, 3815], [841, 3816], [844, 3816], [845, 3817], [848, 3817], [849, 3818], [851, 3818], [852, 3819], [855, 3819], [856, 3820], [858, 3820], [859, 3821], [861, 3821], [862, 3822], [863, 3822], [864, 3823], [865, 3823], [866, 3824], [867, 3824], [868, 3825], [870, 3825], [871, 3826], [888, 3826], [889, 3825], [899, 3825], [900, 3824], [929, 3824], [930, 3823], [935, 3823], [936, 3822], [939, 3822], [940, 3821], [941, 3821], [942, 3820], [943, 3820], [944, 3819], [945, 3819], [947, 3817], [948, 3817], [951, 3814], [952, 3814], [953, 3813], [954, 3813], [955, 3812], [956, 3812], [957, 3811], [958, 3811], [959, 3810], [960, 3810], [962, 3808], [963, 3808], [964, 3807], [965, 3807], [966, 3806], [967, 3806], [973, 3800], [973, 3798], [974, 3797], [974, 3774], [973, 3773], [973, 3763], [972, 3762], [972, 3751], [971, 3750], [971, 3741], [970, 3740], [970, 3732], [969, 3731], [969, 3723], [968, 3722], [968, 3711], [967, 3710], [967, 3702], [966, 3701], [966, 3695], [965, 3694], [965, 3688], [964, 3687], [964, 3681], [963, 3680], [963, 3675], [962, 3674], [962, 3669], [961, 3668], [961, 3661], [960, 3660], [960, 3648], [959, 3647], [959, 3635], [958, 3634], [958, 3624], [957, 3623], [957, 3616], [956, 3615], [956, 3609], [955, 3608], [955, 3604], [954, 3603], [954, 3601], [952, 3599], [952, 3598], [951, 3597], [951, 3596], [949, 3594], [949, 3593], [946, 3590], [946, 3589], [943, 3586], [943, 3585], [940, 3582], [940, 3581], [936, 3577], [936, 3576], [931, 3571], [931, 3570], [927, 3566], [926, 3566], [921, 3561], [920, 3561], [915, 3556], [914, 3556], [908, 3550], [907, 3550], [905, 3548], [903, 3548], [902, 3547], [900, 3547], [899, 3546], [898, 3546], [897, 3545], [895, 3545], [894, 3544], [892, 3544], [891, 3543]]]",
Polygon 14,mask,"[[[1970, 805], [1969, 806], [1963, 806], [1962, 807], [1960, 807], [1959, 808], [1957, 808], [1956, 809], [1955, 809], [1954, 810], [1952, 810], [1951, 811], [1950, 811], [1949, 812], [1948, 812], [1947, 813], [1945, 813], [1944, 814], [1942, 814], [1941, 815], [1938, 815], [1937, 816], [1935, 816], [1934, 817], [1932, 817], [1931, 818], [1930, 818], [1929, 819], [1928, 819], [1927, 820], [1926, 820], [1919, 827], [1918, 827], [1911, 834], [1911, 835], [1907, 839], [1907, 840], [1905, 842], [1905, 843], [1904, 844], [1904, 845], [1903, 846], [1903, 847], [1900, 850], [1900, 851], [1894, 857], [1894, 858], [1890, 862], [1890, 863], [1887, 866], [1887, 867], [1886, 868], [1886, 870], [1885, 871], [1885, 873], [1884, 874], [1884, 876], [1883, 877], [1883, 879], [1882, 880], [1882, 881], [1881, 882], [1881, 884], [1880, 885], [1880, 887], [1879, 888], [1879, 889], [1878, 890], [1878, 893], [1877, 894], [1877, 897], [1876, 898], [1876, 900], [1875, 901], [1875, 904], [1874, 905], [1874, 910], [1875, 911], [1875, 912], [1877, 914], [1877, 915], [1880, 918], [1881, 918], [1897, 934], [1897, 935], [1909, 947], [1910, 947], [1914, 951], [1915, 951], [1921, 957], [1922, 957], [1925, 960], [1926, 960], [1933, 967], [1934, 967], [1939, 972], [1940, 972], [1944, 976], [1945, 976], [1965, 996], [1966, 996], [1970, 1000], [1971, 1000], [1974, 1003], [1975, 1003], [1978, 1006], [1979, 1006], [1984, 1011], [1984, 1012], [1989, 1017], [1990, 1017], [1994, 1021], [1995, 1021], [1998, 1024], [1999, 1024], [2011, 1036], [2012, 1036], [2018, 1042], [2020, 1042], [2021, 1043], [2023, 1043], [2024, 1044], [2028, 1044], [2029, 1045], [2033, 1045], [2034, 1046], [2040, 1046], [2041, 1047], [2053, 1047], [2054, 1048], [2059, 1048], [2060, 1049], [2073, 1049], [2074, 1050], [2079, 1050], [2080, 1049], [2091, 1049], [2092, 1048], [2097, 1048], [2098, 1047], [2099, 1047], [2101, 1045], [2102, 1045], [2103, 1044], [2103, 1043], [2119, 1027], [2119, 1026], [2121, 1024], [2121, 1023], [2123, 1021], [2123, 1019], [2124, 1018], [2124, 1017], [2125, 1016], [2125, 1014], [2126, 1013], [2126, 1010], [2127, 1009], [2127, 1004], [2128, 1003], [2128, 993], [2129, 992], [2129, 983], [2130, 982], [2130, 973], [2131, 972], [2131, 954], [2132, 953], [2132, 945], [2131, 944], [2131, 938], [2130, 937], [2130, 934], [2129, 933], [2129, 932], [2128, 931], [2128, 930], [2127, 929], [2126, 929], [2123, 926], [2122, 926], [2115, 919], [2114, 919], [2109, 914], [2108, 914], [2106, 912], [2105, 912], [2103, 910], [2102, 910], [2098, 906], [2097, 906], [2096, 905], [2096, 904], [2090, 898], [2089, 898], [2086, 895], [2085, 895], [2083, 893], [2082, 893], [2081, 892], [2080, 892], [2078, 890], [2077, 890], [2069, 882], [2068, 882], [2062, 876], [2061, 876], [2058, 873], [2057, 873], [2055, 871], [2054, 871], [2047, 864], [2046, 864], [2039, 857], [2038, 857], [2033, 852], [2032, 852], [2029, 849], [2028, 849], [2024, 845], [2023, 845], [2016, 838], [2015, 838], [2009, 832], [2009, 831], [2005, 827], [2005, 826], [1996, 817], [1995, 817], [1989, 811], [1988, 811], [1983, 806], [1981, 806], [1980, 805]]]",
Polygon 15,mask,"[[[1527, 2643], [1526, 2644], [1522, 2644], [1521, 2645], [1519, 2645], [1518, 2646], [1516, 2646], [1515, 2647], [1514, 2647], [1513, 2648], [1512, 2648], [1510, 2650], [1509, 2650], [1496, 2663], [1496, 2664], [1494, 2666], [1494, 2667], [1493, 2668], [1493, 2670], [1492, 2671], [1492, 2672], [1491, 2673], [1491, 2676], [1490, 2677], [1490, 2679], [1489, 2680], [1489, 2683], [1488, 2684], [1488, 2688], [1487, 2689], [1487, 2692], [1486, 2693], [1486, 2696], [1485, 2697], [1485, 2701], [1484, 2702], [1484, 2705], [1483, 2706], [1483, 2709], [1482, 2710], [1482, 2713], [1481, 2714], [1481, 2717], [1480, 2718], [1480, 2721], [1479, 2722], [1479, 2726], [1478, 2727], [1478, 2731], [1477, 2732], [1477, 2736], [1476, 2737], [1476, 2747], [1477, 2748], [1477, 2750], [1478, 2751], [1478, 2752], [1479, 2753], [1479, 2754], [1481, 2756], [1481, 2757], [1483, 2759], [1483, 2760], [1484, 2761], [1485, 2761], [1491, 2767], [1492, 2767], [1495, 2770], [1495, 2771], [1501, 2777], [1501, 2778], [1505, 2782], [1505, 2783], [1518, 2796], [1519, 2796], [1535, 2812], [1535, 2813], [1545, 2823], [1545, 2824], [1553, 2832], [1553, 2833], [1572, 2852], [1572, 2853], [1578, 2859], [1578, 2860], [1583, 2865], [1583, 2866], [1589, 2872], [1589, 2873], [1594, 2878], [1594, 2879], [1597, 2882], [1597, 2883], [1600, 2886], [1600, 2887], [1605, 2892], [1605, 2893], [1608, 2896], [1609, 2896], [1610, 2897], [1611, 2897], [1612, 2898], [1616, 2898], [1617, 2899], [1633, 2899], [1634, 2898], [1636, 2898], [1637, 2897], [1640, 2897], [1641, 2896], [1645, 2896], [1646, 2895], [1648, 2895], [1649, 2894], [1651, 2894], [1652, 2893], [1653, 2893], [1654, 2892], [1655, 2892], [1656, 2891], [1657, 2891], [1658, 2890], [1659, 2890], [1661, 2888], [1662, 2888], [1663, 2887], [1664, 2887], [1666, 2885], [1667, 2885], [1669, 2883], [1670, 2883], [1672, 2881], [1673, 2881], [1675, 2879], [1676, 2879], [1678, 2877], [1679, 2877], [1682, 2874], [1683, 2874], [1685, 2872], [1686, 2872], [1689, 2869], [1690, 2869], [1695, 2864], [1696, 2864], [1705, 2855], [1706, 2855], [1709, 2852], [1710, 2852], [1714, 2848], [1715, 2848], [1717, 2846], [1717, 2845], [1719, 2843], [1719, 2842], [1720, 2841], [1720, 2839], [1721, 2838], [1721, 2834], [1722, 2833], [1722, 2828], [1723, 2827], [1723, 2800], [1722, 2799], [1722, 2796], [1721, 2795], [1721, 2793], [1720, 2792], [1720, 2790], [1719, 2789], [1719, 2788], [1718, 2787], [1718, 2786], [1717, 2785], [1717, 2784], [1715, 2782], [1715, 2781], [1714, 2781], [1712, 2779], [1711, 2779], [1709, 2777], [1708, 2777], [1699, 2768], [1699, 2767], [1695, 2763], [1695, 2762], [1690, 2757], [1690, 2756], [1681, 2747], [1681, 2746], [1680, 2746], [1678, 2744], [1678, 2743], [1667, 2732], [1667, 2731], [1662, 2726], [1661, 2726], [1653, 2718], [1653, 2717], [1648, 2712], [1648, 2711], [1632, 2695], [1632, 2694], [1628, 2690], [1628, 2689], [1625, 2686], [1625, 2685], [1617, 2677], [1617, 2676], [1610, 2669], [1610, 2668], [1607, 2665], [1607, 2664], [1601, 2658], [1600, 2658], [1598, 2656], [1597, 2656], [1596, 2655], [1595, 2655], [1594, 2654], [1593, 2654], [1592, 2653], [1590, 2653], [1589, 2652], [1586, 2652], [1585, 2651], [1581, 2651], [1580, 2650], [1577, 2650], [1576, 2649], [1573, 2649], [1572, 2648], [1568, 2648], [1567, 2647], [1563, 2647], [1562, 2646], [1558, 2646], [1557, 2645], [1553, 2645], [1552, 2644], [1542, 2644], [1541, 2643]]]",
Polygon 16,mask,"[[[751, 1201], [750, 1202], [741, 1202], [740, 1203], [734, 1203], [733, 1204], [729, 1204], [728, 1205], [727, 1205], [726, 1206], [725, 1206], [724, 1207], [723, 1207], [722, 1208], [721, 1208], [719, 1210], [718, 1210], [712, 1216], [712, 1217], [710, 1219], [710, 1220], [708, 1222], [708, 1223], [705, 1226], [705, 1227], [702, 1230], [702, 1231], [699, 1234], [699, 1235], [697, 1237], [697, 1238], [695, 1240], [695, 1241], [693, 1243], [693, 1244], [691, 1246], [691, 1247], [689, 1249], [689, 1250], [688, 1251], [688, 1252], [686, 1254], [686, 1255], [685, 1256], [685, 1257], [684, 1258], [684, 1259], [682, 1261], [682, 1262], [681, 1263], [681, 1264], [680, 1265], [680, 1266], [678, 1268], [678, 1269], [676, 1271], [676, 1272], [675, 1273], [675, 1274], [674, 1275], [674, 1276], [673, 1277], [673, 1278], [671, 1280], [671, 1281], [669, 1283], [669, 1284], [666, 1287], [666, 1288], [663, 1291], [663, 1292], [660, 1295], [660, 1296], [658, 1298], [658, 1299], [656, 1301], [656, 1302], [655, 1303], [655, 1304], [653, 1306], [653, 1307], [651, 1309], [651, 1310], [649, 1312], [649, 1313], [646, 1316], [646, 1317], [644, 1319], [644, 1320], [642, 1322], [642, 1323], [641, 1324], [641, 1325], [638, 1328], [638, 1329], [635, 1332], [635, 1333], [630, 1338], [630, 1339], [626, 1343], [626, 1344], [623, 1347], [623, 1348], [620, 1351], [620, 1352], [617, 1355], [617, 1356], [612, 1361], [612, 1362], [609, 1365], [609, 1366], [608, 1367], [608, 1368], [606, 1370], [606, 1371], [605, 1372], [605, 1373], [604, 1374], [604, 1380], [605, 1381], [605, 1383], [606, 1384], [606, 1385], [607, 1386], [607, 1388], [609, 1390], [609, 1391], [610, 1392], [610, 1393], [612, 1395], [612, 1396], [614, 1398], [614, 1399], [615, 1400], [615, 1401], [616, 1402], [616, 1403], [617, 1404], [617, 1405], [618, 1406], [618, 1407], [620, 1409], [620, 1410], [621, 1411], [621, 1412], [634, 1425], [635, 1425], [638, 1428], [639, 1428], [642, 1431], [643, 1431], [646, 1434], [646, 1435], [649, 1438], [649, 1439], [653, 1443], [654, 1443], [656, 1445], [657, 1445], [658, 1446], [659, 1446], [660, 1447], [661, 1447], [662, 1448], [663, 1448], [664, 1449], [665, 1449], [666, 1450], [668, 1450], [669, 1451], [671, 1451], [672, 1452], [675, 1452], [676, 1453], [678, 1453], [679, 1454], [682, 1454], [683, 1455], [685, 1455], [686, 1456], [687, 1456], [688, 1457], [689, 1457], [690, 1458], [691, 1458], [694, 1461], [695, 1461], [697, 1463], [698, 1463], [699, 1464], [700, 1464], [701, 1465], [703, 1465], [704, 1466], [707, 1466], [708, 1467], [715, 1467], [716, 1466], [719, 1466], [720, 1465], [721, 1465], [722, 1464], [724, 1464], [726, 1462], [727, 1462], [730, 1459], [730, 1458], [731, 1457], [731, 1456], [734, 1453], [734, 1452], [736, 1450], [736, 1449], [740, 1445], [740, 1444], [749, 1435], [749, 1434], [751, 1432], [751, 1431], [753, 1429], [753, 1428], [755, 1426], [755, 1425], [758, 1422], [758, 1421], [762, 1417], [762, 1416], [766, 1412], [766, 1411], [768, 1409], [768, 1408], [770, 1406], [770, 1405], [773, 1402], [773, 1401], [775, 1399], [775, 1398], [776, 1397], [776, 1396], [778, 1394], [778, 1393], [779, 1392], [779, 1391], [781, 1389], [781, 1388], [783, 1386], [783, 1385], [785, 1383], [785, 1382], [789, 1378], [789, 1377], [792, 1374], [792, 1373], [794, 1371], [794, 1370], [796, 1368], [796, 1367], [798, 1365], [798, 1364], [800, 1362], [800, 1361], [802, 1359], [802, 1358], [804, 1356], [804, 1355], [806, 1353], [806, 1352], [807, 1351], [807, 1350], [809, 1348], [809, 1347], [812, 1344], [812, 1343], [816, 1339], [816, 1338], [821, 1333], [821, 1332], [825, 1328], [825, 1327], [827, 1325], [827, 1324], [828, 1323], [828, 1322], [829, 1321], [829, 1320], [830, 1319], [830, 1318], [831, 1317], [831, 1316], [832, 1315], [832, 1313], [833, 1312], [833, 1310], [834, 1309], [834, 1308], [835, 1307], [835, 1305], [836, 1304], [836, 1302], [837, 1301], [837, 1299], [838, 1298], [838, 1294], [839, 1293], [839, 1286], [840, 1285], [840, 1268], [839, 1267], [839, 1257], [838, 1256], [838, 1250], [837, 1249], [837, 1242], [836, 1241], [836, 1237], [835, 1236], [835, 1234], [834, 1233], [834, 1231], [833, 1230], [833, 1229], [832, 1228], [832, 1226], [830, 1224], [830, 1223], [828, 1221], [828, 1220], [825, 1217], [824, 1217], [821, 1214], [820, 1214], [818, 1212], [817, 1212], [815, 1210], [814, 1210], [813, 1209], [812, 1209], [811, 1208], [809, 1208], [808, 1207], [806, 1207], [805, 1206], [802, 1206], [801, 1205], [799, 1205], [798, 1204], [795, 1204], [794, 1203], [793, 1203], [792, 1202], [759, 1202], [758, 1201]]]",
Polygon 17,mask,"[[[752, 3288], [751, 3289], [747, 3289], [746, 3290], [744, 3290], [743, 3291], [741, 3291], [740, 3292], [738, 3292], [737, 3293], [735, 3293], [733, 3295], [732, 3295], [731, 3296], [730, 3296], [728, 3298], [727, 3298], [723, 3302], [722, 3302], [714, 3310], [714, 3311], [712, 3313], [712, 3314], [711, 3315], [711, 3316], [710, 3317], [710, 3318], [709, 3319], [709, 3320], [708, 3321], [708, 3322], [707, 3323], [707, 3324], [706, 3325], [706, 3326], [704, 3328], [704, 3330], [703, 3331], [703, 3332], [702, 3333], [702, 3334], [701, 3335], [701, 3337], [700, 3338], [700, 3339], [699, 3340], [699, 3341], [697, 3343], [697, 3344], [696, 3345], [696, 3346], [695, 3347], [695, 3348], [694, 3349], [694, 3350], [693, 3351], [693, 3352], [692, 3353], [692, 3354], [691, 3355], [691, 3356], [690, 3357], [690, 3359], [689, 3360], [689, 3361], [688, 3362], [688, 3363], [686, 3365], [686, 3366], [685, 3367], [685, 3369], [684, 3370], [684, 3380], [685, 3381], [685, 3387], [686, 3388], [686, 3389], [687, 3390], [687, 3391], [689, 3393], [689, 3394], [690, 3395], [690, 3396], [692, 3398], [692, 3399], [693, 3400], [693, 3401], [694, 3402], [694, 3403], [695, 3404], [695, 3405], [696, 3406], [696, 3407], [697, 3408], [697, 3409], [699, 3411], [699, 3412], [700, 3413], [700, 3414], [701, 3415], [701, 3416], [703, 3418], [703, 3419], [704, 3420], [704, 3421], [705, 3422], [705, 3423], [706, 3424], [706, 3425], [707, 3426], [707, 3427], [708, 3428], [708, 3429], [709, 3430], [709, 3431], [710, 3432], [710, 3433], [711, 3434], [711, 3435], [713, 3437], [713, 3438], [715, 3440], [715, 3441], [716, 3442], [716, 3443], [717, 3444], [717, 3445], [719, 3447], [719, 3448], [720, 3449], [720, 3450], [721, 3451], [721, 3452], [722, 3453], [722, 3454], [723, 3455], [723, 3456], [724, 3457], [724, 3458], [726, 3460], [726, 3461], [727, 3462], [727, 3463], [728, 3464], [728, 3465], [729, 3466], [729, 3467], [730, 3468], [730, 3469], [731, 3470], [731, 3471], [732, 3472], [732, 3473], [733, 3474], [733, 3475], [734, 3476], [734, 3477], [735, 3478], [735, 3479], [736, 3480], [736, 3481], [738, 3483], [738, 3484], [739, 3485], [739, 3486], [741, 3488], [741, 3489], [743, 3491], [743, 3492], [745, 3494], [745, 3495], [746, 3496], [746, 3497], [747, 3498], [747, 3499], [748, 3500], [748, 3501], [749, 3502], [749, 3503], [750, 3504], [750, 3505], [751, 3506], [751, 3507], [752, 3508], [752, 3509], [753, 3510], [753, 3511], [754, 3512], [754, 3513], [755, 3514], [755, 3515], [756, 3516], [756, 3517], [757, 3518], [757, 3519], [758, 3520], [758, 3522], [759, 3523], [759, 3524], [760, 3525], [760, 3526], [761, 3527], [761, 3528], [763, 3530], [763, 3531], [764, 3532], [764, 3533], [766, 3535], [766, 3536], [767, 3537], [767, 3538], [768, 3539], [768, 3540], [769, 3541], [769, 3542], [770, 3543], [770, 3544], [771, 3545], [771, 3546], [772, 3547], [772, 3549], [773, 3550], [773, 3552], [774, 3553], [774, 3554], [778, 3558], [779, 3558], [780, 3559], [781, 3559], [782, 3560], [783, 3560], [784, 3561], [786, 3561], [787, 3562], [801, 3562], [802, 3561], [827, 3561], [828, 3560], [832, 3560], [833, 3559], [835, 3559], [836, 3558], [838, 3558], [839, 3557], [841, 3557], [842, 3556], [843, 3556], [844, 3555], [845, 3555], [846, 3554], [847, 3554], [848, 3553], [849, 3553], [850, 3552], [851, 3552], [852, 3551], [853, 3551], [854, 3550], [855, 3550], [856, 3549], [858, 3549], [859, 3548], [860, 3548], [861, 3547], [863, 3547], [864, 3546], [865, 3546], [866, 3545], [868, 3545], [869, 3544], [870, 3544], [871, 3543], [873, 3543], [874, 3542], [876, 3542], [877, 3541], [878, 3541], [880, 3539], [881, 3539], [882, 3538], [883, 3538], [885, 3536], [886, 3536], [890, 3532], [890, 3531], [892, 3529], [892, 3527], [894, 3525], [894, 3524], [895, 3523], [895, 3522], [897, 3520], [897, 3519], [902, 3514], [902, 3513], [909, 3506], [909, 3505], [910, 3504], [910, 3503], [911, 3502], [911, 3497], [912, 3496], [912, 3490], [913, 3489], [913, 3488], [912, 3487], [912, 3485], [911, 3484], [911, 3483], [910, 3482], [910, 3481], [909, 3480], [909, 3479], [907, 3477], [907, 3476], [906, 3475], [906, 3474], [905, 3473], [905, 3471], [904, 3470], [904, 3469], [902, 3467], [902, 3466], [901, 3465], [901, 3464], [900, 3463], [900, 3462], [898, 3460], [898, 3459], [897, 3458], [897, 3457], [895, 3455], [895, 3454], [894, 3453], [894, 3452], [893, 3451], [893, 3450], [891, 3448], [891, 3447], [890, 3446], [890, 3445], [889, 3444], [889, 3443], [888, 3442], [888, 3441], [887, 3440], [887, 3438], [886, 3437], [886, 3435], [885, 3434], [885, 3433], [884, 3432], [884, 3430], [883, 3429], [883, 3428], [882, 3427], [882, 3426], [881, 3425], [881, 3424], [878, 3421], [878, 3420], [877, 3419], [877, 3418], [876, 3417], [876, 3416], [874, 3414], [874, 3413], [873, 3412], [873, 3411], [872, 3410], [872, 3409], [871, 3408], [871, 3407], [870, 3406], [870, 3405], [869, 3404], [869, 3403], [868, 3402], [868, 3401], [867, 3400], [867, 3399], [866, 3398], [866, 3397], [864, 3395], [864, 3394], [863, 3393], [863, 3392], [862, 3391], [862, 3390], [861, 3389], [861, 3388], [859, 3386], [859, 3385], [856, 3382], [856, 3381], [854, 3379], [854, 3378], [853, 3377], [853, 3376], [851, 3374], [851, 3373], [850, 3372], [850, 3371], [849, 3370], [849, 3369], [848, 3368], [848, 3367], [847, 3366], [847, 3364], [846, 3363], [846, 3362], [845, 3361], [845, 3360], [844, 3359], [844, 3358], [843, 3357], [843, 3356], [842, 3355], [842, 3354], [841, 3353], [841, 3352], [840, 3351], [840, 3350], [839, 3349], [839, 3348], [838, 3347], [838, 3345], [837, 3344], [837, 3343], [836, 3342], [836, 3341], [834, 3339], [834, 3338], [827, 3331], [827, 3330], [816, 3319], [815, 3319], [813, 3317], [812, 3317], [810, 3315], [809, 3315], [806, 3312], [805, 3312], [800, 3307], [799, 3307], [797, 3305], [796, 3305], [794, 3303], [793, 3303], [791, 3301], [790, 3301], [789, 3300], [788, 3300], [787, 3299], [786, 3299], [785, 3298], [783, 3298], [782, 3297], [781, 3297], [780, 3296], [779, 3296], [778, 3295], [776, 3295], [775, 3294], [773, 3294], [772, 3293], [770, 3293], [769, 3292], [766, 3292], [765, 3291], [762, 3291], [761, 3290], [759, 3290], [758, 3289], [755, 3289], [754, 3288]]]",
Polygon 18,mask,"[[[2651, 3508], [2650, 3509], [2643, 3509], [2642, 3510], [2640, 3510], [2639, 3511], [2636, 3511], [2635, 3512], [2633, 3512], [2632, 3513], [2629, 3513], [2628, 3514], [2627, 3514], [2626, 3515], [2624, 3515], [2623, 3516], [2622, 3516], [2621, 3517], [2620, 3517], [2619, 3518], [2618, 3518], [2617, 3519], [2616, 3519], [2615, 3520], [2614, 3520], [2613, 3521], [2612, 3521], [2611, 3522], [2610, 3522], [2609, 3523], [2608, 3523], [2606, 3525], [2605, 3525], [2603, 3527], [2602, 3527], [2600, 3529], [2599, 3529], [2596, 3532], [2595, 3532], [2593, 3534], [2592, 3534], [2590, 3536], [2589, 3536], [2586, 3539], [2585, 3539], [2582, 3542], [2581, 3542], [2578, 3545], [2577, 3545], [2575, 3547], [2574, 3547], [2565, 3556], [2565, 3557], [2563, 3559], [2563, 3560], [2562, 3561], [2562, 3562], [2561, 3563], [2561, 3564], [2560, 3565], [2560, 3567], [2559, 3568], [2559, 3569], [2558, 3570], [2558, 3571], [2557, 3572], [2557, 3573], [2556, 3574], [2556, 3575], [2554, 3577], [2554, 3578], [2550, 3582], [2550, 3584], [2549, 3585], [2549, 3592], [2550, 3593], [2550, 3600], [2551, 3601], [2551, 3602], [2552, 3603], [2552, 3604], [2553, 3605], [2553, 3606], [2558, 3611], [2558, 3612], [2561, 3615], [2561, 3616], [2563, 3618], [2563, 3619], [2566, 3622], [2566, 3623], [2570, 3627], [2570, 3628], [2575, 3633], [2575, 3634], [2581, 3640], [2581, 3641], [2586, 3646], [2586, 3647], [2589, 3650], [2589, 3651], [2592, 3654], [2592, 3655], [2595, 3658], [2595, 3659], [2599, 3663], [2599, 3664], [2603, 3668], [2603, 3669], [2605, 3671], [2605, 3672], [2608, 3675], [2608, 3676], [2609, 3677], [2609, 3678], [2613, 3682], [2613, 3683], [2619, 3689], [2619, 3690], [2631, 3702], [2631, 3703], [2634, 3706], [2634, 3707], [2637, 3710], [2637, 3711], [2639, 3713], [2639, 3714], [2642, 3717], [2642, 3718], [2645, 3721], [2645, 3722], [2649, 3726], [2649, 3727], [2655, 3733], [2655, 3734], [2660, 3739], [2660, 3740], [2665, 3745], [2665, 3746], [2668, 3749], [2669, 3749], [2671, 3751], [2672, 3751], [2673, 3752], [2674, 3752], [2675, 3753], [2676, 3753], [2677, 3754], [2679, 3754], [2680, 3755], [2681, 3755], [2682, 3756], [2684, 3756], [2685, 3757], [2687, 3757], [2688, 3758], [2690, 3758], [2691, 3759], [2693, 3759], [2694, 3760], [2695, 3760], [2696, 3761], [2698, 3761], [2699, 3762], [2701, 3762], [2702, 3763], [2704, 3763], [2705, 3764], [2708, 3764], [2709, 3765], [2712, 3765], [2713, 3766], [2717, 3766], [2718, 3767], [2722, 3767], [2723, 3768], [2738, 3768], [2739, 3769], [2741, 3769], [2743, 3767], [2744, 3767], [2747, 3764], [2747, 3763], [2749, 3761], [2750, 3761], [2753, 3758], [2754, 3758], [2757, 3755], [2758, 3755], [2760, 3753], [2761, 3753], [2771, 3743], [2772, 3743], [2777, 3738], [2777, 3737], [2778, 3736], [2778, 3735], [2779, 3734], [2779, 3733], [2780, 3732], [2780, 3731], [2781, 3730], [2781, 3728], [2782, 3727], [2782, 3725], [2783, 3724], [2783, 3721], [2784, 3720], [2784, 3718], [2785, 3717], [2785, 3715], [2786, 3714], [2786, 3711], [2787, 3710], [2787, 3708], [2788, 3707], [2788, 3704], [2789, 3703], [2789, 3701], [2790, 3700], [2790, 3697], [2791, 3696], [2791, 3695], [2792, 3694], [2792, 3692], [2793, 3691], [2793, 3689], [2794, 3688], [2794, 3686], [2795, 3685], [2795, 3683], [2796, 3682], [2796, 3670], [2797, 3669], [2797, 3664], [2796, 3663], [2796, 3662], [2795, 3661], [2795, 3659], [2788, 3652], [2788, 3651], [2775, 3638], [2775, 3637], [2770, 3632], [2770, 3631], [2767, 3628], [2767, 3627], [2766, 3626], [2766, 3625], [2763, 3622], [2763, 3621], [2760, 3618], [2760, 3617], [2755, 3612], [2755, 3611], [2749, 3605], [2749, 3604], [2746, 3601], [2746, 3600], [2743, 3597], [2743, 3596], [2737, 3590], [2737, 3589], [2730, 3582], [2730, 3581], [2724, 3575], [2724, 3574], [2720, 3570], [2720, 3569], [2717, 3566], [2717, 3565], [2716, 3564], [2716, 3563], [2714, 3561], [2714, 3560], [2712, 3558], [2712, 3557], [2709, 3554], [2709, 3553], [2703, 3547], [2703, 3546], [2700, 3543], [2700, 3542], [2699, 3541], [2699, 3540], [2697, 3538], [2697, 3537], [2694, 3534], [2694, 3533], [2689, 3528], [2688, 3528], [2686, 3526], [2686, 3525], [2681, 3520], [2681, 3519], [2675, 3513], [2674, 3513], [2672, 3511], [2671, 3511], [2670, 3510], [2669, 3510], [2668, 3509], [2665, 3509], [2664, 3508]]]",
Polygon 19,mask,"[[[1707, 2438], [1706, 2439], [1704, 2439], [1703, 2440], [1700, 2440], [1699, 2441], [1695, 2441], [1694, 2442], [1690, 2442], [1689, 2443], [1685, 2443], [1684, 2444], [1681, 2444], [1680, 2445], [1677, 2445], [1676, 2446], [1674, 2446], [1673, 2447], [1670, 2447], [1669, 2448], [1667, 2448], [1666, 2449], [1665, 2449], [1664, 2450], [1663, 2450], [1662, 2451], [1661, 2451], [1660, 2452], [1659, 2452], [1656, 2455], [1655, 2455], [1652, 2458], [1652, 2459], [1650, 2461], [1650, 2462], [1644, 2468], [1643, 2468], [1642, 2469], [1641, 2469], [1639, 2471], [1637, 2471], [1636, 2472], [1635, 2472], [1634, 2473], [1632, 2473], [1630, 2475], [1629, 2475], [1628, 2476], [1628, 2477], [1627, 2478], [1627, 2479], [1626, 2480], [1626, 2483], [1625, 2484], [1625, 2491], [1626, 2492], [1626, 2494], [1627, 2495], [1627, 2497], [1628, 2498], [1628, 2500], [1629, 2501], [1629, 2503], [1630, 2504], [1630, 2506], [1631, 2507], [1631, 2511], [1632, 2512], [1632, 2516], [1633, 2517], [1633, 2521], [1634, 2522], [1634, 2526], [1635, 2527], [1635, 2530], [1636, 2531], [1636, 2533], [1637, 2534], [1637, 2537], [1638, 2538], [1638, 2541], [1639, 2542], [1639, 2545], [1640, 2546], [1640, 2549], [1641, 2550], [1641, 2552], [1642, 2553], [1642, 2555], [1643, 2556], [1643, 2558], [1644, 2559], [1644, 2562], [1645, 2563], [1645, 2565], [1646, 2566], [1646, 2569], [1647, 2570], [1647, 2573], [1648, 2574], [1648, 2576], [1649, 2577], [1649, 2579], [1650, 2580], [1650, 2582], [1651, 2583], [1651, 2585], [1652, 2586], [1652, 2587], [1653, 2588], [1653, 2590], [1654, 2591], [1654, 2593], [1655, 2594], [1655, 2596], [1656, 2597], [1656, 2599], [1657, 2600], [1657, 2603], [1658, 2604], [1658, 2607], [1659, 2608], [1659, 2610], [1660, 2611], [1660, 2614], [1661, 2615], [1661, 2618], [1662, 2619], [1662, 2622], [1663, 2623], [1663, 2626], [1664, 2627], [1664, 2631], [1665, 2632], [1665, 2635], [1666, 2636], [1666, 2639], [1667, 2640], [1667, 2642], [1668, 2643], [1668, 2646], [1669, 2647], [1669, 2650], [1670, 2651], [1670, 2654], [1671, 2655], [1671, 2658], [1672, 2659], [1672, 2661], [1673, 2662], [1673, 2664], [1674, 2665], [1674, 2666], [1675, 2667], [1675, 2668], [1677, 2670], [1677, 2671], [1679, 2673], [1679, 2674], [1682, 2677], [1682, 2678], [1695, 2691], [1696, 2691], [1699, 2694], [1700, 2694], [1703, 2697], [1704, 2697], [1706, 2699], [1707, 2699], [1708, 2700], [1709, 2700], [1710, 2701], [1711, 2701], [1713, 2703], [1714, 2703], [1715, 2704], [1716, 2704], [1719, 2707], [1720, 2707], [1722, 2709], [1723, 2709], [1725, 2711], [1726, 2711], [1727, 2712], [1728, 2712], [1729, 2713], [1730, 2713], [1731, 2714], [1740, 2714], [1741, 2715], [1757, 2715], [1758, 2714], [1765, 2714], [1766, 2713], [1768, 2713], [1769, 2712], [1770, 2712], [1772, 2710], [1773, 2710], [1774, 2709], [1775, 2709], [1777, 2707], [1778, 2707], [1779, 2706], [1780, 2706], [1782, 2704], [1783, 2704], [1786, 2701], [1787, 2701], [1801, 2687], [1801, 2686], [1804, 2683], [1804, 2682], [1805, 2681], [1805, 2680], [1806, 2679], [1806, 2678], [1807, 2677], [1807, 2676], [1809, 2674], [1809, 2673], [1812, 2670], [1812, 2669], [1815, 2666], [1816, 2666], [1820, 2662], [1820, 2661], [1822, 2659], [1822, 2658], [1823, 2657], [1823, 2656], [1824, 2655], [1824, 2654], [1825, 2653], [1825, 2652], [1826, 2651], [1826, 2650], [1827, 2649], [1827, 2637], [1826, 2636], [1826, 2629], [1825, 2628], [1825, 2627], [1824, 2626], [1824, 2624], [1823, 2623], [1823, 2622], [1822, 2621], [1822, 2620], [1821, 2619], [1821, 2616], [1820, 2615], [1820, 2613], [1819, 2612], [1819, 2609], [1818, 2608], [1818, 2605], [1817, 2604], [1817, 2602], [1816, 2601], [1816, 2599], [1815, 2598], [1815, 2596], [1814, 2595], [1814, 2593], [1813, 2592], [1813, 2590], [1812, 2589], [1812, 2587], [1811, 2586], [1811, 2584], [1810, 2583], [1810, 2581], [1809, 2580], [1809, 2578], [1808, 2577], [1808, 2575], [1807, 2574], [1807, 2572], [1806, 2571], [1806, 2569], [1805, 2568], [1805, 2566], [1804, 2565], [1804, 2562], [1803, 2561], [1803, 2558], [1802, 2557], [1802, 2555], [1801, 2554], [1801, 2552], [1800, 2551], [1800, 2549], [1799, 2548], [1799, 2546], [1798, 2545], [1798, 2543], [1797, 2542], [1797, 2540], [1796, 2539], [1796, 2538], [1795, 2537], [1795, 2535], [1794, 2534], [1794, 2532], [1793, 2531], [1793, 2529], [1792, 2528], [1792, 2526], [1791, 2525], [1791, 2523], [1790, 2522], [1790, 2519], [1789, 2518], [1789, 2515], [1788, 2514], [1788, 2512], [1787, 2511], [1787, 2509], [1786, 2508], [1786, 2505], [1785, 2504], [1785, 2500], [1784, 2499], [1784, 2496], [1783, 2495], [1783, 2492], [1782, 2491], [1782, 2488], [1781, 2487], [1781, 2483], [1780, 2482], [1780, 2478], [1779, 2477], [1779, 2473], [1778, 2472], [1778, 2469], [1777, 2468], [1777, 2465], [1776, 2464], [1776, 2462], [1775, 2461], [1775, 2459], [1774, 2458], [1774, 2455], [1773, 2454], [1773, 2453], [1772, 2452], [1772, 2451], [1771, 2450], [1771, 2449], [1770, 2448], [1770, 2447], [1769, 2446], [1768, 2446], [1766, 2444], [1764, 2444], [1763, 2443], [1752, 2443], [1751, 2442], [1743, 2442], [1742, 2441], [1738, 2441], [1737, 2440], [1734, 2440], [1733, 2439], [1728, 2439], [1727, 2438]]]",
Polygon 20,mask,"[[[1519, 1147], [1518, 1148], [1512, 1148], [1511, 1149], [1508, 1149], [1507, 1150], [1504, 1150], [1503, 1151], [1501, 1151], [1500, 1152], [1496, 1152], [1495, 1153], [1491, 1153], [1490, 1154], [1485, 1154], [1484, 1155], [1479, 1155], [1478, 1156], [1474, 1156], [1473, 1157], [1470, 1157], [1469, 1158], [1465, 1158], [1464, 1159], [1460, 1159], [1459, 1160], [1456, 1160], [1455, 1161], [1451, 1161], [1450, 1162], [1446, 1162], [1445, 1163], [1440, 1163], [1439, 1164], [1435, 1164], [1434, 1165], [1432, 1165], [1431, 1166], [1428, 1166], [1427, 1167], [1423, 1167], [1422, 1168], [1419, 1168], [1418, 1169], [1414, 1169], [1413, 1170], [1410, 1170], [1409, 1171], [1407, 1171], [1406, 1172], [1403, 1172], [1402, 1173], [1398, 1173], [1397, 1174], [1394, 1174], [1393, 1175], [1389, 1175], [1388, 1176], [1384, 1176], [1383, 1177], [1379, 1177], [1378, 1178], [1371, 1178], [1370, 1179], [1365, 1179], [1364, 1180], [1360, 1180], [1359, 1181], [1353, 1181], [1352, 1182], [1347, 1182], [1346, 1183], [1342, 1183], [1341, 1184], [1338, 1184], [1337, 1185], [1335, 1185], [1334, 1186], [1332, 1186], [1330, 1188], [1329, 1188], [1324, 1193], [1324, 1194], [1323, 1195], [1323, 1196], [1322, 1197], [1322, 1199], [1321, 1200], [1321, 1203], [1320, 1204], [1320, 1207], [1319, 1208], [1319, 1212], [1318, 1213], [1318, 1217], [1317, 1218], [1317, 1225], [1318, 1226], [1318, 1233], [1319, 1234], [1319, 1239], [1320, 1240], [1320, 1273], [1321, 1274], [1321, 1285], [1322, 1286], [1322, 1291], [1323, 1292], [1323, 1296], [1324, 1297], [1324, 1299], [1325, 1300], [1325, 1301], [1327, 1303], [1327, 1304], [1330, 1307], [1330, 1308], [1333, 1311], [1333, 1312], [1337, 1316], [1337, 1317], [1339, 1319], [1339, 1320], [1340, 1321], [1340, 1322], [1341, 1323], [1341, 1324], [1343, 1326], [1343, 1327], [1348, 1332], [1349, 1332], [1351, 1334], [1352, 1334], [1353, 1335], [1358, 1335], [1359, 1336], [1360, 1335], [1364, 1335], [1365, 1334], [1369, 1334], [1370, 1333], [1376, 1333], [1377, 1332], [1389, 1332], [1390, 1331], [1395, 1331], [1396, 1330], [1398, 1330], [1399, 1329], [1400, 1329], [1401, 1328], [1402, 1328], [1403, 1327], [1404, 1327], [1405, 1326], [1407, 1326], [1408, 1325], [1410, 1325], [1411, 1324], [1413, 1324], [1414, 1323], [1417, 1323], [1418, 1322], [1422, 1322], [1423, 1321], [1428, 1321], [1429, 1320], [1434, 1320], [1435, 1319], [1438, 1319], [1439, 1318], [1443, 1318], [1444, 1317], [1449, 1317], [1450, 1316], [1456, 1316], [1457, 1315], [1462, 1315], [1463, 1314], [1468, 1314], [1469, 1313], [1474, 1313], [1475, 1312], [1479, 1312], [1480, 1311], [1484, 1311], [1485, 1310], [1488, 1310], [1489, 1309], [1494, 1309], [1495, 1308], [1500, 1308], [1501, 1307], [1507, 1307], [1508, 1306], [1522, 1306], [1523, 1305], [1532, 1305], [1533, 1304], [1534, 1304], [1535, 1303], [1536, 1303], [1537, 1302], [1538, 1302], [1539, 1301], [1540, 1301], [1541, 1300], [1542, 1300], [1543, 1299], [1544, 1299], [1545, 1298], [1546, 1298], [1547, 1297], [1548, 1297], [1549, 1296], [1550, 1296], [1552, 1294], [1553, 1294], [1555, 1292], [1556, 1292], [1568, 1280], [1568, 1279], [1571, 1276], [1571, 1275], [1573, 1273], [1573, 1272], [1577, 1268], [1577, 1267], [1591, 1253], [1592, 1253], [1592, 1252], [1595, 1249], [1595, 1248], [1596, 1247], [1596, 1245], [1597, 1244], [1597, 1242], [1598, 1241], [1598, 1222], [1597, 1221], [1597, 1217], [1596, 1216], [1596, 1214], [1595, 1213], [1595, 1212], [1594, 1211], [1594, 1209], [1593, 1208], [1593, 1207], [1591, 1205], [1591, 1204], [1589, 1202], [1589, 1201], [1587, 1199], [1587, 1198], [1571, 1182], [1570, 1182], [1568, 1180], [1568, 1179], [1565, 1176], [1564, 1176], [1543, 1155], [1542, 1155], [1536, 1149], [1535, 1149], [1534, 1148], [1533, 1148], [1532, 1147]]]",
Polygon 21,mask,"[[[2188, 2528], [2187, 2529], [2171, 2529], [2170, 2530], [2161, 2530], [2160, 2531], [2151, 2531], [2150, 2532], [2144, 2532], [2143, 2533], [2136, 2533], [2135, 2534], [2129, 2534], [2128, 2535], [2120, 2535], [2119, 2536], [2112, 2536], [2111, 2537], [2104, 2537], [2103, 2538], [2096, 2538], [2095, 2539], [2087, 2539], [2086, 2540], [2079, 2540], [2078, 2541], [2072, 2541], [2071, 2542], [2065, 2542], [2064, 2543], [2058, 2543], [2057, 2544], [2049, 2544], [2048, 2545], [2040, 2545], [2039, 2546], [2028, 2546], [2027, 2547], [2020, 2547], [2019, 2548], [2015, 2548], [2014, 2549], [2009, 2549], [2008, 2550], [2004, 2550], [2003, 2551], [2000, 2551], [1999, 2552], [1998, 2552], [1997, 2553], [1996, 2553], [1995, 2554], [1994, 2554], [1993, 2555], [1992, 2555], [1990, 2557], [1989, 2557], [1984, 2562], [1983, 2562], [1964, 2581], [1964, 2582], [1952, 2594], [1952, 2595], [1948, 2599], [1948, 2600], [1946, 2602], [1946, 2603], [1944, 2605], [1944, 2607], [1943, 2608], [1943, 2617], [1942, 2618], [1942, 2627], [1943, 2628], [1943, 2631], [1944, 2632], [1944, 2634], [1945, 2635], [1945, 2636], [1946, 2637], [1946, 2639], [1947, 2640], [1947, 2642], [1948, 2643], [1948, 2646], [1949, 2647], [1949, 2649], [1950, 2650], [1950, 2652], [1951, 2653], [1951, 2654], [1952, 2655], [1952, 2656], [1957, 2661], [1958, 2661], [1960, 2663], [1961, 2663], [1967, 2669], [1967, 2670], [1968, 2671], [1968, 2672], [1970, 2674], [1970, 2675], [1973, 2678], [1973, 2679], [1991, 2697], [1992, 2697], [1994, 2699], [1995, 2699], [1997, 2701], [1998, 2701], [1999, 2702], [2002, 2702], [2003, 2703], [2021, 2703], [2022, 2702], [2027, 2702], [2028, 2701], [2033, 2701], [2034, 2700], [2040, 2700], [2041, 2699], [2046, 2699], [2047, 2698], [2053, 2698], [2054, 2697], [2059, 2697], [2060, 2696], [2065, 2696], [2066, 2695], [2070, 2695], [2071, 2694], [2076, 2694], [2077, 2693], [2082, 2693], [2083, 2692], [2090, 2692], [2091, 2691], [2098, 2691], [2099, 2690], [2107, 2690], [2108, 2689], [2117, 2689], [2118, 2688], [2126, 2688], [2127, 2687], [2135, 2687], [2136, 2686], [2142, 2686], [2143, 2685], [2149, 2685], [2150, 2684], [2157, 2684], [2158, 2683], [2179, 2683], [2180, 2682], [2189, 2682], [2190, 2681], [2197, 2681], [2198, 2680], [2201, 2680], [2202, 2679], [2204, 2679], [2206, 2677], [2207, 2677], [2211, 2673], [2211, 2672], [2212, 2671], [2212, 2669], [2213, 2668], [2213, 2665], [2214, 2664], [2214, 2661], [2215, 2660], [2215, 2657], [2216, 2656], [2216, 2653], [2217, 2652], [2217, 2650], [2218, 2649], [2218, 2646], [2219, 2645], [2219, 2643], [2220, 2642], [2220, 2638], [2221, 2637], [2221, 2634], [2222, 2633], [2222, 2630], [2223, 2629], [2223, 2597], [2222, 2596], [2222, 2581], [2221, 2580], [2221, 2572], [2220, 2571], [2220, 2568], [2219, 2567], [2219, 2565], [2218, 2564], [2218, 2563], [2215, 2560], [2215, 2559], [2213, 2557], [2213, 2556], [2211, 2554], [2211, 2553], [2210, 2552], [2210, 2551], [2209, 2550], [2209, 2549], [2208, 2548], [2208, 2547], [2207, 2546], [2207, 2545], [2206, 2544], [2206, 2543], [2204, 2541], [2204, 2540], [2203, 2539], [2203, 2538], [2202, 2537], [2202, 2536], [2201, 2535], [2201, 2534], [2200, 2533], [2200, 2532], [2198, 2530], [2197, 2530], [2196, 2529], [2195, 2529], [2194, 2528]]]",
Polygon 22,mask,"[[[2135, 2148], [2134, 2149], [2122, 2149], [2121, 2150], [2115, 2150], [2114, 2151], [2111, 2151], [2110, 2152], [2108, 2152], [2107, 2153], [2106, 2153], [2104, 2155], [2103, 2155], [2101, 2157], [2101, 2158], [2100, 2159], [2100, 2160], [2097, 2163], [2097, 2164], [2095, 2166], [2095, 2167], [2091, 2171], [2091, 2172], [2084, 2179], [2083, 2179], [2080, 2182], [2079, 2182], [2076, 2185], [2075, 2185], [2072, 2188], [2071, 2188], [2068, 2191], [2067, 2191], [2064, 2194], [2063, 2194], [2060, 2197], [2059, 2197], [2054, 2202], [2053, 2202], [2047, 2208], [2046, 2208], [2042, 2212], [2041, 2212], [2038, 2215], [2037, 2215], [2034, 2218], [2033, 2218], [2030, 2221], [2029, 2221], [2026, 2224], [2025, 2224], [2022, 2227], [2021, 2227], [2017, 2231], [2016, 2231], [2013, 2234], [2012, 2234], [2010, 2236], [2009, 2236], [2007, 2238], [2006, 2238], [2005, 2239], [2004, 2239], [2003, 2240], [2002, 2240], [2001, 2241], [2000, 2241], [1999, 2242], [1998, 2242], [1996, 2244], [1995, 2244], [1993, 2246], [1992, 2246], [1990, 2248], [1989, 2248], [1986, 2251], [1985, 2251], [1982, 2254], [1981, 2254], [1979, 2256], [1978, 2256], [1975, 2259], [1974, 2259], [1966, 2267], [1966, 2268], [1964, 2270], [1964, 2271], [1963, 2272], [1963, 2276], [1962, 2277], [1963, 2278], [1963, 2285], [1964, 2286], [1964, 2292], [1965, 2293], [1965, 2296], [1966, 2297], [1966, 2299], [1967, 2300], [1967, 2303], [1968, 2304], [1968, 2306], [1969, 2307], [1969, 2310], [1970, 2311], [1970, 2314], [1971, 2315], [1971, 2317], [1972, 2318], [1972, 2319], [1973, 2320], [1973, 2321], [1974, 2322], [1974, 2324], [1975, 2325], [1975, 2326], [1976, 2327], [1976, 2328], [1977, 2329], [1977, 2330], [1978, 2331], [1978, 2332], [1980, 2334], [1980, 2335], [1981, 2336], [1981, 2337], [1982, 2338], [1982, 2339], [1983, 2340], [1983, 2341], [1985, 2343], [1985, 2344], [1986, 2345], [1986, 2346], [1988, 2348], [1988, 2349], [1990, 2351], [1990, 2352], [1994, 2356], [1994, 2357], [1998, 2361], [1998, 2362], [2002, 2366], [2002, 2367], [2006, 2371], [2007, 2371], [2010, 2374], [2011, 2374], [2013, 2376], [2014, 2376], [2017, 2379], [2018, 2379], [2020, 2381], [2021, 2381], [2024, 2384], [2025, 2384], [2026, 2385], [2027, 2385], [2029, 2387], [2030, 2387], [2032, 2389], [2033, 2389], [2036, 2392], [2037, 2392], [2038, 2393], [2040, 2393], [2041, 2394], [2044, 2394], [2045, 2393], [2047, 2393], [2048, 2392], [2051, 2392], [2052, 2391], [2054, 2391], [2055, 2390], [2057, 2390], [2058, 2389], [2059, 2389], [2061, 2387], [2062, 2387], [2063, 2386], [2064, 2386], [2067, 2383], [2068, 2383], [2070, 2381], [2071, 2381], [2073, 2379], [2074, 2379], [2077, 2376], [2078, 2376], [2084, 2370], [2085, 2370], [2092, 2363], [2093, 2363], [2095, 2361], [2096, 2361], [2100, 2357], [2101, 2357], [2105, 2353], [2106, 2353], [2109, 2350], [2110, 2350], [2113, 2347], [2114, 2347], [2119, 2342], [2120, 2342], [2125, 2337], [2126, 2337], [2127, 2336], [2128, 2336], [2131, 2333], [2132, 2333], [2134, 2331], [2135, 2331], [2136, 2330], [2137, 2330], [2139, 2328], [2140, 2328], [2143, 2325], [2144, 2325], [2146, 2323], [2147, 2323], [2149, 2321], [2150, 2321], [2152, 2319], [2153, 2319], [2156, 2316], [2157, 2316], [2161, 2312], [2162, 2312], [2172, 2302], [2173, 2302], [2176, 2299], [2177, 2299], [2178, 2298], [2179, 2298], [2181, 2296], [2182, 2296], [2183, 2295], [2184, 2295], [2185, 2294], [2186, 2294], [2188, 2292], [2189, 2292], [2201, 2280], [2201, 2279], [2205, 2275], [2205, 2274], [2207, 2272], [2207, 2271], [2209, 2269], [2209, 2268], [2210, 2267], [2210, 2266], [2211, 2265], [2211, 2264], [2212, 2263], [2212, 2262], [2213, 2261], [2213, 2259], [2214, 2258], [2214, 2256], [2215, 2255], [2215, 2251], [2216, 2250], [2216, 2248], [2217, 2247], [2217, 2245], [2218, 2244], [2218, 2242], [2219, 2241], [2219, 2240], [2220, 2239], [2220, 2237], [2222, 2235], [2222, 2234], [2223, 2233], [2223, 2231], [2224, 2230], [2224, 2229], [2225, 2228], [2225, 2226], [2226, 2225], [2226, 2223], [2227, 2222], [2227, 2212], [2226, 2211], [2226, 2208], [2225, 2207], [2225, 2204], [2224, 2203], [2224, 2200], [2223, 2199], [2223, 2197], [2222, 2196], [2222, 2194], [2221, 2193], [2221, 2192], [2219, 2190], [2219, 2189], [2218, 2188], [2218, 2187], [2215, 2184], [2215, 2183], [2205, 2173], [2204, 2173], [2200, 2169], [2199, 2169], [2198, 2168], [2197, 2168], [2195, 2166], [2193, 2166], [2192, 2165], [2191, 2165], [2190, 2164], [2188, 2164], [2187, 2163], [2185, 2163], [2184, 2162], [2182, 2162], [2181, 2161], [2180, 2161], [2179, 2160], [2176, 2160], [2175, 2159], [2172, 2159], [2171, 2158], [2167, 2158], [2166, 2157], [2162, 2157], [2161, 2156], [2159, 2156], [2158, 2155], [2156, 2155], [2155, 2154], [2154, 2154], [2153, 2153], [2152, 2153], [2151, 2152], [2150, 2152], [2149, 2151], [2147, 2151], [2146, 2150], [2144, 2150], [2143, 2149], [2138, 2149], [2137, 2148]]]",
Polygon 23,mask,"[[[2721, 2478], [2719, 2480], [2718, 2480], [2716, 2482], [2715, 2482], [2712, 2485], [2711, 2485], [2703, 2493], [2702, 2493], [2700, 2495], [2699, 2495], [2697, 2497], [2696, 2497], [2693, 2500], [2692, 2500], [2688, 2504], [2687, 2504], [2677, 2514], [2676, 2514], [2673, 2517], [2672, 2517], [2670, 2519], [2669, 2519], [2668, 2520], [2667, 2520], [2666, 2521], [2665, 2521], [2664, 2522], [2663, 2522], [2661, 2524], [2660, 2524], [2659, 2525], [2658, 2525], [2657, 2526], [2656, 2526], [2653, 2529], [2652, 2529], [2646, 2535], [2646, 2536], [2642, 2540], [2642, 2541], [2639, 2544], [2639, 2545], [2634, 2550], [2634, 2551], [2630, 2555], [2629, 2555], [2614, 2570], [2613, 2570], [2585, 2598], [2584, 2598], [2584, 2599], [2577, 2606], [2577, 2607], [2574, 2610], [2574, 2611], [2573, 2612], [2573, 2613], [2572, 2614], [2572, 2615], [2570, 2617], [2570, 2619], [2569, 2620], [2569, 2621], [2568, 2622], [2568, 2625], [2567, 2626], [2567, 2628], [2566, 2629], [2566, 2632], [2565, 2633], [2565, 2637], [2564, 2638], [2564, 2641], [2563, 2642], [2563, 2646], [2562, 2647], [2562, 2660], [2561, 2661], [2561, 2668], [2560, 2669], [2560, 2675], [2559, 2676], [2559, 2681], [2558, 2682], [2558, 2683], [2559, 2684], [2559, 2688], [2560, 2689], [2560, 2690], [2561, 2691], [2561, 2692], [2563, 2694], [2563, 2695], [2569, 2701], [2570, 2701], [2573, 2704], [2574, 2704], [2578, 2708], [2579, 2708], [2582, 2711], [2583, 2711], [2586, 2714], [2587, 2714], [2589, 2716], [2591, 2716], [2592, 2717], [2595, 2717], [2596, 2718], [2600, 2718], [2601, 2719], [2606, 2719], [2607, 2720], [2611, 2720], [2612, 2721], [2614, 2721], [2615, 2722], [2619, 2722], [2620, 2723], [2625, 2723], [2626, 2724], [2630, 2724], [2631, 2725], [2634, 2725], [2635, 2726], [2638, 2726], [2639, 2727], [2643, 2727], [2644, 2728], [2654, 2728], [2655, 2729], [2664, 2729], [2665, 2728], [2667, 2728], [2668, 2727], [2669, 2727], [2672, 2724], [2673, 2724], [2679, 2718], [2680, 2718], [2691, 2707], [2692, 2707], [2692, 2706], [2695, 2703], [2696, 2703], [2730, 2669], [2731, 2669], [2742, 2658], [2743, 2658], [2749, 2652], [2750, 2652], [2754, 2648], [2755, 2648], [2758, 2645], [2759, 2645], [2763, 2641], [2764, 2641], [2772, 2633], [2773, 2633], [2781, 2625], [2782, 2625], [2801, 2606], [2802, 2606], [2811, 2597], [2811, 2596], [2813, 2594], [2813, 2593], [2815, 2591], [2815, 2588], [2816, 2587], [2816, 2584], [2815, 2583], [2815, 2579], [2814, 2578], [2814, 2574], [2813, 2573], [2813, 2570], [2812, 2569], [2812, 2567], [2811, 2566], [2811, 2565], [2810, 2564], [2810, 2562], [2809, 2561], [2809, 2560], [2808, 2559], [2808, 2558], [2807, 2557], [2807, 2555], [2806, 2554], [2806, 2553], [2805, 2552], [2805, 2550], [2804, 2549], [2804, 2548], [2803, 2547], [2803, 2546], [2802, 2545], [2802, 2544], [2801, 2543], [2801, 2542], [2799, 2540], [2799, 2539], [2798, 2538], [2798, 2537], [2796, 2535], [2796, 2534], [2795, 2533], [2795, 2532], [2794, 2531], [2794, 2530], [2792, 2528], [2792, 2527], [2790, 2525], [2790, 2524], [2787, 2521], [2787, 2520], [2784, 2517], [2784, 2516], [2781, 2513], [2781, 2512], [2778, 2509], [2778, 2508], [2771, 2501], [2771, 2500], [2763, 2492], [2762, 2492], [2760, 2490], [2758, 2490], [2757, 2489], [2755, 2489], [2754, 2488], [2752, 2488], [2751, 2487], [2749, 2487], [2748, 2486], [2747, 2486], [2746, 2485], [2744, 2485], [2743, 2484], [2741, 2484], [2740, 2483], [2739, 2483], [2738, 2482], [2736, 2482], [2735, 2481], [2734, 2481], [2733, 2480], [2731, 2480], [2730, 2479], [2728, 2479], [2727, 2478]]]",
Polygon 24,mask,"[[[2892, 2697], [2891, 2698], [2884, 2698], [2883, 2699], [2881, 2699], [2880, 2700], [2879, 2700], [2877, 2702], [2876, 2702], [2875, 2703], [2875, 2704], [2872, 2707], [2871, 2707], [2871, 2708], [2869, 2710], [2869, 2711], [2861, 2719], [2861, 2720], [2852, 2729], [2852, 2730], [2843, 2739], [2843, 2740], [2838, 2745], [2838, 2746], [2832, 2752], [2832, 2753], [2817, 2768], [2817, 2769], [2799, 2787], [2799, 2788], [2788, 2799], [2788, 2800], [2783, 2805], [2783, 2806], [2771, 2818], [2770, 2818], [2766, 2822], [2765, 2822], [2749, 2838], [2748, 2838], [2746, 2840], [2746, 2841], [2745, 2842], [2745, 2844], [2744, 2845], [2744, 2859], [2745, 2860], [2745, 2863], [2747, 2865], [2747, 2866], [2748, 2867], [2748, 2868], [2749, 2869], [2749, 2870], [2751, 2872], [2751, 2874], [2752, 2875], [2752, 2876], [2753, 2877], [2753, 2878], [2754, 2879], [2754, 2881], [2755, 2882], [2755, 2883], [2756, 2884], [2756, 2885], [2757, 2886], [2757, 2887], [2758, 2888], [2758, 2889], [2759, 2890], [2759, 2891], [2760, 2892], [2760, 2893], [2761, 2894], [2761, 2895], [2763, 2897], [2763, 2898], [2765, 2900], [2765, 2901], [2769, 2905], [2769, 2906], [2786, 2923], [2786, 2924], [2796, 2934], [2797, 2934], [2800, 2937], [2801, 2937], [2803, 2939], [2804, 2939], [2805, 2940], [2807, 2940], [2808, 2941], [2809, 2941], [2810, 2942], [2811, 2942], [2812, 2943], [2813, 2943], [2814, 2944], [2815, 2944], [2816, 2945], [2817, 2945], [2818, 2946], [2819, 2946], [2820, 2947], [2821, 2947], [2822, 2948], [2823, 2948], [2824, 2949], [2825, 2949], [2827, 2951], [2828, 2951], [2829, 2952], [2830, 2952], [2831, 2953], [2833, 2953], [2834, 2954], [2835, 2954], [2836, 2955], [2844, 2955], [2845, 2954], [2846, 2954], [2847, 2953], [2848, 2953], [2849, 2952], [2850, 2952], [2851, 2951], [2852, 2951], [2853, 2950], [2854, 2950], [2856, 2948], [2857, 2948], [2860, 2945], [2860, 2944], [2869, 2935], [2869, 2934], [2871, 2932], [2872, 2932], [2889, 2915], [2889, 2914], [2903, 2900], [2903, 2899], [2910, 2892], [2910, 2891], [2924, 2877], [2924, 2876], [2943, 2857], [2943, 2856], [2955, 2844], [2956, 2844], [2970, 2830], [2970, 2829], [2980, 2819], [2980, 2818], [2982, 2816], [2982, 2815], [2983, 2814], [2983, 2813], [2984, 2812], [2984, 2811], [2985, 2810], [2985, 2809], [2986, 2808], [2986, 2806], [2987, 2805], [2987, 2802], [2988, 2801], [2988, 2798], [2989, 2797], [2989, 2793], [2990, 2792], [2990, 2790], [2991, 2789], [2991, 2786], [2992, 2785], [2992, 2768], [2991, 2767], [2991, 2761], [2992, 2760], [2992, 2750], [2993, 2749], [2993, 2743], [2992, 2742], [2992, 2738], [2991, 2737], [2991, 2734], [2990, 2733], [2990, 2732], [2989, 2731], [2989, 2729], [2988, 2728], [2988, 2727], [2983, 2722], [2982, 2722], [2980, 2720], [2980, 2719], [2973, 2712], [2972, 2712], [2970, 2710], [2969, 2710], [2967, 2708], [2966, 2708], [2965, 2707], [2962, 2707], [2961, 2706], [2956, 2706], [2955, 2705], [2943, 2705], [2942, 2704], [2933, 2704], [2932, 2703], [2925, 2703], [2924, 2702], [2918, 2702], [2917, 2701], [2914, 2701], [2913, 2700], [2910, 2700], [2909, 2699], [2906, 2699], [2905, 2698], [2902, 2698], [2901, 2697]]]",
Polygon 25,mask,"[[[651, 1445], [650, 1446], [649, 1446], [648, 1447], [647, 1447], [646, 1448], [645, 1448], [644, 1449], [642, 1449], [641, 1450], [639, 1450], [638, 1451], [636, 1451], [635, 1452], [633, 1452], [632, 1453], [630, 1453], [629, 1454], [627, 1454], [626, 1455], [622, 1455], [621, 1456], [617, 1456], [616, 1457], [612, 1457], [611, 1458], [610, 1458], [609, 1459], [607, 1459], [606, 1460], [604, 1460], [603, 1461], [601, 1461], [600, 1462], [597, 1462], [596, 1463], [594, 1463], [593, 1464], [592, 1464], [591, 1465], [589, 1465], [588, 1466], [587, 1466], [586, 1467], [585, 1467], [584, 1468], [583, 1468], [582, 1469], [581, 1469], [580, 1470], [579, 1470], [578, 1471], [577, 1471], [575, 1473], [575, 1474], [573, 1476], [573, 1478], [572, 1479], [572, 1481], [571, 1482], [571, 1484], [570, 1485], [570, 1487], [569, 1488], [569, 1491], [568, 1492], [568, 1495], [567, 1496], [567, 1498], [566, 1499], [566, 1502], [565, 1503], [565, 1506], [564, 1507], [564, 1509], [563, 1510], [563, 1513], [562, 1514], [562, 1516], [561, 1517], [561, 1520], [560, 1521], [560, 1523], [559, 1524], [559, 1527], [558, 1528], [558, 1531], [557, 1532], [557, 1536], [556, 1537], [556, 1540], [555, 1541], [555, 1544], [554, 1545], [554, 1548], [553, 1549], [553, 1552], [552, 1553], [552, 1556], [551, 1557], [551, 1560], [550, 1561], [550, 1563], [549, 1564], [549, 1566], [548, 1567], [548, 1569], [547, 1570], [547, 1572], [546, 1573], [546, 1575], [545, 1576], [545, 1579], [544, 1580], [544, 1582], [543, 1583], [543, 1585], [542, 1586], [542, 1589], [541, 1590], [541, 1592], [540, 1593], [540, 1595], [539, 1596], [539, 1598], [538, 1599], [538, 1601], [537, 1602], [537, 1604], [536, 1605], [536, 1607], [535, 1608], [535, 1609], [534, 1610], [534, 1613], [533, 1614], [533, 1616], [532, 1617], [532, 1619], [531, 1620], [531, 1622], [530, 1623], [530, 1625], [529, 1626], [529, 1628], [528, 1629], [528, 1630], [527, 1631], [527, 1633], [526, 1634], [526, 1635], [525, 1636], [525, 1638], [524, 1639], [524, 1641], [523, 1642], [523, 1643], [522, 1644], [522, 1646], [521, 1647], [521, 1649], [520, 1650], [520, 1653], [519, 1654], [519, 1658], [518, 1659], [518, 1663], [517, 1664], [517, 1670], [518, 1671], [518, 1672], [519, 1673], [519, 1674], [528, 1683], [529, 1683], [535, 1689], [536, 1689], [539, 1692], [539, 1693], [548, 1702], [549, 1702], [551, 1704], [552, 1704], [553, 1705], [554, 1705], [555, 1706], [556, 1706], [557, 1707], [559, 1707], [560, 1708], [562, 1708], [563, 1709], [564, 1709], [565, 1710], [567, 1710], [568, 1711], [570, 1711], [571, 1712], [573, 1712], [574, 1713], [576, 1713], [577, 1714], [578, 1714], [579, 1715], [580, 1715], [581, 1716], [582, 1716], [583, 1717], [584, 1717], [585, 1718], [586, 1718], [587, 1719], [588, 1719], [589, 1720], [590, 1720], [591, 1721], [592, 1721], [593, 1722], [595, 1722], [596, 1723], [599, 1723], [600, 1724], [604, 1724], [605, 1725], [609, 1725], [610, 1726], [619, 1726], [620, 1725], [626, 1725], [627, 1724], [636, 1724], [637, 1723], [653, 1723], [654, 1722], [655, 1722], [659, 1718], [659, 1717], [661, 1715], [661, 1713], [662, 1712], [662, 1710], [663, 1709], [663, 1707], [664, 1706], [664, 1704], [665, 1703], [665, 1700], [666, 1699], [666, 1698], [667, 1697], [667, 1695], [668, 1694], [668, 1692], [669, 1691], [669, 1689], [670, 1688], [670, 1686], [671, 1685], [671, 1683], [672, 1682], [672, 1679], [673, 1678], [673, 1676], [674, 1675], [674, 1673], [675, 1672], [675, 1670], [676, 1669], [676, 1666], [677, 1665], [677, 1662], [678, 1661], [678, 1658], [679, 1657], [679, 1655], [680, 1654], [680, 1652], [681, 1651], [681, 1649], [682, 1648], [682, 1647], [683, 1646], [683, 1644], [684, 1643], [684, 1641], [685, 1640], [685, 1638], [686, 1637], [686, 1635], [687, 1634], [687, 1633], [688, 1632], [688, 1630], [689, 1629], [689, 1627], [690, 1626], [690, 1622], [691, 1621], [691, 1618], [692, 1617], [692, 1614], [693, 1613], [693, 1610], [694, 1609], [694, 1606], [695, 1605], [695, 1602], [696, 1601], [696, 1598], [697, 1597], [697, 1594], [698, 1593], [698, 1590], [699, 1589], [699, 1587], [700, 1586], [700, 1584], [701, 1583], [701, 1581], [702, 1580], [702, 1578], [703, 1577], [703, 1575], [704, 1574], [704, 1572], [705, 1571], [705, 1569], [706, 1568], [706, 1565], [707, 1564], [707, 1562], [708, 1561], [708, 1559], [709, 1558], [709, 1556], [710, 1555], [710, 1553], [711, 1552], [711, 1550], [712, 1549], [712, 1547], [713, 1546], [713, 1544], [714, 1543], [714, 1541], [715, 1540], [715, 1536], [716, 1535], [716, 1525], [715, 1524], [715, 1513], [714, 1512], [714, 1509], [713, 1508], [713, 1506], [712, 1505], [712, 1503], [711, 1502], [711, 1501], [710, 1500], [710, 1498], [709, 1497], [709, 1495], [708, 1494], [708, 1493], [707, 1492], [707, 1490], [706, 1489], [706, 1487], [705, 1486], [705, 1485], [704, 1484], [704, 1483], [702, 1481], [702, 1480], [700, 1478], [700, 1477], [698, 1475], [698, 1474], [695, 1471], [695, 1469], [694, 1468], [694, 1467], [692, 1465], [692, 1464], [690, 1462], [690, 1461], [687, 1458], [686, 1458], [685, 1457], [684, 1457], [683, 1456], [682, 1456], [681, 1455], [679, 1455], [678, 1454], [675, 1454], [674, 1453], [671, 1453], [670, 1452], [668, 1452], [667, 1451], [665, 1451], [664, 1450], [662, 1450], [661, 1449], [660, 1449], [658, 1447], [657, 1447], [656, 1446], [654, 1446], [653, 1445]]]",
Polygon 26,mask,"[[[882, 2352], [881, 2353], [868, 2353], [867, 2354], [864, 2354], [863, 2355], [862, 2355], [861, 2356], [860, 2356], [859, 2357], [858, 2357], [857, 2358], [856, 2358], [855, 2359], [854, 2359], [852, 2361], [851, 2361], [850, 2362], [849, 2362], [847, 2364], [846, 2364], [845, 2365], [844, 2365], [842, 2367], [841, 2367], [840, 2368], [839, 2368], [838, 2369], [837, 2369], [836, 2370], [835, 2370], [833, 2372], [832, 2372], [831, 2373], [829, 2373], [828, 2374], [827, 2374], [826, 2375], [825, 2375], [824, 2376], [822, 2376], [821, 2377], [820, 2377], [819, 2378], [818, 2378], [817, 2379], [815, 2379], [814, 2380], [813, 2380], [812, 2381], [810, 2381], [809, 2382], [808, 2382], [807, 2383], [806, 2383], [805, 2384], [804, 2384], [803, 2385], [802, 2385], [800, 2387], [799, 2387], [798, 2388], [797, 2388], [796, 2389], [795, 2389], [793, 2391], [792, 2391], [791, 2392], [790, 2392], [789, 2393], [788, 2393], [787, 2394], [785, 2394], [784, 2395], [783, 2395], [782, 2396], [781, 2396], [780, 2397], [779, 2397], [778, 2398], [777, 2398], [776, 2399], [775, 2399], [772, 2402], [771, 2402], [769, 2404], [768, 2404], [766, 2406], [765, 2406], [764, 2407], [763, 2407], [762, 2408], [761, 2408], [760, 2409], [759, 2409], [758, 2410], [756, 2410], [755, 2411], [753, 2411], [752, 2412], [750, 2412], [749, 2413], [747, 2413], [746, 2414], [745, 2414], [744, 2415], [743, 2415], [742, 2416], [741, 2416], [740, 2417], [739, 2417], [738, 2418], [737, 2418], [735, 2420], [734, 2420], [731, 2423], [730, 2423], [728, 2425], [727, 2425], [725, 2427], [724, 2427], [721, 2430], [720, 2430], [718, 2432], [717, 2432], [715, 2434], [713, 2434], [712, 2435], [711, 2435], [710, 2436], [708, 2436], [707, 2437], [706, 2437], [705, 2438], [704, 2438], [701, 2441], [700, 2441], [700, 2442], [697, 2445], [697, 2446], [696, 2447], [696, 2448], [694, 2450], [694, 2451], [691, 2454], [691, 2455], [687, 2459], [687, 2460], [686, 2461], [686, 2462], [685, 2463], [685, 2465], [684, 2466], [684, 2468], [683, 2469], [683, 2471], [682, 2472], [682, 2474], [681, 2475], [681, 2476], [680, 2477], [680, 2478], [679, 2479], [679, 2481], [678, 2482], [678, 2484], [677, 2485], [677, 2486], [676, 2487], [676, 2489], [675, 2490], [675, 2491], [674, 2492], [674, 2493], [673, 2494], [673, 2496], [672, 2497], [672, 2498], [671, 2499], [671, 2501], [670, 2502], [670, 2504], [669, 2505], [669, 2513], [670, 2514], [670, 2517], [671, 2518], [671, 2520], [672, 2521], [672, 2523], [673, 2524], [673, 2526], [674, 2527], [674, 2529], [675, 2530], [675, 2531], [676, 2532], [676, 2533], [678, 2535], [678, 2536], [681, 2539], [681, 2540], [685, 2544], [686, 2544], [688, 2546], [689, 2546], [690, 2547], [691, 2547], [692, 2548], [693, 2548], [694, 2549], [695, 2549], [697, 2551], [699, 2551], [700, 2552], [701, 2552], [703, 2554], [704, 2554], [705, 2555], [706, 2555], [708, 2557], [709, 2557], [710, 2558], [711, 2558], [713, 2560], [714, 2560], [715, 2561], [716, 2561], [717, 2562], [718, 2562], [719, 2563], [720, 2563], [721, 2564], [722, 2564], [723, 2565], [724, 2565], [725, 2566], [726, 2566], [727, 2567], [728, 2567], [729, 2568], [730, 2568], [731, 2569], [732, 2569], [733, 2570], [735, 2570], [736, 2571], [737, 2571], [738, 2572], [739, 2572], [740, 2573], [741, 2573], [742, 2574], [743, 2574], [744, 2575], [745, 2575], [746, 2576], [747, 2576], [748, 2577], [749, 2577], [750, 2578], [759, 2578], [760, 2577], [764, 2577], [765, 2576], [769, 2576], [770, 2575], [772, 2575], [773, 2574], [774, 2574], [775, 2573], [776, 2573], [777, 2572], [778, 2572], [779, 2571], [780, 2571], [781, 2570], [782, 2570], [784, 2568], [785, 2568], [786, 2567], [787, 2567], [789, 2565], [790, 2565], [791, 2564], [792, 2564], [794, 2562], [795, 2562], [797, 2560], [798, 2560], [800, 2558], [801, 2558], [802, 2557], [803, 2557], [804, 2556], [805, 2556], [806, 2555], [807, 2555], [808, 2554], [809, 2554], [810, 2553], [811, 2553], [812, 2552], [813, 2552], [814, 2551], [815, 2551], [816, 2550], [817, 2550], [819, 2548], [820, 2548], [821, 2547], [823, 2547], [824, 2546], [825, 2546], [826, 2545], [827, 2545], [828, 2544], [830, 2544], [831, 2543], [832, 2543], [834, 2541], [835, 2541], [836, 2540], [837, 2540], [839, 2538], [840, 2538], [841, 2537], [842, 2537], [844, 2535], [845, 2535], [847, 2533], [848, 2533], [849, 2532], [850, 2532], [851, 2531], [852, 2531], [854, 2529], [855, 2529], [856, 2528], [857, 2528], [858, 2527], [860, 2527], [861, 2526], [862, 2526], [863, 2525], [864, 2525], [865, 2524], [866, 2524], [867, 2523], [868, 2523], [869, 2522], [870, 2522], [871, 2521], [872, 2521], [873, 2520], [874, 2520], [876, 2518], [877, 2518], [878, 2517], [879, 2517], [880, 2516], [881, 2516], [883, 2514], [884, 2514], [885, 2513], [886, 2513], [887, 2512], [888, 2512], [889, 2511], [890, 2511], [891, 2510], [892, 2510], [893, 2509], [894, 2509], [895, 2508], [896, 2508], [897, 2507], [898, 2507], [899, 2506], [900, 2506], [901, 2505], [902, 2505], [903, 2504], [905, 2504], [906, 2503], [907, 2503], [908, 2502], [909, 2502], [910, 2501], [911, 2501], [912, 2500], [913, 2500], [914, 2499], [915, 2499], [916, 2498], [917, 2498], [918, 2497], [919, 2497], [920, 2496], [921, 2496], [922, 2495], [924, 2495], [925, 2494], [926, 2494], [927, 2493], [929, 2493], [930, 2492], [931, 2492], [932, 2491], [933, 2491], [934, 2490], [935, 2490], [936, 2489], [937, 2489], [938, 2488], [939, 2488], [940, 2487], [941, 2487], [941, 2485], [942, 2484], [942, 2482], [943, 2481], [943, 2477], [944, 2476], [944, 2465], [943, 2464], [943, 2455], [942, 2454], [942, 2445], [941, 2444], [941, 2435], [940, 2434], [940, 2431], [939, 2430], [939, 2428], [938, 2427], [938, 2425], [937, 2424], [937, 2423], [936, 2422], [936, 2421], [935, 2420], [935, 2419], [934, 2418], [934, 2417], [933, 2416], [933, 2414], [932, 2413], [932, 2412], [931, 2411], [931, 2410], [930, 2409], [930, 2408], [929, 2407], [929, 2405], [928, 2404], [928, 2403], [927, 2402], [927, 2401], [926, 2400], [926, 2398], [925, 2397], [925, 2394], [924, 2393], [924, 2391], [923, 2390], [923, 2389], [922, 2388], [922, 2386], [921, 2385], [921, 2384], [920, 2383], [920, 2382], [918, 2380], [918, 2379], [917, 2378], [917, 2377], [912, 2372], [911, 2372], [909, 2370], [907, 2370], [906, 2369], [905, 2369], [904, 2368], [903, 2368], [902, 2367], [901, 2367], [899, 2365], [898, 2365], [892, 2359], [892, 2358], [890, 2356], [890, 2355], [889, 2355], [887, 2353], [886, 2353], [885, 2352]]]",
Polygon 27,mask,"[[[1840, 2877], [1839, 2878], [1834, 2878], [1833, 2879], [1827, 2879], [1826, 2880], [1820, 2880], [1819, 2881], [1812, 2881], [1811, 2882], [1805, 2882], [1804, 2883], [1802, 2883], [1801, 2884], [1799, 2884], [1798, 2885], [1796, 2885], [1795, 2886], [1794, 2886], [1793, 2887], [1792, 2887], [1790, 2889], [1789, 2889], [1786, 2892], [1785, 2892], [1779, 2898], [1778, 2898], [1773, 2903], [1772, 2903], [1770, 2905], [1769, 2905], [1764, 2910], [1764, 2911], [1763, 2912], [1763, 2914], [1762, 2915], [1762, 2925], [1763, 2926], [1763, 2932], [1764, 2933], [1764, 2940], [1765, 2941], [1765, 2946], [1766, 2947], [1766, 2950], [1767, 2951], [1767, 2955], [1768, 2956], [1768, 2960], [1769, 2961], [1769, 2967], [1770, 2968], [1770, 2972], [1771, 2973], [1771, 2977], [1772, 2978], [1772, 2981], [1773, 2982], [1773, 2984], [1774, 2985], [1774, 2988], [1775, 2989], [1775, 2992], [1776, 2993], [1776, 2997], [1777, 2998], [1777, 3005], [1778, 3006], [1778, 3013], [1779, 3014], [1779, 3019], [1780, 3020], [1780, 3023], [1781, 3024], [1781, 3027], [1782, 3028], [1782, 3032], [1783, 3033], [1783, 3037], [1784, 3038], [1784, 3046], [1785, 3047], [1785, 3054], [1786, 3055], [1786, 3063], [1787, 3064], [1787, 3072], [1788, 3073], [1788, 3078], [1789, 3079], [1789, 3084], [1790, 3085], [1790, 3092], [1791, 3093], [1791, 3097], [1792, 3098], [1792, 3100], [1793, 3101], [1793, 3102], [1794, 3103], [1794, 3104], [1795, 3105], [1795, 3106], [1796, 3107], [1796, 3108], [1798, 3110], [1798, 3111], [1807, 3120], [1807, 3121], [1824, 3138], [1825, 3138], [1827, 3140], [1828, 3140], [1829, 3141], [1830, 3141], [1831, 3142], [1832, 3142], [1833, 3143], [1834, 3143], [1835, 3144], [1836, 3144], [1837, 3145], [1838, 3145], [1839, 3146], [1840, 3146], [1841, 3147], [1842, 3147], [1843, 3148], [1845, 3148], [1846, 3149], [1848, 3149], [1849, 3150], [1851, 3150], [1852, 3151], [1854, 3151], [1855, 3152], [1856, 3152], [1857, 3153], [1859, 3153], [1860, 3154], [1861, 3154], [1862, 3155], [1868, 3155], [1869, 3154], [1872, 3154], [1873, 3153], [1876, 3153], [1877, 3152], [1881, 3152], [1882, 3151], [1885, 3151], [1886, 3150], [1889, 3150], [1890, 3149], [1893, 3149], [1894, 3148], [1895, 3148], [1896, 3147], [1898, 3147], [1899, 3146], [1900, 3146], [1901, 3145], [1902, 3145], [1925, 3122], [1925, 3121], [1929, 3117], [1929, 3116], [1932, 3113], [1932, 3112], [1934, 3110], [1934, 3109], [1941, 3102], [1942, 3102], [1945, 3099], [1946, 3099], [1948, 3097], [1948, 3096], [1949, 3095], [1949, 3084], [1948, 3083], [1948, 3074], [1947, 3073], [1947, 3068], [1946, 3067], [1946, 3063], [1945, 3062], [1945, 3057], [1944, 3056], [1944, 3053], [1943, 3052], [1943, 3050], [1942, 3049], [1942, 3046], [1941, 3045], [1941, 3043], [1940, 3042], [1940, 3039], [1939, 3038], [1939, 3035], [1938, 3034], [1938, 3031], [1937, 3030], [1937, 3027], [1936, 3026], [1936, 3023], [1935, 3022], [1935, 3020], [1934, 3019], [1934, 3017], [1933, 3016], [1933, 3014], [1932, 3013], [1932, 3011], [1931, 3010], [1931, 3006], [1930, 3005], [1930, 2999], [1929, 2998], [1929, 2993], [1928, 2992], [1928, 2987], [1927, 2986], [1927, 2981], [1926, 2980], [1926, 2975], [1925, 2974], [1925, 2970], [1924, 2969], [1924, 2965], [1923, 2964], [1923, 2959], [1922, 2958], [1922, 2953], [1921, 2952], [1921, 2946], [1920, 2945], [1920, 2941], [1919, 2940], [1919, 2936], [1918, 2935], [1918, 2931], [1917, 2930], [1917, 2926], [1916, 2925], [1916, 2922], [1915, 2921], [1915, 2917], [1914, 2916], [1914, 2911], [1913, 2910], [1913, 2904], [1912, 2903], [1912, 2898], [1911, 2897], [1911, 2895], [1910, 2894], [1910, 2893], [1909, 2892], [1909, 2891], [1904, 2886], [1903, 2886], [1902, 2885], [1899, 2885], [1898, 2884], [1893, 2884], [1892, 2883], [1887, 2883], [1886, 2882], [1879, 2882], [1878, 2881], [1873, 2881], [1872, 2880], [1869, 2880], [1868, 2879], [1864, 2879], [1863, 2878], [1854, 2878], [1853, 2877]]]",
Polygon 28,mask,"[[[1080, 2590], [1079, 2591], [1077, 2591], [1076, 2592], [1074, 2592], [1073, 2593], [1072, 2593], [1071, 2594], [1070, 2594], [1064, 2600], [1064, 2601], [1062, 2603], [1062, 2604], [1057, 2609], [1056, 2609], [1046, 2619], [1046, 2620], [1044, 2622], [1044, 2623], [1042, 2625], [1042, 2626], [1041, 2627], [1041, 2628], [1039, 2630], [1039, 2631], [1038, 2632], [1038, 2633], [1037, 2634], [1037, 2635], [1036, 2636], [1036, 2637], [1035, 2638], [1035, 2640], [1034, 2641], [1034, 2642], [1033, 2643], [1033, 2646], [1032, 2647], [1032, 2670], [1031, 2671], [1031, 2684], [1030, 2685], [1030, 2688], [1029, 2689], [1029, 2690], [1028, 2691], [1028, 2692], [1027, 2693], [1027, 2694], [1025, 2696], [1025, 2697], [1021, 2701], [1021, 2702], [1020, 2703], [1020, 2706], [1019, 2707], [1020, 2708], [1020, 2709], [1021, 2710], [1021, 2712], [1022, 2713], [1022, 2716], [1023, 2717], [1023, 2721], [1024, 2722], [1024, 2724], [1025, 2725], [1025, 2726], [1026, 2727], [1026, 2728], [1033, 2735], [1034, 2735], [1036, 2737], [1037, 2737], [1038, 2738], [1039, 2738], [1040, 2739], [1041, 2739], [1042, 2740], [1043, 2740], [1044, 2741], [1045, 2741], [1046, 2742], [1048, 2742], [1049, 2743], [1050, 2743], [1051, 2744], [1052, 2744], [1053, 2745], [1055, 2745], [1056, 2746], [1057, 2746], [1058, 2747], [1059, 2747], [1060, 2748], [1062, 2748], [1063, 2749], [1065, 2749], [1066, 2750], [1069, 2750], [1070, 2751], [1073, 2751], [1074, 2752], [1077, 2752], [1078, 2753], [1080, 2753], [1081, 2754], [1083, 2754], [1084, 2755], [1086, 2755], [1087, 2756], [1089, 2756], [1090, 2757], [1092, 2757], [1093, 2758], [1094, 2758], [1095, 2759], [1096, 2759], [1097, 2760], [1098, 2760], [1099, 2761], [1101, 2761], [1102, 2762], [1104, 2762], [1105, 2763], [1106, 2763], [1107, 2764], [1109, 2764], [1110, 2765], [1112, 2765], [1113, 2766], [1115, 2766], [1116, 2767], [1118, 2767], [1119, 2768], [1121, 2768], [1122, 2769], [1124, 2769], [1125, 2770], [1127, 2770], [1128, 2771], [1130, 2771], [1131, 2772], [1133, 2772], [1134, 2773], [1137, 2773], [1138, 2774], [1139, 2774], [1140, 2775], [1143, 2775], [1144, 2776], [1146, 2776], [1147, 2777], [1148, 2777], [1149, 2778], [1151, 2778], [1152, 2779], [1154, 2779], [1155, 2780], [1157, 2780], [1158, 2781], [1160, 2781], [1161, 2782], [1162, 2782], [1163, 2783], [1165, 2783], [1166, 2784], [1167, 2784], [1168, 2785], [1170, 2785], [1171, 2786], [1173, 2786], [1174, 2787], [1176, 2787], [1177, 2788], [1179, 2788], [1180, 2789], [1182, 2789], [1183, 2790], [1185, 2790], [1186, 2791], [1188, 2791], [1189, 2792], [1191, 2792], [1192, 2793], [1193, 2793], [1194, 2794], [1196, 2794], [1197, 2795], [1200, 2795], [1201, 2796], [1207, 2796], [1208, 2797], [1223, 2797], [1224, 2796], [1226, 2796], [1227, 2795], [1230, 2795], [1231, 2794], [1233, 2794], [1234, 2793], [1236, 2793], [1237, 2792], [1240, 2792], [1241, 2791], [1246, 2791], [1247, 2790], [1250, 2790], [1251, 2789], [1252, 2789], [1253, 2788], [1254, 2788], [1255, 2787], [1256, 2787], [1260, 2783], [1261, 2783], [1262, 2782], [1263, 2782], [1264, 2781], [1265, 2781], [1266, 2780], [1268, 2780], [1269, 2779], [1271, 2779], [1272, 2778], [1275, 2778], [1276, 2777], [1277, 2777], [1278, 2776], [1279, 2776], [1282, 2773], [1283, 2773], [1287, 2769], [1287, 2768], [1291, 2764], [1291, 2763], [1292, 2762], [1292, 2761], [1293, 2760], [1293, 2759], [1294, 2758], [1294, 2755], [1295, 2754], [1295, 2751], [1296, 2750], [1296, 2734], [1295, 2733], [1295, 2725], [1294, 2724], [1294, 2721], [1293, 2720], [1293, 2718], [1292, 2717], [1292, 2715], [1291, 2714], [1291, 2711], [1290, 2710], [1290, 2708], [1289, 2707], [1289, 2704], [1288, 2703], [1288, 2701], [1287, 2700], [1287, 2698], [1286, 2697], [1286, 2695], [1285, 2694], [1285, 2692], [1284, 2691], [1284, 2689], [1283, 2688], [1283, 2686], [1282, 2685], [1282, 2683], [1281, 2682], [1281, 2679], [1280, 2678], [1280, 2677], [1279, 2676], [1279, 2674], [1278, 2673], [1278, 2671], [1277, 2670], [1277, 2668], [1276, 2667], [1276, 2665], [1275, 2664], [1275, 2663], [1274, 2662], [1274, 2661], [1270, 2657], [1269, 2657], [1267, 2655], [1266, 2655], [1265, 2654], [1264, 2654], [1263, 2653], [1261, 2653], [1260, 2652], [1257, 2652], [1256, 2651], [1253, 2651], [1252, 2650], [1249, 2650], [1248, 2649], [1245, 2649], [1244, 2648], [1242, 2648], [1241, 2647], [1239, 2647], [1238, 2646], [1236, 2646], [1235, 2645], [1234, 2645], [1233, 2644], [1231, 2644], [1230, 2643], [1228, 2643], [1227, 2642], [1225, 2642], [1224, 2641], [1222, 2641], [1221, 2640], [1219, 2640], [1218, 2639], [1216, 2639], [1215, 2638], [1213, 2638], [1212, 2637], [1210, 2637], [1209, 2636], [1207, 2636], [1206, 2635], [1204, 2635], [1203, 2634], [1201, 2634], [1200, 2633], [1198, 2633], [1197, 2632], [1194, 2632], [1193, 2631], [1190, 2631], [1189, 2630], [1188, 2630], [1187, 2629], [1184, 2629], [1183, 2628], [1181, 2628], [1180, 2627], [1178, 2627], [1177, 2626], [1175, 2626], [1174, 2625], [1173, 2625], [1172, 2624], [1170, 2624], [1169, 2623], [1167, 2623], [1166, 2622], [1165, 2622], [1164, 2621], [1162, 2621], [1161, 2620], [1160, 2620], [1159, 2619], [1157, 2619], [1156, 2618], [1154, 2618], [1153, 2617], [1152, 2617], [1151, 2616], [1149, 2616], [1148, 2615], [1147, 2615], [1146, 2614], [1144, 2614], [1143, 2613], [1142, 2613], [1141, 2612], [1139, 2612], [1138, 2611], [1136, 2611], [1135, 2610], [1133, 2610], [1132, 2609], [1130, 2609], [1129, 2608], [1128, 2608], [1127, 2607], [1125, 2607], [1124, 2606], [1123, 2606], [1122, 2605], [1120, 2605], [1119, 2604], [1118, 2604], [1117, 2603], [1116, 2603], [1115, 2602], [1114, 2602], [1113, 2601], [1111, 2601], [1110, 2600], [1109, 2600], [1108, 2599], [1107, 2599], [1106, 2598], [1104, 2598], [1103, 2597], [1101, 2597], [1100, 2596], [1098, 2596], [1097, 2595], [1095, 2595], [1094, 2594], [1093, 2594], [1092, 2593], [1090, 2593], [1089, 2592], [1088, 2592], [1087, 2591], [1085, 2591], [1084, 2590]]]",
Polygon 29,mask,"[[[1339, 3026], [1338, 3027], [1337, 3027], [1336, 3028], [1335, 3028], [1333, 3030], [1333, 3031], [1331, 3033], [1331, 3034], [1330, 3035], [1330, 3036], [1329, 3037], [1329, 3038], [1327, 3040], [1327, 3041], [1324, 3044], [1324, 3045], [1320, 3049], [1320, 3050], [1314, 3056], [1314, 3057], [1311, 3060], [1311, 3061], [1310, 3062], [1310, 3063], [1308, 3065], [1308, 3066], [1307, 3067], [1307, 3068], [1306, 3069], [1306, 3070], [1304, 3072], [1304, 3074], [1303, 3075], [1303, 3076], [1302, 3077], [1302, 3078], [1300, 3080], [1300, 3081], [1295, 3086], [1295, 3087], [1288, 3094], [1287, 3094], [1280, 3101], [1279, 3101], [1270, 3110], [1270, 3111], [1267, 3114], [1267, 3115], [1264, 3118], [1264, 3119], [1262, 3121], [1262, 3122], [1260, 3124], [1260, 3125], [1253, 3132], [1253, 3133], [1245, 3141], [1245, 3142], [1240, 3147], [1240, 3148], [1236, 3152], [1236, 3153], [1232, 3157], [1232, 3158], [1229, 3161], [1229, 3162], [1225, 3166], [1225, 3167], [1221, 3171], [1221, 3172], [1218, 3175], [1218, 3176], [1216, 3178], [1216, 3179], [1215, 3180], [1215, 3181], [1214, 3182], [1214, 3183], [1213, 3184], [1213, 3185], [1212, 3186], [1212, 3187], [1211, 3188], [1211, 3189], [1210, 3190], [1210, 3192], [1209, 3193], [1209, 3195], [1208, 3196], [1208, 3200], [1207, 3201], [1207, 3204], [1206, 3205], [1206, 3207], [1205, 3208], [1205, 3211], [1204, 3212], [1204, 3218], [1203, 3219], [1203, 3224], [1202, 3225], [1202, 3229], [1201, 3230], [1201, 3235], [1202, 3236], [1202, 3239], [1203, 3240], [1203, 3244], [1204, 3245], [1204, 3249], [1205, 3250], [1205, 3251], [1206, 3252], [1206, 3253], [1207, 3254], [1207, 3255], [1209, 3257], [1209, 3258], [1212, 3261], [1212, 3262], [1216, 3266], [1216, 3267], [1218, 3269], [1218, 3270], [1220, 3272], [1220, 3273], [1221, 3274], [1221, 3276], [1222, 3277], [1222, 3278], [1225, 3281], [1225, 3282], [1226, 3282], [1228, 3284], [1229, 3284], [1230, 3285], [1231, 3285], [1232, 3286], [1234, 3286], [1235, 3287], [1237, 3287], [1238, 3288], [1246, 3288], [1247, 3289], [1271, 3289], [1272, 3290], [1312, 3290], [1313, 3291], [1315, 3291], [1316, 3290], [1320, 3290], [1321, 3289], [1322, 3289], [1323, 3288], [1324, 3288], [1328, 3284], [1328, 3283], [1334, 3277], [1334, 3276], [1336, 3274], [1336, 3273], [1338, 3271], [1338, 3270], [1340, 3268], [1340, 3267], [1342, 3265], [1342, 3264], [1345, 3261], [1345, 3260], [1347, 3258], [1347, 3257], [1350, 3254], [1350, 3253], [1352, 3251], [1352, 3250], [1355, 3247], [1355, 3246], [1359, 3242], [1359, 3241], [1366, 3234], [1366, 3233], [1370, 3229], [1370, 3228], [1373, 3225], [1373, 3224], [1375, 3222], [1375, 3221], [1379, 3217], [1379, 3216], [1383, 3212], [1383, 3211], [1386, 3208], [1386, 3207], [1389, 3204], [1389, 3203], [1393, 3199], [1393, 3198], [1396, 3195], [1396, 3194], [1399, 3191], [1399, 3190], [1401, 3188], [1401, 3187], [1403, 3185], [1403, 3184], [1406, 3181], [1406, 3180], [1409, 3177], [1409, 3176], [1412, 3173], [1412, 3172], [1414, 3170], [1414, 3169], [1419, 3164], [1419, 3163], [1432, 3150], [1432, 3149], [1435, 3146], [1435, 3145], [1439, 3141], [1439, 3140], [1442, 3137], [1443, 3137], [1443, 3136], [1445, 3134], [1445, 3133], [1446, 3132], [1446, 3116], [1445, 3115], [1445, 3113], [1442, 3110], [1442, 3109], [1440, 3107], [1440, 3106], [1438, 3104], [1438, 3103], [1437, 3102], [1437, 3101], [1435, 3099], [1435, 3098], [1434, 3097], [1434, 3096], [1433, 3095], [1433, 3094], [1432, 3093], [1432, 3092], [1431, 3091], [1431, 3090], [1430, 3089], [1430, 3088], [1429, 3087], [1429, 3086], [1427, 3084], [1427, 3083], [1426, 3082], [1426, 3081], [1424, 3079], [1424, 3078], [1412, 3066], [1411, 3066], [1408, 3063], [1407, 3063], [1402, 3058], [1402, 3057], [1400, 3055], [1400, 3054], [1398, 3052], [1398, 3051], [1396, 3049], [1396, 3048], [1393, 3045], [1392, 3045], [1390, 3043], [1389, 3043], [1388, 3042], [1386, 3042], [1385, 3041], [1384, 3041], [1383, 3040], [1381, 3040], [1380, 3039], [1377, 3039], [1376, 3038], [1373, 3038], [1372, 3037], [1369, 3037], [1368, 3036], [1366, 3036], [1365, 3035], [1363, 3035], [1362, 3034], [1361, 3034], [1359, 3032], [1358, 3032], [1357, 3031], [1356, 3031], [1355, 3030], [1354, 3030], [1353, 3029], [1351, 3029], [1350, 3028], [1347, 3028], [1346, 3027], [1343, 3027], [1342, 3026]]]",
Polygon 30,mask,"[[[1924, 3906], [1923, 3907], [1921, 3907], [1920, 3908], [1919, 3908], [1918, 3909], [1917, 3909], [1916, 3910], [1915, 3910], [1914, 3911], [1913, 3911], [1912, 3912], [1911, 3912], [1910, 3913], [1908, 3913], [1906, 3915], [1905, 3915], [1904, 3916], [1902, 3916], [1901, 3917], [1900, 3917], [1899, 3918], [1897, 3918], [1896, 3919], [1895, 3919], [1894, 3920], [1893, 3920], [1892, 3921], [1891, 3921], [1890, 3922], [1888, 3922], [1887, 3923], [1886, 3923], [1885, 3924], [1883, 3924], [1882, 3925], [1881, 3925], [1880, 3926], [1878, 3926], [1877, 3927], [1876, 3927], [1875, 3928], [1874, 3928], [1873, 3929], [1872, 3929], [1871, 3930], [1870, 3930], [1869, 3931], [1868, 3931], [1867, 3932], [1866, 3932], [1865, 3933], [1864, 3933], [1863, 3934], [1862, 3934], [1861, 3935], [1860, 3935], [1859, 3936], [1858, 3936], [1857, 3937], [1856, 3937], [1855, 3938], [1854, 3938], [1853, 3939], [1851, 3939], [1850, 3940], [1849, 3940], [1848, 3941], [1846, 3941], [1845, 3942], [1843, 3942], [1842, 3943], [1841, 3943], [1840, 3944], [1839, 3944], [1838, 3945], [1836, 3945], [1835, 3946], [1834, 3946], [1833, 3947], [1832, 3947], [1831, 3948], [1830, 3948], [1829, 3949], [1828, 3949], [1826, 3951], [1825, 3951], [1824, 3952], [1823, 3952], [1822, 3953], [1821, 3953], [1820, 3954], [1819, 3954], [1818, 3955], [1817, 3955], [1816, 3956], [1815, 3956], [1814, 3957], [1813, 3957], [1812, 3958], [1811, 3958], [1810, 3959], [1808, 3959], [1807, 3960], [1805, 3960], [1804, 3961], [1802, 3961], [1801, 3962], [1798, 3962], [1797, 3963], [1795, 3963], [1794, 3964], [1791, 3964], [1790, 3965], [1788, 3965], [1787, 3966], [1786, 3966], [1785, 3967], [1784, 3967], [1783, 3968], [1782, 3968], [1780, 3970], [1779, 3970], [1778, 3971], [1777, 3971], [1776, 3972], [1775, 3972], [1773, 3974], [1772, 3974], [1771, 3975], [1770, 3975], [1769, 3976], [1767, 3976], [1766, 3977], [1765, 3977], [1764, 3978], [1763, 3978], [1762, 3979], [1760, 3979], [1759, 3980], [1758, 3980], [1757, 3981], [1756, 3981], [1755, 3982], [1754, 3982], [1753, 3983], [1752, 3983], [1751, 3984], [1750, 3984], [1747, 3987], [1746, 3987], [1740, 3993], [1740, 3994], [1737, 3997], [1737, 3998], [1736, 3999], [1736, 4000], [1734, 4002], [1734, 4003], [1733, 4004], [1733, 4005], [1732, 4006], [1732, 4007], [1730, 4009], [1730, 4010], [1729, 4011], [1729, 4012], [1727, 4014], [1727, 4015], [1726, 4016], [1726, 4018], [1725, 4019], [1725, 4020], [1724, 4021], [1724, 4023], [1723, 4024], [1723, 4025], [1722, 4026], [1722, 4029], [1721, 4030], [1721, 4032], [1720, 4033], [1720, 4038], [1719, 4039], [1719, 4044], [1718, 4045], [1718, 4051], [1717, 4052], [1717, 4060], [1716, 4061], [1716, 4073], [1717, 4074], [1717, 4075], [1719, 4077], [1719, 4078], [1721, 4080], [1721, 4081], [1724, 4084], [1724, 4085], [1729, 4090], [1730, 4090], [1732, 4092], [1733, 4092], [1735, 4094], [1736, 4094], [1738, 4096], [1739, 4096], [1740, 4097], [1741, 4097], [1743, 4099], [1744, 4099], [1746, 4101], [1747, 4101], [1748, 4102], [1749, 4102], [1750, 4103], [1751, 4103], [1752, 4104], [1753, 4104], [1754, 4105], [1755, 4105], [1756, 4106], [1757, 4106], [1758, 4107], [1759, 4107], [1761, 4109], [1762, 4109], [1763, 4110], [1764, 4110], [1765, 4111], [1766, 4111], [1768, 4113], [1769, 4113], [1771, 4115], [1772, 4115], [1774, 4117], [1775, 4117], [1778, 4120], [1779, 4120], [1784, 4125], [1785, 4125], [1786, 4126], [1787, 4126], [1788, 4127], [1793, 4127], [1794, 4128], [1807, 4128], [1808, 4127], [1809, 4127], [1810, 4126], [1811, 4126], [1813, 4124], [1814, 4124], [1815, 4123], [1816, 4123], [1817, 4122], [1818, 4122], [1819, 4121], [1821, 4121], [1822, 4120], [1823, 4120], [1824, 4119], [1825, 4119], [1826, 4118], [1827, 4118], [1828, 4117], [1829, 4117], [1830, 4116], [1831, 4116], [1832, 4115], [1833, 4115], [1834, 4114], [1836, 4114], [1837, 4113], [1838, 4113], [1839, 4112], [1840, 4112], [1841, 4111], [1842, 4111], [1843, 4110], [1844, 4110], [1845, 4109], [1846, 4109], [1847, 4108], [1848, 4108], [1849, 4107], [1850, 4107], [1851, 4106], [1852, 4106], [1853, 4105], [1854, 4105], [1855, 4104], [1856, 4104], [1857, 4103], [1859, 4103], [1860, 4102], [1861, 4102], [1862, 4101], [1863, 4101], [1864, 4100], [1865, 4100], [1866, 4099], [1867, 4099], [1868, 4098], [1869, 4098], [1870, 4097], [1871, 4097], [1872, 4096], [1873, 4096], [1874, 4095], [1876, 4095], [1877, 4094], [1878, 4094], [1879, 4093], [1880, 4093], [1881, 4092], [1882, 4092], [1883, 4091], [1884, 4091], [1885, 4090], [1886, 4090], [1887, 4089], [1888, 4089], [1889, 4088], [1890, 4088], [1891, 4087], [1892, 4087], [1893, 4086], [1894, 4086], [1895, 4085], [1896, 4085], [1897, 4084], [1899, 4084], [1900, 4083], [1902, 4083], [1903, 4082], [1904, 4082], [1905, 4081], [1906, 4081], [1907, 4080], [1908, 4080], [1909, 4079], [1910, 4079], [1911, 4078], [1912, 4078], [1913, 4077], [1915, 4077], [1916, 4076], [1917, 4076], [1918, 4075], [1920, 4075], [1921, 4074], [1922, 4074], [1923, 4073], [1924, 4073], [1925, 4072], [1926, 4072], [1927, 4071], [1928, 4071], [1929, 4070], [1931, 4070], [1932, 4069], [1933, 4069], [1934, 4068], [1935, 4068], [1936, 4067], [1937, 4067], [1938, 4066], [1940, 4066], [1941, 4065], [1942, 4065], [1943, 4064], [1945, 4064], [1946, 4063], [1947, 4063], [1948, 4062], [1949, 4062], [1950, 4061], [1951, 4061], [1952, 4060], [1953, 4060], [1954, 4059], [1956, 4059], [1957, 4058], [1958, 4058], [1959, 4057], [1960, 4057], [1961, 4056], [1963, 4056], [1964, 4055], [1965, 4055], [1966, 4054], [1968, 4054], [1969, 4053], [1970, 4053], [1971, 4052], [1972, 4052], [1973, 4051], [1975, 4051], [1976, 4050], [1978, 4050], [1979, 4049], [1980, 4049], [1982, 4047], [1983, 4047], [1984, 4046], [1984, 4045], [1985, 4044], [1985, 4043], [1986, 4042], [1986, 4041], [1987, 4040], [1987, 4037], [1988, 4036], [1988, 4005], [1987, 4004], [1987, 3994], [1986, 3993], [1986, 3989], [1985, 3988], [1985, 3985], [1984, 3984], [1984, 3980], [1983, 3979], [1983, 3977], [1982, 3976], [1982, 3974], [1981, 3973], [1981, 3971], [1980, 3970], [1980, 3968], [1979, 3967], [1979, 3965], [1978, 3964], [1978, 3963], [1977, 3962], [1977, 3961], [1976, 3960], [1976, 3958], [1975, 3957], [1975, 3955], [1974, 3954], [1974, 3952], [1973, 3951], [1973, 3950], [1972, 3949], [1972, 3948], [1971, 3947], [1971, 3945], [1970, 3944], [1970, 3943], [1969, 3942], [1969, 3941], [1968, 3940], [1968, 3938], [1966, 3936], [1966, 3935], [1964, 3933], [1964, 3932], [1963, 3932], [1960, 3929], [1959, 3929], [1958, 3928], [1957, 3928], [1956, 3927], [1955, 3927], [1952, 3924], [1951, 3924], [1944, 3917], [1944, 3916], [1941, 3913], [1941, 3912], [1939, 3910], [1938, 3910], [1937, 3909], [1936, 3909], [1935, 3908], [1933, 3908], [1932, 3907], [1929, 3907], [1928, 3906]]]",
Polygon 31,mask,"[[[2525, 2683], [2524, 2684], [2516, 2684], [2515, 2685], [2511, 2685], [2510, 2686], [2509, 2686], [2507, 2688], [2506, 2688], [2506, 2689], [2503, 2692], [2503, 2693], [2493, 2703], [2493, 2704], [2492, 2705], [2491, 2705], [2486, 2710], [2485, 2710], [2483, 2712], [2482, 2712], [2479, 2715], [2478, 2715], [2476, 2717], [2475, 2717], [2473, 2719], [2472, 2719], [2471, 2720], [2470, 2720], [2469, 2721], [2468, 2721], [2467, 2722], [2466, 2722], [2464, 2724], [2463, 2724], [2462, 2725], [2461, 2725], [2459, 2727], [2458, 2727], [2452, 2733], [2452, 2734], [2451, 2735], [2451, 2736], [2450, 2737], [2450, 2738], [2449, 2739], [2449, 2740], [2448, 2741], [2448, 2742], [2447, 2743], [2447, 2745], [2446, 2746], [2446, 2747], [2444, 2749], [2444, 2750], [2442, 2752], [2442, 2753], [2440, 2755], [2440, 2756], [2438, 2758], [2438, 2759], [2436, 2761], [2436, 2762], [2434, 2764], [2434, 2765], [2432, 2767], [2432, 2768], [2429, 2771], [2429, 2772], [2427, 2774], [2427, 2775], [2423, 2779], [2423, 2780], [2419, 2784], [2419, 2785], [2413, 2791], [2413, 2792], [2407, 2798], [2407, 2799], [2401, 2805], [2401, 2806], [2398, 2809], [2398, 2810], [2393, 2815], [2393, 2816], [2389, 2820], [2389, 2821], [2386, 2824], [2386, 2825], [2385, 2826], [2385, 2827], [2384, 2828], [2384, 2829], [2383, 2830], [2383, 2831], [2382, 2832], [2382, 2833], [2381, 2834], [2381, 2835], [2380, 2836], [2380, 2838], [2379, 2839], [2379, 2842], [2378, 2843], [2378, 2848], [2377, 2849], [2377, 2853], [2376, 2854], [2376, 2858], [2375, 2859], [2375, 2871], [2376, 2872], [2376, 2894], [2375, 2895], [2375, 2897], [2376, 2898], [2376, 2902], [2377, 2903], [2377, 2904], [2378, 2905], [2378, 2906], [2379, 2907], [2379, 2908], [2380, 2909], [2380, 2910], [2382, 2912], [2382, 2913], [2385, 2916], [2385, 2917], [2386, 2917], [2392, 2923], [2393, 2923], [2396, 2926], [2397, 2926], [2398, 2927], [2399, 2927], [2401, 2929], [2402, 2929], [2403, 2930], [2404, 2930], [2405, 2931], [2407, 2931], [2408, 2932], [2409, 2932], [2410, 2933], [2414, 2933], [2415, 2934], [2423, 2934], [2424, 2935], [2435, 2935], [2436, 2936], [2448, 2936], [2449, 2937], [2459, 2937], [2460, 2938], [2480, 2938], [2481, 2937], [2487, 2937], [2489, 2935], [2490, 2935], [2492, 2933], [2492, 2932], [2496, 2928], [2496, 2927], [2508, 2915], [2508, 2914], [2512, 2910], [2512, 2909], [2515, 2906], [2515, 2905], [2520, 2900], [2520, 2899], [2526, 2893], [2526, 2892], [2532, 2886], [2532, 2885], [2538, 2879], [2538, 2878], [2546, 2870], [2546, 2869], [2554, 2861], [2554, 2860], [2558, 2856], [2558, 2855], [2563, 2850], [2563, 2849], [2611, 2801], [2612, 2801], [2614, 2799], [2614, 2798], [2616, 2796], [2616, 2795], [2617, 2794], [2617, 2793], [2618, 2792], [2618, 2791], [2619, 2790], [2619, 2789], [2620, 2788], [2620, 2780], [2619, 2779], [2619, 2777], [2618, 2776], [2618, 2775], [2617, 2774], [2617, 2773], [2616, 2772], [2616, 2770], [2615, 2769], [2615, 2767], [2614, 2766], [2614, 2765], [2613, 2764], [2613, 2762], [2612, 2761], [2612, 2760], [2611, 2759], [2611, 2757], [2610, 2756], [2610, 2755], [2609, 2754], [2609, 2753], [2608, 2752], [2608, 2751], [2607, 2750], [2607, 2749], [2606, 2748], [2606, 2747], [2605, 2746], [2605, 2745], [2604, 2744], [2604, 2742], [2603, 2741], [2603, 2740], [2602, 2739], [2602, 2738], [2600, 2736], [2600, 2735], [2599, 2734], [2599, 2733], [2595, 2729], [2595, 2728], [2585, 2718], [2585, 2717], [2576, 2708], [2575, 2708], [2571, 2704], [2570, 2704], [2567, 2701], [2566, 2701], [2564, 2699], [2563, 2699], [2561, 2697], [2560, 2697], [2559, 2696], [2557, 2696], [2556, 2695], [2555, 2695], [2554, 2694], [2552, 2694], [2551, 2693], [2548, 2693], [2547, 2692], [2545, 2692], [2544, 2691], [2542, 2691], [2541, 2690], [2540, 2690], [2539, 2689], [2538, 2689], [2537, 2688], [2536, 2688], [2535, 2687], [2534, 2687], [2532, 2685], [2531, 2685], [2530, 2684], [2527, 2684], [2526, 2683]]]",
Polygon 32,mask,"[[[1823, 3142], [1822, 3143], [1821, 3143], [1819, 3145], [1818, 3145], [1815, 3148], [1814, 3148], [1810, 3152], [1809, 3152], [1805, 3156], [1804, 3156], [1800, 3160], [1799, 3160], [1793, 3166], [1792, 3166], [1771, 3187], [1770, 3187], [1766, 3191], [1765, 3191], [1762, 3194], [1761, 3194], [1755, 3200], [1754, 3200], [1726, 3228], [1725, 3228], [1716, 3237], [1715, 3237], [1711, 3241], [1710, 3241], [1695, 3256], [1694, 3256], [1691, 3259], [1690, 3259], [1687, 3262], [1686, 3262], [1682, 3266], [1681, 3266], [1678, 3269], [1677, 3269], [1673, 3273], [1673, 3274], [1672, 3275], [1672, 3277], [1671, 3278], [1671, 3281], [1670, 3282], [1670, 3284], [1669, 3285], [1669, 3288], [1668, 3289], [1668, 3291], [1667, 3292], [1667, 3294], [1666, 3295], [1666, 3297], [1665, 3298], [1665, 3301], [1664, 3302], [1664, 3304], [1663, 3305], [1663, 3309], [1662, 3310], [1662, 3316], [1661, 3317], [1661, 3321], [1660, 3322], [1660, 3325], [1659, 3326], [1659, 3329], [1658, 3330], [1658, 3342], [1659, 3343], [1659, 3351], [1660, 3352], [1660, 3354], [1661, 3355], [1661, 3356], [1662, 3357], [1662, 3359], [1663, 3360], [1663, 3361], [1665, 3363], [1665, 3364], [1667, 3366], [1667, 3367], [1676, 3376], [1677, 3376], [1679, 3378], [1680, 3378], [1682, 3380], [1683, 3380], [1684, 3381], [1685, 3381], [1686, 3382], [1687, 3382], [1688, 3383], [1690, 3383], [1691, 3384], [1695, 3384], [1696, 3385], [1700, 3385], [1701, 3386], [1705, 3386], [1706, 3387], [1711, 3387], [1712, 3388], [1717, 3388], [1718, 3389], [1722, 3389], [1723, 3390], [1727, 3390], [1728, 3391], [1732, 3391], [1733, 3392], [1736, 3392], [1737, 3393], [1740, 3393], [1741, 3394], [1743, 3394], [1744, 3395], [1749, 3395], [1750, 3396], [1753, 3396], [1754, 3395], [1765, 3395], [1766, 3394], [1767, 3394], [1768, 3393], [1769, 3393], [1771, 3391], [1772, 3391], [1777, 3386], [1778, 3386], [1792, 3372], [1793, 3372], [1797, 3368], [1798, 3368], [1801, 3365], [1802, 3365], [1809, 3358], [1809, 3357], [1837, 3329], [1838, 3329], [1854, 3313], [1855, 3313], [1860, 3308], [1861, 3308], [1865, 3304], [1866, 3304], [1873, 3297], [1874, 3297], [1878, 3293], [1879, 3293], [1884, 3288], [1885, 3288], [1895, 3278], [1896, 3278], [1902, 3272], [1903, 3272], [1906, 3269], [1907, 3269], [1911, 3265], [1911, 3264], [1912, 3263], [1912, 3262], [1913, 3261], [1913, 3260], [1914, 3259], [1914, 3257], [1915, 3256], [1915, 3248], [1914, 3247], [1914, 3245], [1913, 3244], [1913, 3242], [1912, 3241], [1912, 3238], [1911, 3237], [1911, 3234], [1910, 3233], [1910, 3231], [1909, 3230], [1909, 3228], [1908, 3227], [1908, 3225], [1907, 3224], [1907, 3222], [1906, 3221], [1906, 3220], [1905, 3219], [1905, 3217], [1904, 3216], [1904, 3215], [1903, 3214], [1903, 3213], [1902, 3212], [1902, 3210], [1901, 3209], [1901, 3208], [1900, 3207], [1900, 3206], [1899, 3205], [1899, 3204], [1897, 3202], [1897, 3201], [1896, 3200], [1896, 3199], [1894, 3197], [1894, 3196], [1892, 3194], [1892, 3193], [1888, 3189], [1888, 3188], [1885, 3185], [1885, 3184], [1882, 3181], [1882, 3180], [1876, 3174], [1876, 3173], [1873, 3170], [1873, 3169], [1871, 3167], [1871, 3166], [1868, 3163], [1867, 3163], [1865, 3161], [1864, 3161], [1863, 3160], [1862, 3160], [1861, 3159], [1860, 3159], [1859, 3158], [1858, 3158], [1857, 3157], [1856, 3157], [1855, 3156], [1854, 3156], [1853, 3155], [1852, 3155], [1851, 3154], [1850, 3154], [1849, 3153], [1848, 3153], [1847, 3152], [1846, 3152], [1845, 3151], [1843, 3151], [1842, 3150], [1841, 3150], [1840, 3149], [1838, 3149], [1837, 3148], [1836, 3148], [1834, 3146], [1833, 3146], [1832, 3145], [1831, 3145], [1829, 3143], [1828, 3143], [1827, 3142]]]",
Polygon 33,mask,"[[[3109, 3555], [3108, 3556], [3105, 3556], [3104, 3557], [3102, 3557], [3101, 3558], [3100, 3558], [3099, 3559], [3098, 3559], [3097, 3560], [3096, 3560], [3094, 3562], [3093, 3562], [3089, 3566], [3088, 3566], [3087, 3567], [3087, 3568], [3085, 3570], [3085, 3571], [3083, 3573], [3083, 3575], [3082, 3576], [3082, 3577], [3081, 3578], [3081, 3581], [3080, 3582], [3080, 3583], [3079, 3584], [3079, 3585], [3077, 3587], [3077, 3588], [3073, 3592], [3073, 3593], [3072, 3594], [3072, 3595], [3071, 3596], [3071, 3598], [3070, 3599], [3070, 3602], [3069, 3603], [3069, 3606], [3068, 3607], [3068, 3610], [3067, 3611], [3067, 3613], [3066, 3614], [3066, 3617], [3065, 3618], [3065, 3620], [3064, 3621], [3064, 3624], [3063, 3625], [3063, 3630], [3062, 3631], [3062, 3635], [3061, 3636], [3061, 3644], [3060, 3645], [3061, 3646], [3061, 3664], [3062, 3665], [3062, 3668], [3063, 3669], [3063, 3672], [3064, 3673], [3064, 3675], [3065, 3676], [3065, 3678], [3066, 3679], [3066, 3681], [3067, 3682], [3067, 3685], [3068, 3686], [3068, 3689], [3069, 3690], [3069, 3692], [3070, 3693], [3070, 3695], [3071, 3696], [3071, 3698], [3073, 3700], [3073, 3701], [3074, 3702], [3074, 3703], [3077, 3706], [3078, 3706], [3079, 3707], [3080, 3707], [3081, 3708], [3082, 3708], [3083, 3709], [3085, 3709], [3086, 3710], [3090, 3710], [3091, 3711], [3099, 3711], [3100, 3712], [3108, 3712], [3109, 3713], [3119, 3713], [3120, 3714], [3130, 3714], [3131, 3715], [3139, 3715], [3140, 3716], [3146, 3716], [3147, 3717], [3153, 3717], [3154, 3718], [3162, 3718], [3163, 3719], [3171, 3719], [3172, 3720], [3182, 3720], [3183, 3721], [3191, 3721], [3192, 3722], [3199, 3722], [3200, 3723], [3207, 3723], [3208, 3724], [3216, 3724], [3217, 3725], [3228, 3725], [3229, 3726], [3236, 3726], [3237, 3727], [3243, 3727], [3244, 3728], [3250, 3728], [3251, 3729], [3271, 3729], [3272, 3728], [3275, 3728], [3276, 3727], [3277, 3727], [3278, 3726], [3280, 3726], [3281, 3725], [3283, 3725], [3284, 3724], [3285, 3724], [3286, 3723], [3287, 3723], [3288, 3722], [3289, 3722], [3290, 3721], [3291, 3721], [3292, 3720], [3293, 3720], [3294, 3719], [3295, 3719], [3296, 3718], [3297, 3718], [3298, 3717], [3299, 3717], [3302, 3714], [3303, 3714], [3305, 3712], [3306, 3712], [3309, 3709], [3310, 3709], [3312, 3707], [3313, 3707], [3316, 3704], [3317, 3704], [3319, 3702], [3320, 3702], [3321, 3701], [3322, 3701], [3323, 3700], [3324, 3700], [3325, 3699], [3326, 3699], [3328, 3697], [3329, 3697], [3334, 3692], [3334, 3691], [3335, 3690], [3335, 3689], [3336, 3688], [3336, 3687], [3337, 3686], [3337, 3684], [3338, 3683], [3338, 3681], [3339, 3680], [3339, 3677], [3340, 3676], [3340, 3672], [3341, 3671], [3341, 3667], [3342, 3666], [3342, 3653], [3341, 3652], [3341, 3646], [3340, 3645], [3340, 3643], [3339, 3642], [3339, 3641], [3338, 3640], [3338, 3639], [3336, 3637], [3336, 3636], [3334, 3634], [3334, 3633], [3333, 3632], [3333, 3631], [3332, 3630], [3332, 3629], [3331, 3628], [3331, 3627], [3329, 3625], [3329, 3624], [3328, 3623], [3328, 3622], [3326, 3620], [3326, 3619], [3323, 3616], [3323, 3615], [3320, 3612], [3320, 3611], [3317, 3608], [3317, 3607], [3315, 3605], [3315, 3604], [3314, 3603], [3314, 3602], [3313, 3601], [3313, 3599], [3312, 3598], [3312, 3597], [3311, 3596], [3311, 3595], [3310, 3594], [3310, 3593], [3308, 3591], [3308, 3590], [3307, 3589], [3307, 3588], [3306, 3587], [3306, 3586], [3301, 3581], [3299, 3581], [3298, 3580], [3296, 3580], [3295, 3579], [3291, 3579], [3290, 3578], [3285, 3578], [3284, 3577], [3278, 3577], [3277, 3576], [3271, 3576], [3270, 3575], [3253, 3575], [3252, 3574], [3242, 3574], [3241, 3573], [3232, 3573], [3231, 3572], [3220, 3572], [3219, 3571], [3210, 3571], [3209, 3570], [3198, 3570], [3197, 3569], [3186, 3569], [3185, 3568], [3175, 3568], [3174, 3567], [3166, 3567], [3165, 3566], [3156, 3566], [3155, 3565], [3150, 3565], [3149, 3564], [3145, 3564], [3144, 3563], [3140, 3563], [3139, 3562], [3135, 3562], [3134, 3561], [3129, 3561], [3128, 3560], [3125, 3560], [3124, 3559], [3122, 3559], [3121, 3558], [3120, 3558], [3119, 3557], [3118, 3557], [3117, 3556], [3115, 3556], [3114, 3555]]]",
Polygon 34,mask,"[[[1489, 1345], [1488, 1346], [1485, 1346], [1484, 1347], [1481, 1347], [1480, 1348], [1479, 1348], [1478, 1349], [1476, 1349], [1474, 1351], [1473, 1351], [1470, 1354], [1469, 1354], [1465, 1358], [1464, 1358], [1463, 1359], [1462, 1359], [1460, 1361], [1459, 1361], [1458, 1362], [1457, 1362], [1454, 1365], [1453, 1365], [1451, 1367], [1450, 1367], [1447, 1370], [1446, 1370], [1443, 1373], [1442, 1373], [1440, 1375], [1439, 1375], [1437, 1377], [1436, 1377], [1435, 1378], [1434, 1378], [1433, 1379], [1432, 1379], [1431, 1380], [1430, 1380], [1429, 1381], [1428, 1381], [1426, 1383], [1425, 1383], [1419, 1389], [1419, 1390], [1416, 1393], [1416, 1394], [1415, 1395], [1415, 1398], [1414, 1399], [1414, 1410], [1415, 1411], [1415, 1414], [1414, 1415], [1414, 1445], [1415, 1446], [1415, 1458], [1416, 1459], [1416, 1517], [1415, 1518], [1415, 1532], [1414, 1533], [1414, 1564], [1413, 1565], [1413, 1583], [1412, 1584], [1412, 1590], [1413, 1591], [1413, 1594], [1414, 1595], [1414, 1596], [1415, 1597], [1415, 1598], [1416, 1599], [1416, 1600], [1422, 1606], [1423, 1606], [1424, 1607], [1425, 1607], [1426, 1608], [1427, 1608], [1428, 1609], [1431, 1609], [1432, 1610], [1434, 1610], [1435, 1611], [1437, 1611], [1438, 1612], [1440, 1612], [1441, 1613], [1442, 1613], [1443, 1614], [1444, 1614], [1445, 1615], [1446, 1615], [1447, 1616], [1449, 1616], [1450, 1617], [1451, 1617], [1452, 1618], [1453, 1618], [1454, 1619], [1456, 1619], [1457, 1620], [1459, 1620], [1460, 1621], [1463, 1621], [1464, 1622], [1466, 1622], [1467, 1623], [1469, 1623], [1470, 1624], [1474, 1624], [1475, 1625], [1486, 1625], [1487, 1626], [1515, 1626], [1516, 1625], [1520, 1625], [1521, 1624], [1525, 1624], [1526, 1623], [1529, 1623], [1530, 1622], [1532, 1622], [1533, 1621], [1534, 1621], [1535, 1620], [1537, 1620], [1538, 1619], [1540, 1619], [1541, 1618], [1543, 1618], [1544, 1617], [1547, 1617], [1548, 1616], [1551, 1616], [1552, 1615], [1554, 1615], [1555, 1614], [1557, 1614], [1558, 1613], [1559, 1613], [1560, 1612], [1561, 1612], [1564, 1609], [1564, 1608], [1565, 1607], [1565, 1598], [1566, 1597], [1566, 1566], [1567, 1565], [1567, 1463], [1568, 1462], [1568, 1444], [1569, 1443], [1569, 1415], [1568, 1414], [1568, 1411], [1567, 1410], [1567, 1408], [1566, 1407], [1566, 1405], [1565, 1404], [1565, 1403], [1564, 1402], [1564, 1401], [1563, 1400], [1563, 1399], [1560, 1396], [1560, 1395], [1556, 1391], [1556, 1390], [1551, 1385], [1551, 1384], [1547, 1380], [1547, 1379], [1545, 1377], [1545, 1376], [1542, 1373], [1542, 1372], [1539, 1369], [1539, 1368], [1533, 1362], [1533, 1361], [1529, 1357], [1529, 1356], [1524, 1351], [1523, 1351], [1521, 1349], [1519, 1349], [1518, 1348], [1516, 1348], [1515, 1347], [1511, 1347], [1510, 1346], [1504, 1346], [1503, 1345]]]",
Polygon 35,mask,"[[[2015, 2963], [2014, 2964], [2009, 2964], [2008, 2965], [2004, 2965], [2003, 2966], [2002, 2966], [2001, 2967], [1999, 2967], [1997, 2969], [1996, 2969], [1994, 2971], [1993, 2971], [1989, 2975], [1988, 2975], [1967, 2996], [1967, 2997], [1950, 3014], [1949, 3014], [1948, 3015], [1948, 3016], [1945, 3019], [1945, 3021], [1944, 3022], [1944, 3027], [1943, 3028], [1943, 3041], [1944, 3042], [1944, 3045], [1945, 3046], [1945, 3049], [1946, 3050], [1946, 3054], [1947, 3055], [1947, 3060], [1948, 3061], [1948, 3066], [1949, 3067], [1949, 3074], [1950, 3075], [1950, 3083], [1951, 3084], [1951, 3091], [1952, 3092], [1952, 3097], [1953, 3098], [1953, 3101], [1954, 3102], [1954, 3106], [1955, 3107], [1955, 3112], [1956, 3113], [1956, 3115], [1957, 3116], [1957, 3118], [1958, 3119], [1958, 3122], [1959, 3123], [1959, 3127], [1960, 3128], [1960, 3133], [1961, 3134], [1961, 3140], [1962, 3141], [1962, 3148], [1963, 3149], [1963, 3156], [1964, 3157], [1964, 3164], [1965, 3165], [1965, 3171], [1966, 3172], [1966, 3177], [1967, 3178], [1967, 3182], [1968, 3183], [1968, 3187], [1969, 3188], [1969, 3193], [1970, 3194], [1970, 3202], [1971, 3203], [1971, 3211], [1972, 3212], [1972, 3217], [1973, 3218], [1973, 3221], [1974, 3222], [1974, 3224], [1975, 3225], [1975, 3227], [1976, 3228], [1976, 3229], [1979, 3232], [1980, 3232], [1982, 3234], [1984, 3234], [1985, 3235], [1989, 3235], [1990, 3236], [1994, 3236], [1995, 3237], [1999, 3237], [2000, 3238], [2003, 3238], [2004, 3239], [2007, 3239], [2008, 3240], [2011, 3240], [2012, 3241], [2015, 3241], [2016, 3242], [2021, 3242], [2022, 3243], [2039, 3243], [2040, 3242], [2048, 3242], [2049, 3241], [2057, 3241], [2058, 3240], [2069, 3240], [2070, 3239], [2079, 3239], [2080, 3238], [2084, 3238], [2085, 3237], [2087, 3237], [2088, 3236], [2090, 3236], [2091, 3235], [2092, 3235], [2095, 3232], [2096, 3232], [2105, 3223], [2106, 3223], [2107, 3222], [2108, 3222], [2110, 3220], [2112, 3220], [2113, 3219], [2114, 3219], [2115, 3218], [2116, 3218], [2117, 3217], [2118, 3217], [2119, 3216], [2120, 3216], [2121, 3215], [2122, 3215], [2122, 3214], [2124, 3212], [2124, 3211], [2125, 3210], [2125, 3202], [2124, 3201], [2124, 3190], [2123, 3189], [2123, 3185], [2122, 3184], [2122, 3179], [2121, 3178], [2121, 3172], [2120, 3171], [2120, 3167], [2119, 3166], [2119, 3162], [2118, 3161], [2118, 3156], [2117, 3155], [2117, 3150], [2116, 3149], [2116, 3144], [2115, 3143], [2115, 3138], [2114, 3137], [2114, 3133], [2113, 3132], [2113, 3128], [2112, 3127], [2112, 3122], [2111, 3121], [2111, 3116], [2110, 3115], [2110, 3110], [2109, 3109], [2109, 3105], [2108, 3104], [2108, 3099], [2107, 3098], [2107, 3094], [2106, 3093], [2106, 3089], [2105, 3088], [2105, 3083], [2104, 3082], [2104, 3077], [2103, 3076], [2103, 3071], [2102, 3070], [2102, 3064], [2101, 3063], [2101, 3057], [2100, 3056], [2100, 3053], [2099, 3052], [2099, 3048], [2098, 3047], [2098, 3042], [2097, 3041], [2097, 3036], [2096, 3035], [2096, 3029], [2095, 3028], [2095, 3024], [2094, 3023], [2094, 3019], [2093, 3018], [2093, 3017], [2092, 3016], [2092, 3014], [2090, 3012], [2090, 3011], [2088, 3009], [2088, 3008], [2086, 3006], [2086, 3005], [2084, 3003], [2084, 3002], [2079, 2997], [2079, 2996], [2076, 2993], [2075, 2993], [2068, 2986], [2067, 2986], [2062, 2981], [2061, 2981], [2059, 2979], [2058, 2979], [2054, 2975], [2053, 2975], [2051, 2973], [2050, 2973], [2046, 2969], [2045, 2969], [2042, 2966], [2041, 2966], [2039, 2964], [2035, 2964], [2034, 2963]]]",
Polygon 36,mask,"[[[2270, 2202], [2269, 2203], [2267, 2203], [2266, 2204], [2265, 2204], [2264, 2205], [2263, 2205], [2262, 2206], [2260, 2206], [2259, 2207], [2258, 2207], [2257, 2208], [2256, 2208], [2254, 2210], [2253, 2210], [2252, 2211], [2251, 2211], [2249, 2213], [2248, 2213], [2246, 2215], [2245, 2215], [2242, 2218], [2241, 2218], [2237, 2222], [2236, 2222], [2230, 2228], [2230, 2229], [2227, 2232], [2227, 2233], [2225, 2235], [2225, 2236], [2223, 2238], [2223, 2239], [2222, 2240], [2222, 2241], [2221, 2242], [2221, 2244], [2220, 2245], [2220, 2246], [2219, 2247], [2219, 2248], [2218, 2249], [2218, 2251], [2217, 2252], [2217, 2254], [2216, 2255], [2216, 2258], [2215, 2259], [2215, 2261], [2214, 2262], [2214, 2264], [2213, 2265], [2213, 2268], [2212, 2269], [2212, 2271], [2211, 2272], [2211, 2274], [2210, 2275], [2210, 2277], [2209, 2278], [2209, 2281], [2208, 2282], [2208, 2284], [2207, 2285], [2207, 2287], [2206, 2288], [2206, 2290], [2205, 2291], [2205, 2294], [2206, 2295], [2206, 2298], [2207, 2299], [2207, 2300], [2208, 2301], [2208, 2303], [2209, 2304], [2209, 2305], [2210, 2306], [2210, 2309], [2211, 2310], [2211, 2312], [2212, 2313], [2212, 2314], [2213, 2315], [2213, 2316], [2214, 2317], [2214, 2318], [2217, 2321], [2217, 2322], [2220, 2325], [2220, 2326], [2222, 2328], [2222, 2329], [2223, 2330], [2223, 2331], [2225, 2333], [2225, 2334], [2226, 2335], [2226, 2336], [2228, 2338], [2228, 2339], [2230, 2341], [2230, 2342], [2232, 2344], [2232, 2345], [2233, 2346], [2233, 2347], [2236, 2350], [2236, 2351], [2238, 2353], [2238, 2354], [2240, 2356], [2240, 2357], [2243, 2360], [2243, 2361], [2245, 2363], [2245, 2364], [2247, 2366], [2247, 2367], [2248, 2368], [2248, 2369], [2250, 2371], [2250, 2372], [2253, 2375], [2253, 2376], [2256, 2379], [2256, 2380], [2258, 2382], [2258, 2383], [2259, 2384], [2259, 2385], [2261, 2387], [2261, 2388], [2262, 2389], [2262, 2390], [2264, 2392], [2264, 2393], [2266, 2395], [2266, 2396], [2268, 2398], [2268, 2399], [2269, 2400], [2269, 2401], [2271, 2403], [2271, 2404], [2272, 2405], [2272, 2406], [2273, 2407], [2273, 2408], [2275, 2410], [2275, 2411], [2276, 2412], [2276, 2413], [2277, 2414], [2277, 2415], [2278, 2416], [2278, 2417], [2280, 2419], [2280, 2420], [2281, 2421], [2281, 2422], [2282, 2423], [2282, 2424], [2283, 2425], [2283, 2426], [2284, 2427], [2284, 2428], [2286, 2430], [2286, 2431], [2287, 2432], [2287, 2433], [2288, 2434], [2288, 2435], [2290, 2437], [2290, 2438], [2292, 2440], [2292, 2441], [2295, 2444], [2295, 2445], [2297, 2447], [2297, 2448], [2299, 2450], [2299, 2451], [2301, 2453], [2301, 2454], [2304, 2457], [2304, 2458], [2312, 2466], [2313, 2466], [2314, 2467], [2315, 2467], [2316, 2468], [2322, 2468], [2323, 2469], [2328, 2469], [2329, 2470], [2337, 2470], [2338, 2469], [2344, 2469], [2345, 2468], [2350, 2468], [2351, 2467], [2356, 2467], [2357, 2466], [2360, 2466], [2361, 2465], [2363, 2465], [2364, 2464], [2366, 2464], [2367, 2463], [2368, 2463], [2369, 2462], [2370, 2462], [2371, 2461], [2372, 2461], [2373, 2460], [2374, 2460], [2375, 2459], [2377, 2459], [2378, 2458], [2379, 2458], [2380, 2457], [2382, 2457], [2383, 2456], [2385, 2456], [2386, 2455], [2389, 2455], [2390, 2454], [2392, 2454], [2393, 2453], [2395, 2453], [2396, 2452], [2397, 2452], [2398, 2451], [2399, 2451], [2400, 2450], [2401, 2450], [2403, 2448], [2404, 2448], [2405, 2447], [2406, 2447], [2408, 2445], [2409, 2445], [2412, 2442], [2413, 2442], [2414, 2441], [2414, 2440], [2416, 2438], [2416, 2437], [2417, 2436], [2417, 2435], [2418, 2434], [2418, 2433], [2419, 2432], [2419, 2431], [2420, 2430], [2420, 2429], [2421, 2428], [2421, 2427], [2423, 2425], [2423, 2424], [2425, 2422], [2425, 2421], [2427, 2419], [2427, 2418], [2429, 2416], [2429, 2415], [2432, 2412], [2432, 2411], [2434, 2409], [2434, 2408], [2435, 2407], [2435, 2406], [2436, 2405], [2436, 2404], [2437, 2403], [2437, 2402], [2438, 2401], [2438, 2399], [2439, 2398], [2439, 2396], [2440, 2395], [2440, 2394], [2439, 2393], [2439, 2391], [2438, 2390], [2438, 2389], [2436, 2387], [2436, 2386], [2435, 2385], [2435, 2384], [2434, 2383], [2434, 2382], [2433, 2381], [2433, 2380], [2432, 2379], [2432, 2378], [2431, 2377], [2431, 2375], [2430, 2374], [2430, 2373], [2429, 2372], [2429, 2371], [2428, 2370], [2428, 2369], [2427, 2368], [2427, 2367], [2425, 2365], [2425, 2364], [2423, 2362], [2423, 2361], [2421, 2359], [2421, 2358], [2419, 2356], [2419, 2355], [2417, 2353], [2417, 2352], [2415, 2350], [2415, 2349], [2414, 2348], [2414, 2347], [2411, 2344], [2411, 2343], [2410, 2342], [2410, 2341], [2409, 2340], [2409, 2339], [2407, 2337], [2407, 2336], [2406, 2335], [2406, 2334], [2405, 2333], [2405, 2332], [2404, 2331], [2404, 2330], [2402, 2328], [2402, 2327], [2400, 2325], [2400, 2324], [2399, 2323], [2399, 2322], [2397, 2320], [2397, 2319], [2396, 2318], [2396, 2317], [2394, 2315], [2394, 2314], [2393, 2313], [2393, 2312], [2391, 2310], [2391, 2309], [2389, 2307], [2389, 2306], [2388, 2305], [2388, 2304], [2387, 2303], [2387, 2302], [2386, 2301], [2386, 2300], [2385, 2299], [2385, 2298], [2384, 2297], [2384, 2296], [2382, 2294], [2382, 2293], [2381, 2292], [2381, 2291], [2379, 2289], [2379, 2288], [2377, 2286], [2377, 2285], [2376, 2284], [2376, 2283], [2374, 2281], [2374, 2280], [2372, 2278], [2372, 2277], [2371, 2276], [2371, 2275], [2369, 2273], [2369, 2272], [2368, 2271], [2368, 2270], [2366, 2268], [2366, 2267], [2365, 2266], [2365, 2265], [2363, 2263], [2363, 2262], [2362, 2261], [2362, 2260], [2361, 2259], [2361, 2258], [2359, 2256], [2359, 2255], [2357, 2253], [2357, 2252], [2355, 2250], [2355, 2249], [2354, 2248], [2354, 2247], [2352, 2245], [2352, 2244], [2351, 2243], [2351, 2241], [2350, 2240], [2350, 2239], [2349, 2238], [2349, 2237], [2347, 2235], [2347, 2234], [2341, 2228], [2340, 2228], [2338, 2226], [2337, 2226], [2335, 2224], [2334, 2224], [2333, 2223], [2331, 2223], [2330, 2222], [2329, 2222], [2328, 2221], [2327, 2221], [2326, 2220], [2325, 2220], [2324, 2219], [2323, 2219], [2322, 2218], [2321, 2218], [2320, 2217], [2319, 2217], [2318, 2216], [2317, 2216], [2315, 2214], [2313, 2214], [2312, 2213], [2310, 2213], [2309, 2212], [2307, 2212], [2306, 2211], [2304, 2211], [2303, 2210], [2301, 2210], [2300, 2209], [2299, 2209], [2298, 2208], [2297, 2208], [2296, 2207], [2294, 2207], [2293, 2206], [2291, 2206], [2290, 2205], [2287, 2205], [2286, 2204], [2283, 2204], [2282, 2203], [2280, 2203], [2279, 2202]]]",
Polygon 37,mask,"[[[1613, 1890], [1612, 1891], [1605, 1891], [1604, 1892], [1596, 1892], [1595, 1893], [1588, 1893], [1587, 1894], [1584, 1894], [1583, 1895], [1581, 1895], [1580, 1896], [1579, 1896], [1578, 1897], [1577, 1897], [1575, 1899], [1574, 1899], [1574, 1900], [1573, 1901], [1573, 1903], [1572, 1904], [1572, 1906], [1571, 1907], [1571, 1910], [1570, 1911], [1570, 1914], [1569, 1915], [1569, 1920], [1568, 1921], [1568, 1929], [1567, 1930], [1567, 1938], [1566, 1939], [1566, 1947], [1565, 1948], [1565, 1955], [1564, 1956], [1564, 1962], [1563, 1963], [1563, 1970], [1562, 1971], [1562, 1977], [1561, 1978], [1561, 1984], [1560, 1985], [1560, 1991], [1559, 1992], [1559, 1997], [1558, 1998], [1558, 2004], [1557, 2005], [1557, 2013], [1556, 2014], [1556, 2020], [1555, 2021], [1555, 2027], [1554, 2028], [1554, 2035], [1553, 2036], [1553, 2055], [1552, 2056], [1552, 2065], [1551, 2066], [1551, 2071], [1550, 2072], [1550, 2082], [1549, 2083], [1549, 2099], [1550, 2100], [1550, 2104], [1551, 2105], [1551, 2107], [1552, 2108], [1552, 2110], [1553, 2111], [1553, 2113], [1554, 2114], [1554, 2116], [1555, 2117], [1555, 2118], [1556, 2119], [1556, 2120], [1557, 2121], [1557, 2122], [1558, 2123], [1558, 2124], [1559, 2125], [1559, 2126], [1560, 2127], [1560, 2128], [1561, 2129], [1561, 2130], [1562, 2131], [1562, 2132], [1563, 2133], [1563, 2134], [1564, 2135], [1564, 2136], [1567, 2139], [1567, 2140], [1574, 2147], [1574, 2148], [1575, 2148], [1590, 2163], [1591, 2163], [1593, 2165], [1596, 2165], [1597, 2166], [1601, 2166], [1602, 2167], [1604, 2167], [1605, 2168], [1606, 2168], [1607, 2169], [1612, 2169], [1613, 2170], [1614, 2169], [1617, 2169], [1618, 2168], [1623, 2168], [1624, 2167], [1629, 2167], [1630, 2166], [1632, 2166], [1633, 2165], [1634, 2165], [1635, 2164], [1636, 2164], [1637, 2163], [1639, 2163], [1640, 2162], [1642, 2162], [1643, 2161], [1645, 2161], [1646, 2160], [1648, 2160], [1649, 2159], [1651, 2159], [1652, 2158], [1653, 2158], [1654, 2157], [1655, 2157], [1656, 2156], [1657, 2156], [1658, 2155], [1659, 2155], [1660, 2154], [1661, 2154], [1662, 2153], [1663, 2153], [1664, 2152], [1665, 2152], [1666, 2151], [1667, 2151], [1668, 2150], [1670, 2150], [1671, 2149], [1672, 2149], [1673, 2148], [1674, 2148], [1675, 2147], [1676, 2147], [1677, 2146], [1678, 2146], [1679, 2145], [1681, 2145], [1682, 2144], [1683, 2144], [1684, 2143], [1686, 2143], [1688, 2141], [1689, 2141], [1693, 2137], [1693, 2136], [1694, 2135], [1694, 2134], [1695, 2133], [1695, 2132], [1696, 2131], [1696, 2129], [1697, 2128], [1697, 2126], [1698, 2125], [1698, 2123], [1699, 2122], [1699, 2119], [1700, 2118], [1700, 2114], [1701, 2113], [1701, 2108], [1702, 2107], [1702, 2100], [1703, 2099], [1703, 2085], [1704, 2084], [1704, 2063], [1705, 2062], [1705, 2051], [1706, 2050], [1706, 2040], [1707, 2039], [1707, 2028], [1708, 2027], [1708, 2017], [1709, 2016], [1709, 2007], [1710, 2006], [1710, 1998], [1711, 1997], [1711, 1988], [1712, 1987], [1712, 1981], [1713, 1980], [1713, 1975], [1714, 1974], [1714, 1969], [1715, 1968], [1715, 1963], [1716, 1962], [1716, 1958], [1717, 1957], [1717, 1954], [1718, 1953], [1718, 1949], [1719, 1948], [1719, 1944], [1720, 1943], [1720, 1935], [1719, 1934], [1719, 1926], [1718, 1925], [1718, 1924], [1716, 1922], [1716, 1921], [1715, 1921], [1711, 1917], [1710, 1917], [1708, 1915], [1707, 1915], [1706, 1914], [1705, 1914], [1703, 1912], [1702, 1912], [1700, 1910], [1699, 1910], [1697, 1908], [1696, 1908], [1693, 1905], [1692, 1905], [1691, 1904], [1690, 1904], [1689, 1903], [1688, 1903], [1687, 1902], [1686, 1902], [1685, 1901], [1683, 1901], [1682, 1900], [1681, 1900], [1680, 1899], [1678, 1899], [1677, 1898], [1675, 1898], [1674, 1897], [1672, 1897], [1671, 1896], [1668, 1896], [1667, 1895], [1663, 1895], [1662, 1894], [1658, 1894], [1657, 1893], [1652, 1893], [1651, 1892], [1645, 1892], [1644, 1891], [1637, 1891], [1636, 1890]]]",
Polygon 38,mask,"[[[2350, 1298], [2349, 1299], [2345, 1299], [2344, 1300], [2340, 1300], [2339, 1301], [2335, 1301], [2334, 1302], [2332, 1302], [2331, 1303], [2329, 1303], [2328, 1304], [2326, 1304], [2325, 1305], [2323, 1305], [2322, 1306], [2320, 1306], [2319, 1307], [2317, 1307], [2316, 1308], [2314, 1308], [2313, 1309], [2312, 1309], [2311, 1310], [2310, 1310], [2309, 1311], [2308, 1311], [2307, 1312], [2306, 1312], [2305, 1313], [2304, 1313], [2303, 1314], [2302, 1314], [2300, 1316], [2299, 1316], [2297, 1318], [2296, 1318], [2294, 1320], [2293, 1320], [2292, 1321], [2291, 1321], [2288, 1324], [2287, 1324], [2285, 1326], [2284, 1326], [2281, 1329], [2280, 1329], [2278, 1331], [2277, 1331], [2274, 1334], [2273, 1334], [2271, 1336], [2270, 1336], [2268, 1338], [2267, 1338], [2265, 1340], [2264, 1340], [2260, 1344], [2259, 1344], [2259, 1345], [2256, 1348], [2256, 1349], [2254, 1351], [2254, 1352], [2253, 1353], [2253, 1354], [2252, 1355], [2252, 1356], [2251, 1357], [2251, 1359], [2250, 1360], [2250, 1361], [2249, 1362], [2249, 1363], [2248, 1364], [2248, 1365], [2247, 1366], [2247, 1367], [2245, 1369], [2245, 1370], [2243, 1372], [2243, 1373], [2242, 1374], [2242, 1375], [2241, 1376], [2241, 1378], [2240, 1379], [2241, 1380], [2241, 1384], [2242, 1385], [2242, 1390], [2243, 1391], [2243, 1393], [2244, 1394], [2244, 1395], [2245, 1396], [2245, 1397], [2248, 1400], [2248, 1401], [2251, 1404], [2251, 1405], [2252, 1406], [2252, 1407], [2254, 1409], [2254, 1410], [2256, 1412], [2256, 1413], [2258, 1415], [2258, 1416], [2274, 1432], [2274, 1433], [2277, 1436], [2277, 1437], [2280, 1440], [2280, 1441], [2282, 1443], [2282, 1444], [2286, 1448], [2286, 1449], [2290, 1453], [2290, 1454], [2294, 1458], [2294, 1459], [2299, 1464], [2299, 1465], [2303, 1469], [2303, 1470], [2309, 1476], [2309, 1477], [2314, 1482], [2314, 1483], [2316, 1485], [2316, 1486], [2318, 1488], [2318, 1489], [2320, 1491], [2320, 1492], [2322, 1494], [2322, 1495], [2324, 1497], [2324, 1498], [2327, 1501], [2327, 1502], [2329, 1504], [2329, 1505], [2332, 1508], [2332, 1509], [2334, 1511], [2334, 1512], [2336, 1514], [2336, 1515], [2337, 1516], [2337, 1517], [2339, 1519], [2339, 1520], [2341, 1522], [2341, 1523], [2343, 1525], [2343, 1526], [2345, 1528], [2345, 1529], [2347, 1531], [2347, 1532], [2349, 1534], [2349, 1535], [2352, 1538], [2352, 1539], [2356, 1543], [2357, 1543], [2358, 1544], [2359, 1544], [2360, 1545], [2361, 1545], [2362, 1546], [2363, 1546], [2364, 1547], [2365, 1547], [2366, 1548], [2368, 1548], [2369, 1549], [2371, 1549], [2372, 1550], [2375, 1550], [2376, 1551], [2379, 1551], [2380, 1552], [2382, 1552], [2383, 1553], [2385, 1553], [2386, 1554], [2388, 1554], [2389, 1555], [2393, 1555], [2394, 1556], [2399, 1556], [2400, 1557], [2405, 1557], [2406, 1558], [2409, 1558], [2410, 1559], [2414, 1559], [2415, 1560], [2419, 1560], [2420, 1561], [2423, 1561], [2424, 1562], [2433, 1562], [2434, 1561], [2435, 1561], [2437, 1559], [2438, 1559], [2440, 1557], [2441, 1557], [2442, 1556], [2443, 1556], [2445, 1554], [2446, 1554], [2449, 1551], [2450, 1551], [2452, 1549], [2453, 1549], [2458, 1544], [2458, 1543], [2462, 1539], [2462, 1538], [2464, 1536], [2464, 1535], [2465, 1534], [2465, 1533], [2466, 1532], [2466, 1531], [2467, 1530], [2467, 1529], [2468, 1528], [2468, 1526], [2469, 1525], [2469, 1524], [2470, 1523], [2470, 1522], [2471, 1521], [2471, 1520], [2472, 1519], [2472, 1517], [2473, 1516], [2473, 1514], [2474, 1513], [2474, 1510], [2475, 1509], [2475, 1506], [2476, 1505], [2476, 1503], [2477, 1502], [2477, 1499], [2478, 1498], [2478, 1495], [2479, 1494], [2479, 1492], [2480, 1491], [2480, 1489], [2481, 1488], [2481, 1486], [2482, 1485], [2482, 1483], [2483, 1482], [2483, 1480], [2484, 1479], [2484, 1477], [2485, 1476], [2485, 1457], [2484, 1456], [2484, 1455], [2483, 1454], [2483, 1453], [2480, 1450], [2480, 1449], [2475, 1444], [2475, 1443], [2472, 1440], [2472, 1439], [2469, 1436], [2469, 1435], [2464, 1430], [2464, 1429], [2457, 1422], [2457, 1421], [2452, 1416], [2452, 1415], [2448, 1411], [2448, 1410], [2446, 1408], [2446, 1407], [2443, 1404], [2443, 1403], [2440, 1400], [2440, 1399], [2436, 1395], [2436, 1394], [2433, 1391], [2433, 1390], [2429, 1386], [2429, 1385], [2426, 1382], [2426, 1381], [2421, 1376], [2421, 1375], [2415, 1369], [2415, 1368], [2411, 1364], [2411, 1363], [2409, 1361], [2409, 1360], [2408, 1359], [2408, 1358], [2406, 1356], [2406, 1355], [2403, 1352], [2403, 1351], [2400, 1348], [2400, 1347], [2396, 1343], [2396, 1342], [2392, 1338], [2392, 1337], [2390, 1335], [2390, 1334], [2388, 1332], [2388, 1331], [2386, 1329], [2386, 1328], [2384, 1326], [2384, 1325], [2381, 1322], [2381, 1321], [2376, 1316], [2376, 1315], [2374, 1313], [2374, 1312], [2372, 1310], [2372, 1309], [2370, 1307], [2370, 1306], [2367, 1303], [2366, 1303], [2364, 1301], [2363, 1301], [2362, 1300], [2360, 1300], [2359, 1299], [2356, 1299], [2355, 1298]]]",
Polygon 39,mask,"[[[2463, 3238], [2462, 3239], [2456, 3239], [2455, 3240], [2451, 3240], [2450, 3241], [2447, 3241], [2446, 3242], [2442, 3242], [2441, 3243], [2437, 3243], [2436, 3244], [2431, 3244], [2430, 3245], [2423, 3245], [2422, 3246], [2414, 3246], [2413, 3247], [2412, 3247], [2411, 3248], [2410, 3248], [2406, 3252], [2406, 3253], [2404, 3255], [2404, 3256], [2403, 3257], [2403, 3258], [2401, 3260], [2401, 3261], [2398, 3264], [2398, 3265], [2395, 3268], [2395, 3269], [2394, 3270], [2394, 3271], [2393, 3272], [2393, 3273], [2392, 3274], [2392, 3276], [2391, 3277], [2391, 3279], [2390, 3280], [2390, 3283], [2389, 3284], [2389, 3297], [2390, 3298], [2390, 3302], [2391, 3303], [2391, 3309], [2392, 3310], [2392, 3317], [2393, 3318], [2393, 3324], [2394, 3325], [2394, 3329], [2395, 3330], [2395, 3341], [2396, 3342], [2396, 3351], [2397, 3352], [2397, 3357], [2398, 3358], [2398, 3360], [2399, 3361], [2399, 3363], [2400, 3364], [2400, 3366], [2405, 3371], [2406, 3371], [2407, 3372], [2408, 3372], [2409, 3373], [2410, 3373], [2411, 3374], [2412, 3374], [2413, 3375], [2414, 3375], [2415, 3376], [2416, 3376], [2417, 3377], [2418, 3377], [2420, 3379], [2421, 3379], [2422, 3380], [2423, 3380], [2424, 3381], [2426, 3381], [2427, 3382], [2428, 3382], [2429, 3383], [2430, 3383], [2431, 3384], [2432, 3384], [2433, 3385], [2434, 3385], [2435, 3386], [2436, 3386], [2437, 3387], [2438, 3387], [2439, 3388], [2440, 3388], [2442, 3390], [2443, 3390], [2444, 3391], [2445, 3391], [2446, 3392], [2447, 3392], [2448, 3393], [2449, 3393], [2450, 3394], [2451, 3394], [2452, 3395], [2454, 3395], [2455, 3396], [2456, 3396], [2457, 3397], [2458, 3397], [2459, 3398], [2460, 3398], [2461, 3399], [2462, 3399], [2464, 3401], [2465, 3401], [2466, 3402], [2467, 3402], [2468, 3403], [2469, 3403], [2471, 3405], [2472, 3405], [2473, 3406], [2475, 3406], [2477, 3408], [2478, 3408], [2479, 3409], [2480, 3409], [2481, 3410], [2482, 3410], [2483, 3411], [2484, 3411], [2485, 3412], [2486, 3412], [2487, 3413], [2488, 3413], [2489, 3414], [2490, 3414], [2491, 3415], [2493, 3415], [2494, 3416], [2495, 3416], [2496, 3417], [2497, 3417], [2498, 3418], [2499, 3418], [2500, 3419], [2501, 3419], [2502, 3420], [2503, 3420], [2504, 3421], [2505, 3421], [2506, 3422], [2507, 3422], [2508, 3423], [2509, 3423], [2510, 3424], [2511, 3424], [2512, 3425], [2514, 3425], [2515, 3426], [2516, 3426], [2518, 3428], [2519, 3428], [2520, 3429], [2521, 3429], [2522, 3430], [2523, 3430], [2525, 3432], [2526, 3432], [2527, 3433], [2528, 3433], [2529, 3434], [2530, 3434], [2531, 3435], [2532, 3435], [2534, 3437], [2535, 3437], [2536, 3438], [2537, 3438], [2538, 3439], [2539, 3439], [2541, 3441], [2542, 3441], [2543, 3442], [2544, 3442], [2545, 3443], [2546, 3443], [2547, 3444], [2548, 3444], [2550, 3446], [2551, 3446], [2552, 3447], [2553, 3447], [2555, 3449], [2556, 3449], [2558, 3451], [2559, 3451], [2561, 3453], [2562, 3453], [2564, 3455], [2565, 3455], [2566, 3456], [2567, 3456], [2568, 3457], [2573, 3457], [2574, 3458], [2587, 3458], [2588, 3457], [2590, 3457], [2592, 3455], [2593, 3455], [2596, 3452], [2597, 3452], [2599, 3450], [2600, 3450], [2604, 3446], [2605, 3446], [2608, 3443], [2609, 3443], [2614, 3438], [2615, 3438], [2632, 3421], [2633, 3421], [2635, 3419], [2635, 3418], [2640, 3413], [2640, 3412], [2642, 3410], [2642, 3409], [2644, 3407], [2644, 3406], [2645, 3405], [2645, 3404], [2648, 3401], [2648, 3400], [2649, 3399], [2649, 3398], [2651, 3396], [2651, 3395], [2653, 3393], [2653, 3392], [2654, 3391], [2654, 3390], [2655, 3389], [2655, 3387], [2656, 3386], [2656, 3368], [2655, 3367], [2655, 3363], [2654, 3362], [2654, 3358], [2653, 3357], [2653, 3332], [2652, 3331], [2652, 3330], [2648, 3326], [2647, 3326], [2645, 3324], [2644, 3324], [2642, 3322], [2641, 3322], [2640, 3321], [2639, 3321], [2638, 3320], [2637, 3320], [2636, 3319], [2635, 3319], [2634, 3318], [2633, 3318], [2632, 3317], [2631, 3317], [2630, 3316], [2629, 3316], [2628, 3315], [2627, 3315], [2626, 3314], [2625, 3314], [2624, 3313], [2623, 3313], [2620, 3310], [2619, 3310], [2617, 3308], [2616, 3308], [2615, 3307], [2614, 3307], [2613, 3306], [2611, 3306], [2610, 3305], [2609, 3305], [2608, 3304], [2607, 3304], [2606, 3303], [2604, 3303], [2603, 3302], [2602, 3302], [2600, 3300], [2599, 3300], [2598, 3299], [2597, 3299], [2595, 3297], [2594, 3297], [2593, 3296], [2592, 3296], [2590, 3294], [2589, 3294], [2588, 3293], [2587, 3293], [2586, 3292], [2585, 3292], [2584, 3291], [2583, 3291], [2582, 3290], [2581, 3290], [2580, 3289], [2579, 3289], [2578, 3288], [2577, 3288], [2576, 3287], [2575, 3287], [2574, 3286], [2573, 3286], [2572, 3285], [2571, 3285], [2570, 3284], [2569, 3284], [2568, 3283], [2567, 3283], [2566, 3282], [2565, 3282], [2564, 3281], [2563, 3281], [2562, 3280], [2561, 3280], [2559, 3278], [2558, 3278], [2557, 3277], [2556, 3277], [2555, 3276], [2554, 3276], [2553, 3275], [2552, 3275], [2550, 3273], [2548, 3273], [2547, 3272], [2546, 3272], [2544, 3270], [2543, 3270], [2542, 3269], [2541, 3269], [2540, 3268], [2539, 3268], [2538, 3267], [2537, 3267], [2535, 3265], [2534, 3265], [2533, 3264], [2532, 3264], [2530, 3262], [2529, 3262], [2528, 3261], [2527, 3261], [2526, 3260], [2525, 3260], [2524, 3259], [2522, 3259], [2521, 3258], [2520, 3258], [2519, 3257], [2518, 3257], [2517, 3256], [2516, 3256], [2515, 3255], [2514, 3255], [2513, 3254], [2512, 3254], [2511, 3253], [2510, 3253], [2509, 3252], [2508, 3252], [2506, 3250], [2505, 3250], [2504, 3249], [2503, 3249], [2502, 3248], [2501, 3248], [2500, 3247], [2499, 3247], [2498, 3246], [2497, 3246], [2496, 3245], [2495, 3245], [2494, 3244], [2493, 3244], [2491, 3242], [2489, 3242], [2488, 3241], [2486, 3241], [2485, 3240], [2480, 3240], [2479, 3239], [2475, 3239], [2474, 3238]]]",
Polygon 40,mask,"[[[2834, 3724], [2833, 3725], [2827, 3725], [2826, 3726], [2821, 3726], [2820, 3727], [2817, 3727], [2816, 3728], [2813, 3728], [2812, 3729], [2810, 3729], [2809, 3730], [2807, 3730], [2806, 3731], [2803, 3731], [2802, 3732], [2800, 3732], [2799, 3733], [2795, 3733], [2794, 3734], [2792, 3734], [2791, 3735], [2789, 3735], [2787, 3737], [2786, 3737], [2784, 3739], [2783, 3739], [2782, 3740], [2781, 3740], [2780, 3741], [2779, 3741], [2778, 3742], [2777, 3742], [2776, 3743], [2775, 3743], [2774, 3744], [2773, 3744], [2772, 3745], [2771, 3745], [2768, 3748], [2767, 3748], [2762, 3753], [2762, 3754], [2756, 3760], [2756, 3761], [2750, 3767], [2750, 3768], [2745, 3773], [2745, 3774], [2732, 3787], [2732, 3788], [2729, 3791], [2729, 3792], [2727, 3794], [2727, 3795], [2726, 3796], [2726, 3800], [2727, 3801], [2727, 3802], [2728, 3803], [2728, 3804], [2730, 3806], [2730, 3807], [2731, 3808], [2731, 3809], [2733, 3811], [2733, 3812], [2734, 3813], [2734, 3814], [2736, 3816], [2736, 3817], [2738, 3819], [2738, 3820], [2740, 3822], [2740, 3823], [2741, 3824], [2741, 3825], [2743, 3827], [2743, 3828], [2744, 3829], [2744, 3830], [2745, 3831], [2745, 3833], [2746, 3834], [2746, 3835], [2747, 3836], [2747, 3837], [2749, 3839], [2749, 3840], [2750, 3841], [2750, 3842], [2752, 3844], [2752, 3845], [2754, 3847], [2754, 3848], [2756, 3850], [2756, 3851], [2758, 3853], [2758, 3854], [2761, 3857], [2761, 3858], [2763, 3860], [2763, 3861], [2765, 3863], [2765, 3864], [2767, 3866], [2767, 3867], [2769, 3869], [2769, 3870], [2770, 3871], [2770, 3872], [2772, 3874], [2772, 3875], [2775, 3878], [2775, 3879], [2777, 3881], [2777, 3882], [2779, 3884], [2779, 3885], [2780, 3886], [2780, 3887], [2782, 3889], [2782, 3890], [2783, 3891], [2783, 3892], [2784, 3893], [2784, 3894], [2785, 3895], [2785, 3896], [2786, 3897], [2786, 3898], [2787, 3899], [2787, 3900], [2789, 3902], [2789, 3903], [2790, 3904], [2790, 3905], [2791, 3906], [2791, 3907], [2793, 3909], [2793, 3910], [2794, 3911], [2794, 3912], [2796, 3914], [2796, 3915], [2798, 3917], [2798, 3918], [2801, 3921], [2801, 3922], [2803, 3924], [2803, 3925], [2806, 3928], [2806, 3929], [2807, 3930], [2807, 3931], [2809, 3933], [2809, 3934], [2811, 3936], [2811, 3937], [2813, 3939], [2813, 3940], [2816, 3943], [2816, 3944], [2817, 3945], [2817, 3946], [2819, 3948], [2819, 3949], [2821, 3951], [2821, 3952], [2822, 3953], [2822, 3954], [2824, 3956], [2824, 3957], [2826, 3959], [2826, 3960], [2831, 3965], [2832, 3965], [2836, 3969], [2837, 3969], [2838, 3970], [2839, 3970], [2840, 3971], [2841, 3971], [2842, 3972], [2844, 3972], [2845, 3973], [2846, 3973], [2847, 3974], [2848, 3974], [2849, 3975], [2850, 3975], [2851, 3976], [2852, 3976], [2854, 3978], [2855, 3978], [2858, 3981], [2859, 3981], [2861, 3983], [2862, 3983], [2863, 3984], [2880, 3984], [2881, 3985], [2884, 3985], [2885, 3986], [2888, 3986], [2889, 3987], [2892, 3987], [2893, 3988], [2896, 3988], [2897, 3989], [2910, 3989], [2911, 3988], [2917, 3988], [2918, 3987], [2919, 3987], [2920, 3986], [2921, 3986], [2925, 3982], [2926, 3982], [2936, 3972], [2936, 3971], [2938, 3969], [2938, 3968], [2939, 3967], [2939, 3966], [2941, 3964], [2941, 3962], [2942, 3961], [2942, 3960], [2943, 3959], [2943, 3958], [2944, 3957], [2944, 3955], [2945, 3954], [2945, 3953], [2946, 3952], [2946, 3950], [2947, 3949], [2947, 3947], [2948, 3946], [2948, 3945], [2949, 3944], [2949, 3942], [2950, 3941], [2950, 3940], [2951, 3939], [2951, 3938], [2952, 3937], [2952, 3935], [2953, 3934], [2953, 3932], [2954, 3931], [2954, 3930], [2955, 3929], [2955, 3927], [2956, 3926], [2956, 3925], [2957, 3924], [2957, 3923], [2958, 3922], [2958, 3921], [2959, 3920], [2959, 3919], [2960, 3918], [2960, 3917], [2961, 3916], [2961, 3914], [2962, 3913], [2962, 3911], [2963, 3910], [2963, 3907], [2964, 3906], [2964, 3902], [2965, 3901], [2965, 3894], [2964, 3893], [2964, 3892], [2963, 3891], [2963, 3889], [2961, 3887], [2961, 3886], [2960, 3885], [2960, 3884], [2958, 3882], [2958, 3881], [2956, 3879], [2956, 3878], [2955, 3877], [2955, 3876], [2954, 3875], [2954, 3874], [2953, 3873], [2953, 3872], [2952, 3871], [2952, 3870], [2951, 3869], [2951, 3868], [2950, 3867], [2950, 3866], [2949, 3865], [2949, 3864], [2948, 3863], [2948, 3862], [2946, 3860], [2946, 3859], [2945, 3858], [2945, 3857], [2943, 3855], [2943, 3854], [2942, 3853], [2942, 3852], [2940, 3850], [2940, 3849], [2938, 3847], [2938, 3846], [2936, 3844], [2936, 3843], [2935, 3842], [2935, 3841], [2933, 3839], [2933, 3838], [2932, 3837], [2932, 3836], [2931, 3835], [2931, 3834], [2929, 3832], [2929, 3831], [2927, 3829], [2927, 3828], [2925, 3826], [2925, 3825], [2922, 3822], [2922, 3821], [2917, 3816], [2917, 3815], [2912, 3810], [2912, 3809], [2908, 3805], [2908, 3804], [2905, 3801], [2905, 3800], [2903, 3798], [2903, 3797], [2899, 3793], [2899, 3792], [2896, 3789], [2896, 3788], [2894, 3786], [2894, 3785], [2893, 3784], [2893, 3783], [2891, 3781], [2891, 3780], [2889, 3778], [2889, 3777], [2887, 3775], [2887, 3774], [2885, 3772], [2885, 3771], [2884, 3770], [2884, 3769], [2883, 3768], [2883, 3767], [2881, 3765], [2881, 3764], [2880, 3763], [2880, 3762], [2879, 3761], [2879, 3760], [2878, 3759], [2878, 3758], [2877, 3757], [2877, 3756], [2876, 3755], [2876, 3754], [2875, 3753], [2875, 3752], [2874, 3751], [2874, 3750], [2873, 3749], [2873, 3748], [2872, 3747], [2872, 3746], [2871, 3745], [2871, 3743], [2869, 3741], [2869, 3740], [2868, 3739], [2868, 3738], [2866, 3736], [2866, 3735], [2863, 3732], [2863, 3731], [2859, 3727], [2858, 3727], [2857, 3726], [2855, 3726], [2854, 3725], [2850, 3725], [2849, 3724]]]",
Polygon 41,mask,"[[[2425, 2969], [2424, 2970], [2422, 2970], [2421, 2971], [2418, 2971], [2417, 2972], [2415, 2972], [2414, 2973], [2411, 2973], [2410, 2974], [2408, 2974], [2407, 2975], [2404, 2975], [2403, 2976], [2401, 2976], [2400, 2977], [2399, 2977], [2398, 2978], [2396, 2978], [2395, 2979], [2393, 2979], [2392, 2980], [2390, 2980], [2389, 2981], [2388, 2981], [2387, 2982], [2386, 2982], [2385, 2983], [2383, 2983], [2382, 2984], [2381, 2984], [2380, 2985], [2378, 2985], [2377, 2986], [2376, 2986], [2375, 2987], [2373, 2987], [2372, 2988], [2371, 2988], [2370, 2989], [2369, 2989], [2368, 2990], [2367, 2990], [2366, 2991], [2365, 2991], [2364, 2992], [2363, 2992], [2362, 2993], [2361, 2993], [2359, 2995], [2358, 2995], [2357, 2996], [2356, 2996], [2350, 3002], [2350, 3003], [2348, 3005], [2348, 3006], [2347, 3007], [2347, 3008], [2346, 3009], [2346, 3010], [2345, 3011], [2345, 3012], [2344, 3013], [2344, 3015], [2343, 3016], [2343, 3018], [2342, 3019], [2342, 3022], [2341, 3023], [2341, 3025], [2340, 3026], [2340, 3029], [2339, 3030], [2339, 3033], [2338, 3034], [2338, 3037], [2337, 3038], [2337, 3041], [2336, 3042], [2336, 3045], [2335, 3046], [2335, 3049], [2334, 3050], [2334, 3053], [2333, 3054], [2333, 3057], [2332, 3058], [2332, 3061], [2331, 3062], [2331, 3066], [2330, 3067], [2330, 3072], [2329, 3073], [2329, 3077], [2328, 3078], [2328, 3083], [2327, 3084], [2327, 3087], [2326, 3088], [2326, 3092], [2325, 3093], [2325, 3096], [2324, 3097], [2324, 3100], [2323, 3101], [2323, 3104], [2322, 3105], [2322, 3108], [2321, 3109], [2321, 3112], [2320, 3113], [2320, 3116], [2319, 3117], [2319, 3121], [2318, 3122], [2318, 3124], [2317, 3125], [2317, 3127], [2316, 3128], [2316, 3131], [2315, 3132], [2315, 3134], [2314, 3135], [2314, 3138], [2313, 3139], [2313, 3141], [2312, 3142], [2312, 3144], [2311, 3145], [2311, 3148], [2310, 3149], [2310, 3152], [2309, 3153], [2309, 3155], [2308, 3156], [2308, 3159], [2307, 3160], [2307, 3163], [2306, 3164], [2306, 3166], [2305, 3167], [2305, 3170], [2304, 3171], [2304, 3175], [2303, 3176], [2303, 3179], [2302, 3180], [2302, 3183], [2301, 3184], [2301, 3187], [2300, 3188], [2300, 3198], [2301, 3199], [2301, 3200], [2302, 3201], [2302, 3203], [2304, 3205], [2304, 3206], [2309, 3211], [2310, 3211], [2312, 3213], [2313, 3213], [2323, 3223], [2324, 3223], [2326, 3225], [2327, 3225], [2329, 3227], [2330, 3227], [2331, 3228], [2332, 3228], [2333, 3229], [2334, 3229], [2335, 3230], [2337, 3230], [2338, 3231], [2339, 3231], [2340, 3232], [2341, 3232], [2342, 3233], [2343, 3233], [2344, 3234], [2345, 3234], [2346, 3235], [2348, 3235], [2349, 3236], [2351, 3236], [2352, 3237], [2354, 3237], [2355, 3238], [2359, 3238], [2360, 3239], [2364, 3239], [2365, 3240], [2369, 3240], [2370, 3241], [2374, 3241], [2375, 3242], [2378, 3242], [2379, 3243], [2382, 3243], [2383, 3244], [2385, 3244], [2386, 3245], [2388, 3245], [2389, 3246], [2401, 3246], [2402, 3245], [2408, 3245], [2409, 3244], [2421, 3244], [2422, 3243], [2431, 3243], [2432, 3242], [2434, 3242], [2435, 3241], [2437, 3241], [2439, 3239], [2440, 3239], [2446, 3233], [2446, 3232], [2447, 3231], [2447, 3230], [2448, 3229], [2448, 3227], [2449, 3226], [2449, 3224], [2450, 3223], [2450, 3219], [2451, 3218], [2451, 3214], [2452, 3213], [2452, 3209], [2453, 3208], [2453, 3205], [2454, 3204], [2454, 3201], [2455, 3200], [2455, 3197], [2456, 3196], [2456, 3193], [2457, 3192], [2457, 3190], [2458, 3189], [2458, 3187], [2459, 3186], [2459, 3184], [2460, 3183], [2460, 3180], [2461, 3179], [2461, 3177], [2462, 3176], [2462, 3174], [2463, 3173], [2463, 3170], [2464, 3169], [2464, 3166], [2465, 3165], [2465, 3162], [2466, 3161], [2466, 3159], [2467, 3158], [2467, 3156], [2468, 3155], [2468, 3152], [2469, 3151], [2469, 3148], [2470, 3147], [2470, 3145], [2471, 3144], [2471, 3142], [2472, 3141], [2472, 3137], [2473, 3136], [2473, 3133], [2474, 3132], [2474, 3128], [2475, 3127], [2475, 3124], [2476, 3123], [2476, 3119], [2477, 3118], [2477, 3115], [2478, 3114], [2478, 3110], [2479, 3109], [2479, 3105], [2480, 3104], [2480, 3101], [2481, 3100], [2481, 3096], [2482, 3095], [2482, 3092], [2483, 3091], [2483, 3087], [2484, 3086], [2484, 3083], [2485, 3082], [2485, 3078], [2486, 3077], [2486, 3074], [2487, 3073], [2487, 3070], [2488, 3069], [2488, 3066], [2489, 3065], [2489, 3063], [2490, 3062], [2490, 3060], [2491, 3059], [2491, 3047], [2490, 3046], [2490, 3039], [2489, 3038], [2489, 3034], [2488, 3033], [2488, 3031], [2487, 3030], [2487, 3027], [2486, 3026], [2486, 3025], [2485, 3024], [2485, 3023], [2484, 3022], [2484, 3020], [2483, 3019], [2483, 3018], [2482, 3017], [2482, 3015], [2481, 3014], [2481, 3013], [2480, 3012], [2480, 3011], [2479, 3010], [2479, 3008], [2478, 3007], [2478, 3006], [2477, 3005], [2477, 3004], [2476, 3003], [2476, 3001], [2475, 3000], [2475, 2999], [2474, 2998], [2474, 2997], [2473, 2996], [2473, 2994], [2472, 2993], [2472, 2992], [2469, 2989], [2469, 2988], [2464, 2983], [2463, 2983], [2460, 2980], [2459, 2980], [2457, 2978], [2456, 2978], [2455, 2977], [2454, 2977], [2453, 2976], [2452, 2976], [2451, 2975], [2449, 2975], [2448, 2974], [2446, 2974], [2445, 2973], [2444, 2973], [2443, 2972], [2441, 2972], [2440, 2971], [2439, 2971], [2438, 2970], [2436, 2970], [2435, 2969]]]",
Polygon 42,mask,"[[[2878, 3986], [2877, 3987], [2875, 3987], [2874, 3988], [2873, 3988], [2872, 3989], [2871, 3989], [2870, 3990], [2869, 3990], [2863, 3996], [2863, 3997], [2861, 3999], [2861, 4000], [2859, 4002], [2859, 4003], [2857, 4005], [2857, 4006], [2855, 4008], [2855, 4009], [2852, 4012], [2852, 4013], [2849, 4016], [2849, 4017], [2848, 4018], [2848, 4019], [2847, 4020], [2847, 4021], [2846, 4022], [2846, 4023], [2844, 4025], [2844, 4026], [2843, 4027], [2843, 4028], [2842, 4029], [2842, 4031], [2841, 4032], [2841, 4033], [2839, 4035], [2839, 4036], [2838, 4037], [2838, 4038], [2837, 4039], [2837, 4040], [2835, 4042], [2835, 4043], [2834, 4044], [2834, 4045], [2832, 4047], [2832, 4048], [2831, 4049], [2831, 4050], [2830, 4051], [2830, 4052], [2829, 4053], [2829, 4054], [2828, 4055], [2828, 4056], [2827, 4057], [2827, 4058], [2826, 4059], [2826, 4060], [2824, 4062], [2824, 4063], [2823, 4064], [2823, 4065], [2821, 4067], [2821, 4068], [2819, 4070], [2819, 4071], [2818, 4072], [2818, 4073], [2817, 4074], [2817, 4075], [2816, 4076], [2816, 4077], [2815, 4078], [2815, 4079], [2813, 4081], [2813, 4082], [2812, 4083], [2812, 4084], [2810, 4086], [2810, 4087], [2809, 4088], [2809, 4089], [2807, 4091], [2807, 4092], [2806, 4093], [2806, 4094], [2805, 4095], [2805, 4096], [2804, 4097], [2804, 4098], [2802, 4100], [2802, 4101], [2801, 4102], [2801, 4103], [2799, 4105], [2799, 4106], [2797, 4108], [2797, 4109], [2796, 4110], [2796, 4111], [2795, 4112], [2795, 4113], [2794, 4114], [2794, 4115], [2793, 4116], [2793, 4117], [2792, 4118], [2792, 4119], [2791, 4120], [2791, 4121], [2790, 4122], [2790, 4123], [2788, 4125], [2788, 4126], [2786, 4128], [2786, 4129], [2784, 4131], [2784, 4132], [2783, 4133], [2783, 4134], [2782, 4135], [2782, 4136], [2780, 4138], [2780, 4139], [2779, 4140], [2779, 4141], [2778, 4142], [2778, 4143], [2777, 4144], [2777, 4145], [2775, 4147], [2775, 4148], [2774, 4149], [2774, 4150], [2773, 4151], [2773, 4152], [2772, 4153], [2772, 4155], [2771, 4156], [2771, 4158], [2770, 4159], [2770, 4161], [2769, 4162], [2769, 4165], [2768, 4166], [2768, 4177], [2769, 4178], [2769, 4182], [2770, 4183], [2770, 4186], [2771, 4187], [2771, 4194], [2772, 4195], [2772, 4207], [2773, 4208], [2773, 4215], [2774, 4216], [2774, 4221], [2775, 4222], [2775, 4226], [2776, 4227], [2776, 4230], [2777, 4231], [2777, 4232], [2778, 4233], [2778, 4234], [2779, 4235], [2779, 4236], [2782, 4239], [2782, 4240], [2786, 4244], [2787, 4244], [2790, 4247], [2791, 4247], [2794, 4250], [2795, 4250], [2796, 4251], [2797, 4251], [2798, 4252], [2799, 4252], [2800, 4253], [2801, 4253], [2802, 4254], [2804, 4254], [2805, 4255], [2807, 4255], [2808, 4256], [2812, 4256], [2813, 4257], [2829, 4257], [2830, 4256], [2837, 4256], [2838, 4255], [2846, 4255], [2847, 4254], [2856, 4254], [2857, 4253], [2877, 4253], [2878, 4252], [2884, 4252], [2885, 4251], [2887, 4251], [2888, 4250], [2890, 4250], [2892, 4248], [2893, 4248], [2895, 4246], [2896, 4246], [2897, 4245], [2897, 4243], [2898, 4242], [2898, 4241], [2900, 4239], [2900, 4238], [2901, 4237], [2901, 4236], [2902, 4235], [2902, 4234], [2904, 4232], [2904, 4231], [2905, 4230], [2905, 4229], [2908, 4226], [2908, 4225], [2909, 4224], [2909, 4223], [2910, 4222], [2910, 4221], [2912, 4219], [2912, 4218], [2914, 4216], [2914, 4215], [2915, 4214], [2915, 4213], [2916, 4212], [2916, 4211], [2917, 4210], [2917, 4209], [2918, 4208], [2918, 4207], [2919, 4206], [2919, 4204], [2921, 4202], [2921, 4200], [2922, 4199], [2922, 4198], [2923, 4197], [2923, 4196], [2924, 4195], [2924, 4194], [2926, 4192], [2926, 4191], [2927, 4190], [2927, 4189], [2929, 4187], [2929, 4186], [2930, 4185], [2930, 4184], [2931, 4183], [2931, 4182], [2932, 4181], [2932, 4180], [2934, 4178], [2934, 4177], [2935, 4176], [2935, 4175], [2937, 4173], [2937, 4171], [2938, 4170], [2938, 4169], [2939, 4168], [2939, 4167], [2940, 4166], [2940, 4165], [2941, 4164], [2941, 4162], [2942, 4161], [2942, 4160], [2943, 4159], [2943, 4158], [2944, 4157], [2944, 4156], [2945, 4155], [2945, 4154], [2947, 4152], [2947, 4151], [2948, 4150], [2948, 4149], [2949, 4148], [2949, 4147], [2950, 4146], [2950, 4145], [2951, 4144], [2951, 4143], [2953, 4141], [2953, 4140], [2955, 4138], [2955, 4137], [2956, 4136], [2956, 4135], [2957, 4134], [2957, 4133], [2959, 4131], [2959, 4130], [2960, 4129], [2960, 4128], [2961, 4127], [2961, 4126], [2963, 4124], [2963, 4123], [2964, 4122], [2964, 4121], [2965, 4120], [2965, 4119], [2967, 4117], [2967, 4116], [2969, 4114], [2969, 4113], [2971, 4111], [2971, 4110], [2972, 4109], [2972, 4108], [2973, 4107], [2973, 4106], [2975, 4104], [2975, 4103], [2976, 4102], [2976, 4101], [2978, 4099], [2978, 4098], [2980, 4096], [2980, 4095], [2981, 4094], [2981, 4093], [2982, 4092], [2982, 4091], [2984, 4089], [2984, 4088], [2985, 4087], [2985, 4086], [2986, 4085], [2986, 4084], [2987, 4083], [2987, 4082], [2988, 4081], [2988, 4080], [2989, 4079], [2989, 4078], [2990, 4077], [2990, 4076], [2992, 4074], [2992, 4066], [2991, 4065], [2991, 4063], [2990, 4062], [2990, 4060], [2989, 4059], [2989, 4057], [2988, 4056], [2988, 4055], [2986, 4053], [2986, 4052], [2980, 4046], [2980, 4045], [2977, 4042], [2977, 4041], [2976, 4040], [2976, 4039], [2975, 4038], [2975, 4037], [2969, 4031], [2968, 4031], [2965, 4028], [2964, 4028], [2959, 4023], [2958, 4023], [2955, 4020], [2954, 4020], [2953, 4019], [2952, 4019], [2949, 4016], [2948, 4016], [2945, 4013], [2944, 4013], [2941, 4010], [2940, 4010], [2939, 4009], [2938, 4009], [2937, 4008], [2936, 4008], [2934, 4006], [2933, 4006], [2932, 4005], [2931, 4005], [2929, 4003], [2928, 4003], [2926, 4001], [2925, 4001], [2922, 3998], [2921, 3998], [2919, 3996], [2918, 3996], [2917, 3995], [2916, 3995], [2915, 3994], [2911, 3994], [2910, 3993], [2905, 3993], [2904, 3992], [2901, 3992], [2900, 3991], [2897, 3991], [2896, 3990], [2893, 3990], [2892, 3989], [2890, 3989], [2889, 3988], [2886, 3988], [2885, 3987], [2883, 3987], [2882, 3986]]]",
Polygon 43,mask,"[[[2421, 3609], [2420, 3610], [2413, 3610], [2412, 3611], [2409, 3611], [2408, 3612], [2406, 3612], [2405, 3613], [2404, 3613], [2403, 3614], [2401, 3614], [2400, 3615], [2399, 3615], [2398, 3616], [2397, 3616], [2396, 3617], [2394, 3617], [2392, 3619], [2391, 3619], [2390, 3620], [2389, 3620], [2384, 3625], [2384, 3626], [2380, 3630], [2380, 3631], [2375, 3636], [2375, 3637], [2371, 3641], [2371, 3642], [2368, 3645], [2368, 3646], [2366, 3648], [2366, 3649], [2362, 3653], [2362, 3654], [2357, 3659], [2357, 3660], [2355, 3662], [2355, 3663], [2352, 3666], [2352, 3667], [2350, 3669], [2350, 3670], [2347, 3673], [2347, 3674], [2343, 3678], [2343, 3679], [2342, 3680], [2342, 3682], [2341, 3683], [2341, 3684], [2342, 3685], [2342, 3689], [2343, 3690], [2343, 3693], [2344, 3694], [2344, 3696], [2345, 3697], [2345, 3700], [2346, 3701], [2346, 3704], [2347, 3705], [2347, 3708], [2348, 3709], [2348, 3712], [2349, 3713], [2349, 3717], [2350, 3718], [2350, 3719], [2351, 3720], [2351, 3721], [2352, 3722], [2352, 3723], [2353, 3724], [2353, 3725], [2355, 3727], [2355, 3728], [2356, 3729], [2356, 3731], [2357, 3732], [2357, 3734], [2358, 3735], [2358, 3738], [2359, 3739], [2359, 3742], [2360, 3743], [2360, 3746], [2361, 3747], [2361, 3750], [2362, 3751], [2362, 3754], [2363, 3755], [2363, 3758], [2364, 3759], [2364, 3762], [2365, 3763], [2365, 3765], [2366, 3766], [2366, 3769], [2367, 3770], [2367, 3772], [2368, 3773], [2368, 3775], [2369, 3776], [2369, 3778], [2370, 3779], [2370, 3781], [2371, 3782], [2371, 3786], [2372, 3787], [2372, 3792], [2373, 3793], [2373, 3797], [2374, 3798], [2374, 3801], [2375, 3802], [2375, 3804], [2376, 3805], [2376, 3807], [2377, 3808], [2377, 3811], [2378, 3812], [2378, 3814], [2379, 3815], [2379, 3819], [2380, 3820], [2380, 3824], [2381, 3825], [2381, 3828], [2382, 3829], [2382, 3832], [2383, 3833], [2383, 3836], [2384, 3837], [2384, 3840], [2385, 3841], [2385, 3843], [2386, 3844], [2386, 3846], [2387, 3847], [2387, 3849], [2388, 3850], [2388, 3852], [2389, 3853], [2389, 3855], [2390, 3856], [2390, 3858], [2391, 3859], [2391, 3862], [2392, 3863], [2392, 3866], [2393, 3867], [2393, 3870], [2394, 3871], [2394, 3874], [2399, 3879], [2401, 3879], [2402, 3880], [2403, 3880], [2404, 3881], [2407, 3881], [2408, 3882], [2411, 3882], [2412, 3883], [2416, 3883], [2417, 3884], [2421, 3884], [2422, 3885], [2426, 3885], [2427, 3886], [2436, 3886], [2437, 3887], [2454, 3887], [2455, 3886], [2460, 3886], [2461, 3885], [2468, 3885], [2469, 3884], [2473, 3884], [2474, 3883], [2478, 3883], [2479, 3882], [2483, 3882], [2484, 3881], [2489, 3881], [2490, 3880], [2495, 3880], [2496, 3879], [2501, 3879], [2502, 3878], [2504, 3878], [2505, 3877], [2506, 3877], [2507, 3876], [2508, 3876], [2509, 3875], [2510, 3875], [2512, 3873], [2512, 3872], [2513, 3871], [2513, 3870], [2515, 3868], [2515, 3867], [2519, 3863], [2519, 3862], [2522, 3859], [2523, 3859], [2526, 3856], [2527, 3856], [2528, 3855], [2530, 3855], [2531, 3854], [2532, 3854], [2533, 3853], [2534, 3853], [2537, 3850], [2537, 3849], [2538, 3848], [2538, 3847], [2539, 3846], [2539, 3843], [2540, 3842], [2540, 3835], [2539, 3834], [2539, 3832], [2538, 3831], [2538, 3828], [2537, 3827], [2537, 3824], [2536, 3823], [2536, 3819], [2535, 3818], [2535, 3814], [2534, 3813], [2534, 3809], [2533, 3808], [2533, 3804], [2532, 3803], [2532, 3799], [2531, 3798], [2531, 3791], [2530, 3790], [2530, 3786], [2529, 3785], [2529, 3782], [2528, 3781], [2528, 3778], [2527, 3777], [2527, 3772], [2526, 3771], [2526, 3764], [2525, 3763], [2525, 3761], [2524, 3760], [2524, 3759], [2523, 3758], [2523, 3757], [2522, 3756], [2522, 3755], [2521, 3754], [2521, 3753], [2520, 3752], [2520, 3750], [2519, 3749], [2519, 3746], [2518, 3745], [2518, 3742], [2517, 3741], [2517, 3739], [2516, 3738], [2516, 3736], [2515, 3735], [2515, 3733], [2514, 3732], [2514, 3730], [2513, 3729], [2513, 3726], [2512, 3725], [2512, 3721], [2511, 3720], [2511, 3717], [2510, 3716], [2510, 3715], [2509, 3714], [2509, 3712], [2508, 3711], [2508, 3709], [2507, 3708], [2507, 3705], [2506, 3704], [2506, 3702], [2505, 3701], [2505, 3699], [2504, 3698], [2504, 3697], [2503, 3696], [2503, 3695], [2502, 3694], [2502, 3692], [2501, 3691], [2501, 3688], [2500, 3687], [2500, 3684], [2499, 3683], [2499, 3681], [2498, 3680], [2498, 3678], [2497, 3677], [2497, 3676], [2496, 3675], [2496, 3673], [2495, 3672], [2495, 3670], [2494, 3669], [2494, 3667], [2493, 3666], [2493, 3663], [2492, 3662], [2492, 3659], [2491, 3658], [2491, 3656], [2490, 3655], [2490, 3654], [2489, 3653], [2489, 3652], [2488, 3651], [2488, 3650], [2487, 3649], [2487, 3648], [2485, 3646], [2485, 3645], [2484, 3644], [2483, 3644], [2476, 3637], [2475, 3637], [2469, 3631], [2468, 3631], [2464, 3627], [2463, 3627], [2462, 3626], [2462, 3625], [2461, 3625], [2459, 3623], [2458, 3623], [2455, 3620], [2454, 3620], [2452, 3618], [2451, 3618], [2450, 3617], [2449, 3617], [2448, 3616], [2447, 3616], [2446, 3615], [2445, 3615], [2444, 3614], [2443, 3614], [2442, 3613], [2440, 3613], [2439, 3612], [2438, 3612], [2437, 3611], [2436, 3611], [2435, 3610], [2434, 3610], [2433, 3609]]]",
Polygon 44,mask,"[[[1557, 3320], [1556, 3321], [1549, 3321], [1548, 3322], [1544, 3322], [1543, 3323], [1540, 3323], [1539, 3324], [1537, 3324], [1536, 3325], [1535, 3325], [1534, 3326], [1533, 3326], [1532, 3327], [1531, 3327], [1527, 3331], [1526, 3331], [1525, 3332], [1524, 3332], [1522, 3334], [1521, 3334], [1519, 3336], [1517, 3336], [1516, 3337], [1515, 3337], [1514, 3338], [1512, 3338], [1511, 3339], [1510, 3339], [1509, 3340], [1508, 3340], [1504, 3344], [1504, 3345], [1503, 3346], [1503, 3350], [1502, 3351], [1502, 3353], [1503, 3354], [1503, 3366], [1504, 3367], [1504, 3380], [1505, 3381], [1505, 3390], [1506, 3391], [1506, 3399], [1507, 3400], [1507, 3411], [1508, 3412], [1508, 3420], [1509, 3421], [1509, 3429], [1510, 3430], [1510, 3439], [1511, 3440], [1511, 3448], [1512, 3449], [1512, 3456], [1513, 3457], [1513, 3466], [1514, 3467], [1514, 3478], [1515, 3479], [1515, 3488], [1516, 3489], [1516, 3498], [1517, 3499], [1517, 3519], [1518, 3520], [1518, 3527], [1519, 3528], [1519, 3531], [1520, 3532], [1520, 3534], [1521, 3535], [1521, 3537], [1522, 3538], [1522, 3539], [1523, 3540], [1523, 3542], [1524, 3543], [1524, 3545], [1525, 3546], [1525, 3548], [1526, 3549], [1526, 3551], [1527, 3552], [1527, 3554], [1529, 3556], [1529, 3557], [1531, 3559], [1532, 3559], [1535, 3562], [1536, 3562], [1541, 3567], [1542, 3567], [1552, 3577], [1552, 3578], [1554, 3580], [1554, 3581], [1555, 3582], [1555, 3583], [1556, 3584], [1556, 3585], [1557, 3586], [1557, 3587], [1559, 3589], [1559, 3590], [1566, 3597], [1567, 3597], [1569, 3599], [1570, 3599], [1571, 3600], [1573, 3600], [1574, 3601], [1580, 3601], [1581, 3602], [1593, 3602], [1594, 3601], [1597, 3601], [1598, 3600], [1601, 3600], [1602, 3599], [1604, 3599], [1605, 3598], [1608, 3598], [1610, 3596], [1611, 3596], [1612, 3595], [1613, 3595], [1616, 3592], [1617, 3592], [1620, 3589], [1621, 3589], [1623, 3587], [1624, 3587], [1627, 3584], [1628, 3584], [1631, 3581], [1632, 3581], [1642, 3571], [1643, 3571], [1650, 3564], [1651, 3564], [1654, 3561], [1655, 3561], [1660, 3556], [1661, 3556], [1669, 3548], [1669, 3547], [1670, 3546], [1670, 3545], [1671, 3544], [1671, 3543], [1672, 3542], [1672, 3535], [1673, 3534], [1673, 3522], [1672, 3521], [1672, 3514], [1671, 3513], [1671, 3507], [1670, 3506], [1670, 3501], [1669, 3500], [1669, 3494], [1668, 3493], [1668, 3486], [1667, 3485], [1667, 3477], [1666, 3476], [1666, 3469], [1665, 3468], [1665, 3460], [1664, 3459], [1664, 3451], [1663, 3450], [1663, 3441], [1662, 3440], [1662, 3432], [1661, 3431], [1661, 3422], [1660, 3421], [1660, 3414], [1659, 3413], [1659, 3407], [1658, 3406], [1658, 3400], [1657, 3399], [1657, 3394], [1656, 3393], [1656, 3360], [1655, 3359], [1655, 3349], [1654, 3348], [1654, 3344], [1653, 3343], [1653, 3342], [1652, 3341], [1652, 3339], [1650, 3337], [1650, 3336], [1646, 3332], [1645, 3332], [1644, 3331], [1642, 3331], [1641, 3330], [1639, 3330], [1638, 3329], [1635, 3329], [1634, 3328], [1631, 3328], [1630, 3327], [1627, 3327], [1626, 3326], [1625, 3326], [1624, 3325], [1622, 3325], [1621, 3324], [1619, 3324], [1618, 3323], [1616, 3323], [1615, 3322], [1613, 3322], [1612, 3321], [1605, 3321], [1604, 3320]]]",
Polygon 45,mask,"[[[1602, 603], [1601, 604], [1594, 604], [1593, 605], [1591, 605], [1590, 606], [1588, 606], [1587, 607], [1586, 607], [1585, 608], [1584, 608], [1583, 609], [1582, 609], [1581, 610], [1580, 610], [1579, 611], [1578, 611], [1577, 612], [1575, 612], [1573, 614], [1572, 614], [1571, 615], [1569, 615], [1568, 616], [1567, 616], [1566, 617], [1564, 617], [1563, 618], [1561, 618], [1560, 619], [1558, 619], [1557, 620], [1554, 620], [1553, 621], [1551, 621], [1550, 622], [1549, 622], [1548, 623], [1547, 623], [1546, 624], [1545, 624], [1544, 625], [1542, 625], [1541, 626], [1540, 626], [1539, 627], [1538, 627], [1537, 628], [1535, 628], [1534, 629], [1533, 629], [1532, 630], [1530, 630], [1529, 631], [1528, 631], [1527, 632], [1525, 632], [1524, 633], [1523, 633], [1522, 634], [1520, 634], [1519, 635], [1517, 635], [1516, 636], [1514, 636], [1513, 637], [1511, 637], [1510, 638], [1509, 638], [1508, 639], [1506, 639], [1505, 640], [1504, 640], [1503, 641], [1501, 641], [1500, 642], [1498, 642], [1497, 643], [1495, 643], [1494, 644], [1492, 644], [1491, 645], [1490, 645], [1489, 646], [1487, 646], [1486, 647], [1484, 647], [1483, 648], [1481, 648], [1480, 649], [1477, 649], [1476, 650], [1474, 650], [1473, 651], [1471, 651], [1470, 652], [1469, 652], [1468, 653], [1466, 653], [1465, 654], [1463, 654], [1462, 655], [1460, 655], [1459, 656], [1455, 656], [1454, 657], [1452, 657], [1451, 658], [1448, 658], [1447, 659], [1444, 659], [1443, 660], [1441, 660], [1440, 661], [1437, 661], [1436, 662], [1434, 662], [1433, 663], [1431, 663], [1430, 664], [1429, 664], [1427, 666], [1426, 666], [1425, 667], [1424, 667], [1422, 669], [1421, 669], [1418, 672], [1418, 673], [1417, 674], [1417, 675], [1416, 676], [1416, 678], [1415, 679], [1415, 682], [1414, 683], [1414, 687], [1413, 688], [1413, 695], [1412, 696], [1412, 719], [1413, 720], [1413, 728], [1414, 729], [1414, 733], [1415, 734], [1415, 737], [1416, 738], [1416, 741], [1417, 742], [1417, 745], [1418, 746], [1418, 749], [1419, 750], [1419, 753], [1420, 754], [1420, 756], [1421, 757], [1421, 759], [1422, 760], [1422, 763], [1423, 764], [1423, 766], [1424, 767], [1424, 770], [1425, 771], [1425, 773], [1426, 774], [1426, 775], [1427, 776], [1427, 777], [1428, 778], [1428, 779], [1429, 780], [1429, 781], [1430, 782], [1430, 783], [1432, 785], [1432, 786], [1450, 804], [1450, 805], [1454, 809], [1455, 809], [1457, 811], [1462, 811], [1463, 812], [1475, 812], [1476, 811], [1478, 811], [1479, 810], [1480, 810], [1481, 809], [1483, 809], [1484, 808], [1486, 808], [1487, 807], [1488, 807], [1489, 806], [1490, 806], [1491, 805], [1493, 805], [1494, 804], [1495, 804], [1496, 803], [1497, 803], [1498, 802], [1500, 802], [1501, 801], [1502, 801], [1503, 800], [1505, 800], [1506, 799], [1508, 799], [1509, 798], [1511, 798], [1512, 797], [1513, 797], [1514, 796], [1516, 796], [1517, 795], [1518, 795], [1519, 794], [1521, 794], [1522, 793], [1524, 793], [1525, 792], [1526, 792], [1527, 791], [1529, 791], [1530, 790], [1532, 790], [1533, 789], [1535, 789], [1536, 788], [1538, 788], [1539, 787], [1541, 787], [1542, 786], [1544, 786], [1545, 785], [1547, 785], [1548, 784], [1550, 784], [1551, 783], [1553, 783], [1554, 782], [1556, 782], [1557, 781], [1559, 781], [1560, 780], [1562, 780], [1563, 779], [1564, 779], [1565, 778], [1567, 778], [1568, 777], [1569, 777], [1570, 776], [1572, 776], [1573, 775], [1575, 775], [1576, 774], [1578, 774], [1579, 773], [1581, 773], [1582, 772], [1584, 772], [1585, 771], [1588, 771], [1589, 770], [1592, 770], [1593, 769], [1596, 769], [1597, 768], [1600, 768], [1601, 767], [1603, 767], [1604, 766], [1606, 766], [1607, 765], [1609, 765], [1610, 764], [1612, 764], [1613, 763], [1615, 763], [1616, 762], [1617, 762], [1618, 761], [1620, 761], [1621, 760], [1622, 760], [1623, 759], [1624, 759], [1625, 758], [1627, 758], [1628, 757], [1629, 757], [1630, 756], [1631, 756], [1632, 755], [1633, 755], [1634, 754], [1636, 754], [1637, 753], [1638, 753], [1640, 751], [1641, 751], [1642, 750], [1643, 750], [1644, 749], [1645, 749], [1646, 748], [1647, 748], [1653, 742], [1653, 741], [1660, 734], [1660, 733], [1663, 730], [1663, 729], [1664, 728], [1664, 727], [1665, 726], [1665, 725], [1666, 724], [1666, 723], [1667, 722], [1667, 721], [1668, 720], [1668, 719], [1671, 716], [1671, 715], [1679, 707], [1679, 706], [1681, 704], [1681, 703], [1683, 701], [1683, 700], [1684, 699], [1684, 698], [1685, 697], [1685, 696], [1686, 695], [1686, 693], [1687, 692], [1687, 690], [1688, 689], [1688, 685], [1689, 684], [1689, 679], [1690, 678], [1690, 671], [1689, 670], [1689, 668], [1688, 667], [1688, 665], [1687, 664], [1687, 663], [1686, 662], [1686, 661], [1685, 660], [1685, 659], [1684, 658], [1684, 657], [1682, 655], [1682, 654], [1671, 643], [1670, 643], [1665, 638], [1664, 638], [1662, 636], [1661, 636], [1657, 632], [1656, 632], [1654, 630], [1653, 630], [1650, 627], [1649, 627], [1646, 624], [1645, 624], [1643, 622], [1642, 622], [1640, 620], [1639, 620], [1636, 617], [1635, 617], [1632, 614], [1631, 614], [1627, 610], [1626, 610], [1624, 608], [1623, 608], [1622, 607], [1621, 607], [1620, 606], [1619, 606], [1618, 605], [1617, 605], [1616, 604], [1614, 604], [1613, 603]]]",
Polygon 46,mask,"[[[998, 3815], [997, 3816], [991, 3816], [990, 3817], [965, 3817], [964, 3818], [962, 3818], [961, 3819], [960, 3819], [959, 3820], [958, 3820], [957, 3821], [955, 3821], [954, 3822], [953, 3822], [952, 3823], [951, 3823], [950, 3824], [949, 3824], [943, 3830], [943, 3831], [942, 3832], [942, 3833], [941, 3834], [941, 3835], [938, 3838], [938, 3839], [931, 3846], [930, 3846], [927, 3849], [926, 3849], [919, 3856], [919, 3857], [915, 3861], [915, 3862], [912, 3865], [912, 3866], [908, 3870], [908, 3871], [904, 3875], [904, 3876], [900, 3880], [900, 3881], [897, 3884], [897, 3885], [895, 3887], [895, 3888], [892, 3891], [892, 3892], [890, 3894], [890, 3895], [889, 3896], [889, 3897], [887, 3899], [887, 3900], [886, 3901], [886, 3902], [884, 3904], [884, 3905], [883, 3906], [883, 3907], [882, 3908], [882, 3909], [881, 3910], [881, 3911], [880, 3912], [880, 3913], [879, 3914], [879, 3915], [878, 3916], [878, 3917], [876, 3919], [876, 3920], [874, 3922], [874, 3923], [871, 3926], [871, 3927], [869, 3929], [869, 3930], [868, 3931], [868, 3932], [866, 3934], [866, 3935], [865, 3936], [865, 3937], [863, 3939], [863, 3940], [860, 3943], [860, 3944], [849, 3955], [849, 3956], [844, 3961], [844, 3962], [839, 3967], [839, 3968], [835, 3972], [835, 3973], [834, 3974], [834, 3975], [833, 3976], [833, 3981], [832, 3982], [832, 3987], [831, 3988], [831, 3994], [832, 3995], [832, 3996], [833, 3997], [833, 3998], [834, 3999], [834, 4000], [836, 4002], [836, 4003], [838, 4005], [838, 4006], [840, 4008], [840, 4009], [842, 4011], [842, 4012], [844, 4014], [844, 4015], [846, 4017], [846, 4018], [847, 4019], [847, 4020], [848, 4021], [848, 4022], [849, 4023], [849, 4024], [850, 4025], [850, 4026], [851, 4027], [851, 4028], [852, 4029], [852, 4030], [853, 4031], [853, 4032], [855, 4034], [855, 4035], [857, 4037], [857, 4038], [863, 4044], [863, 4045], [864, 4046], [865, 4046], [871, 4052], [871, 4053], [880, 4062], [881, 4062], [883, 4064], [884, 4064], [885, 4065], [886, 4065], [887, 4066], [888, 4066], [889, 4067], [891, 4067], [892, 4068], [893, 4068], [894, 4069], [895, 4069], [896, 4070], [897, 4070], [898, 4071], [899, 4071], [900, 4072], [901, 4072], [902, 4073], [905, 4073], [906, 4074], [909, 4074], [910, 4075], [913, 4075], [914, 4076], [917, 4076], [918, 4077], [920, 4077], [921, 4078], [924, 4078], [925, 4079], [944, 4079], [945, 4078], [946, 4078], [947, 4077], [948, 4077], [958, 4067], [958, 4066], [962, 4062], [962, 4061], [965, 4058], [965, 4057], [968, 4054], [968, 4053], [970, 4051], [970, 4050], [972, 4048], [972, 4047], [975, 4044], [975, 4043], [981, 4037], [981, 4036], [984, 4033], [984, 4032], [987, 4029], [987, 4028], [989, 4026], [989, 4025], [990, 4024], [990, 4023], [992, 4021], [992, 4020], [995, 4017], [995, 4016], [997, 4014], [997, 4013], [999, 4011], [999, 4010], [1001, 4008], [1001, 4007], [1003, 4005], [1003, 4004], [1005, 4002], [1005, 4001], [1008, 3998], [1008, 3997], [1010, 3995], [1010, 3994], [1013, 3991], [1013, 3990], [1015, 3988], [1015, 3987], [1017, 3985], [1017, 3984], [1019, 3982], [1019, 3981], [1022, 3978], [1022, 3977], [1024, 3975], [1024, 3974], [1025, 3973], [1025, 3972], [1026, 3971], [1026, 3970], [1027, 3969], [1027, 3968], [1029, 3966], [1029, 3965], [1030, 3964], [1030, 3963], [1032, 3961], [1032, 3960], [1035, 3957], [1035, 3956], [1039, 3952], [1039, 3951], [1042, 3948], [1042, 3947], [1044, 3945], [1044, 3944], [1047, 3941], [1047, 3940], [1049, 3938], [1049, 3937], [1051, 3935], [1051, 3934], [1053, 3932], [1053, 3931], [1054, 3930], [1054, 3929], [1055, 3928], [1055, 3927], [1056, 3926], [1056, 3925], [1057, 3924], [1057, 3923], [1058, 3922], [1058, 3921], [1059, 3920], [1059, 3919], [1060, 3918], [1060, 3915], [1061, 3914], [1061, 3906], [1062, 3905], [1062, 3883], [1061, 3882], [1061, 3873], [1060, 3872], [1060, 3868], [1059, 3867], [1059, 3862], [1058, 3861], [1058, 3857], [1057, 3856], [1057, 3852], [1056, 3851], [1056, 3849], [1055, 3848], [1055, 3846], [1054, 3845], [1054, 3844], [1053, 3843], [1053, 3841], [1051, 3839], [1051, 3838], [1041, 3828], [1040, 3828], [1038, 3826], [1037, 3826], [1035, 3824], [1034, 3824], [1033, 3823], [1032, 3823], [1030, 3821], [1029, 3821], [1027, 3819], [1026, 3819], [1025, 3818], [1023, 3818], [1022, 3817], [1018, 3817], [1017, 3816], [1012, 3816], [1011, 3815]]]",
Polygon 47,mask,"[[[1507, 3904], [1506, 3905], [1499, 3905], [1498, 3906], [1495, 3906], [1494, 3907], [1492, 3907], [1490, 3909], [1489, 3909], [1487, 3911], [1486, 3911], [1483, 3914], [1482, 3914], [1479, 3917], [1479, 3918], [1476, 3921], [1476, 3922], [1474, 3924], [1474, 3925], [1473, 3926], [1473, 3927], [1471, 3929], [1471, 3930], [1466, 3935], [1466, 3936], [1462, 3940], [1462, 3941], [1461, 3942], [1461, 3943], [1460, 3944], [1460, 3945], [1459, 3946], [1459, 3948], [1458, 3949], [1458, 3951], [1457, 3952], [1457, 3954], [1456, 3955], [1456, 3958], [1455, 3959], [1455, 3965], [1454, 3966], [1454, 3990], [1455, 3991], [1455, 4014], [1456, 4015], [1456, 4019], [1457, 4020], [1457, 4023], [1458, 4024], [1458, 4025], [1460, 4027], [1460, 4028], [1464, 4032], [1465, 4032], [1467, 4034], [1468, 4034], [1469, 4035], [1470, 4035], [1472, 4037], [1473, 4037], [1474, 4038], [1475, 4038], [1477, 4040], [1478, 4040], [1480, 4042], [1481, 4042], [1484, 4045], [1485, 4045], [1488, 4048], [1489, 4048], [1491, 4050], [1492, 4050], [1493, 4051], [1494, 4051], [1496, 4053], [1497, 4053], [1499, 4055], [1500, 4055], [1502, 4057], [1503, 4057], [1505, 4059], [1506, 4059], [1508, 4061], [1509, 4061], [1512, 4064], [1513, 4064], [1515, 4066], [1516, 4066], [1517, 4067], [1518, 4067], [1519, 4068], [1520, 4068], [1521, 4069], [1522, 4069], [1524, 4071], [1525, 4071], [1526, 4072], [1527, 4072], [1529, 4074], [1530, 4074], [1532, 4076], [1533, 4076], [1535, 4078], [1536, 4078], [1538, 4080], [1539, 4080], [1541, 4082], [1542, 4082], [1545, 4085], [1546, 4085], [1549, 4088], [1550, 4088], [1552, 4090], [1553, 4090], [1555, 4092], [1556, 4092], [1558, 4094], [1559, 4094], [1560, 4095], [1561, 4095], [1564, 4098], [1565, 4098], [1567, 4100], [1568, 4100], [1571, 4103], [1572, 4103], [1575, 4106], [1576, 4106], [1579, 4109], [1580, 4109], [1584, 4113], [1585, 4113], [1588, 4116], [1589, 4116], [1592, 4119], [1593, 4119], [1595, 4121], [1596, 4121], [1597, 4122], [1598, 4122], [1600, 4124], [1601, 4124], [1603, 4126], [1604, 4126], [1606, 4128], [1607, 4128], [1609, 4130], [1610, 4130], [1613, 4133], [1614, 4133], [1615, 4134], [1616, 4134], [1618, 4136], [1619, 4136], [1620, 4137], [1621, 4137], [1622, 4138], [1623, 4138], [1624, 4139], [1625, 4139], [1626, 4140], [1633, 4140], [1635, 4138], [1636, 4138], [1637, 4137], [1638, 4137], [1639, 4136], [1640, 4136], [1641, 4135], [1642, 4135], [1643, 4134], [1644, 4134], [1645, 4133], [1646, 4133], [1647, 4132], [1648, 4132], [1649, 4131], [1650, 4131], [1651, 4130], [1652, 4130], [1654, 4128], [1655, 4128], [1656, 4127], [1657, 4127], [1660, 4124], [1661, 4124], [1663, 4122], [1664, 4122], [1669, 4117], [1670, 4117], [1684, 4103], [1684, 4102], [1688, 4098], [1688, 4097], [1691, 4094], [1691, 4093], [1693, 4091], [1693, 4090], [1695, 4088], [1695, 4087], [1698, 4084], [1698, 4083], [1702, 4079], [1702, 4078], [1708, 4072], [1708, 4071], [1709, 4070], [1709, 4069], [1710, 4068], [1710, 4066], [1711, 4065], [1711, 4061], [1712, 4060], [1712, 4056], [1713, 4055], [1713, 4051], [1714, 4050], [1714, 4047], [1715, 4046], [1715, 4043], [1716, 4042], [1716, 4039], [1717, 4038], [1717, 4036], [1718, 4035], [1718, 4027], [1717, 4026], [1717, 4023], [1716, 4022], [1716, 4021], [1715, 4020], [1715, 4019], [1712, 4016], [1711, 4016], [1710, 4015], [1709, 4015], [1707, 4013], [1706, 4013], [1701, 4008], [1700, 4008], [1695, 4003], [1694, 4003], [1690, 3999], [1689, 3999], [1687, 3997], [1686, 3997], [1685, 3996], [1684, 3996], [1683, 3995], [1682, 3995], [1681, 3994], [1680, 3994], [1678, 3992], [1677, 3992], [1675, 3990], [1674, 3990], [1672, 3988], [1671, 3988], [1667, 3984], [1666, 3984], [1665, 3983], [1664, 3983], [1662, 3981], [1661, 3981], [1658, 3978], [1657, 3978], [1655, 3976], [1654, 3976], [1652, 3974], [1651, 3974], [1649, 3972], [1648, 3972], [1647, 3971], [1646, 3971], [1644, 3969], [1643, 3969], [1642, 3968], [1641, 3968], [1639, 3966], [1638, 3966], [1636, 3964], [1635, 3964], [1632, 3961], [1631, 3961], [1629, 3959], [1628, 3959], [1626, 3957], [1625, 3957], [1623, 3955], [1622, 3955], [1620, 3953], [1619, 3953], [1617, 3951], [1616, 3951], [1614, 3949], [1613, 3949], [1610, 3946], [1609, 3946], [1607, 3944], [1606, 3944], [1604, 3942], [1603, 3942], [1601, 3940], [1600, 3940], [1597, 3937], [1596, 3937], [1594, 3935], [1593, 3935], [1590, 3932], [1589, 3932], [1586, 3929], [1585, 3929], [1582, 3926], [1581, 3926], [1578, 3923], [1577, 3923], [1574, 3920], [1573, 3920], [1571, 3918], [1570, 3918], [1569, 3917], [1568, 3917], [1567, 3916], [1566, 3916], [1565, 3915], [1564, 3915], [1563, 3914], [1562, 3914], [1561, 3913], [1560, 3913], [1559, 3912], [1558, 3912], [1557, 3911], [1556, 3911], [1555, 3910], [1553, 3910], [1552, 3909], [1550, 3909], [1549, 3908], [1546, 3908], [1545, 3907], [1542, 3907], [1541, 3906], [1538, 3906], [1537, 3905], [1532, 3905], [1531, 3904]]]",
Polygon 48,mask,"[[[1171, 1323], [1170, 1324], [1162, 1324], [1161, 1325], [1159, 1325], [1157, 1327], [1156, 1327], [1147, 1336], [1147, 1337], [1146, 1338], [1146, 1339], [1145, 1340], [1145, 1341], [1143, 1343], [1143, 1344], [1142, 1345], [1142, 1346], [1140, 1348], [1140, 1349], [1138, 1351], [1138, 1352], [1135, 1355], [1135, 1356], [1132, 1359], [1132, 1360], [1129, 1363], [1129, 1364], [1126, 1367], [1126, 1368], [1124, 1370], [1124, 1371], [1121, 1374], [1121, 1375], [1119, 1377], [1119, 1378], [1116, 1381], [1116, 1382], [1113, 1385], [1113, 1386], [1110, 1389], [1110, 1390], [1108, 1392], [1108, 1393], [1106, 1395], [1106, 1396], [1105, 1397], [1105, 1398], [1103, 1400], [1103, 1401], [1101, 1403], [1101, 1404], [1099, 1406], [1099, 1407], [1091, 1415], [1091, 1416], [1089, 1418], [1088, 1418], [1088, 1419], [1086, 1421], [1086, 1422], [1084, 1424], [1084, 1425], [1080, 1429], [1080, 1430], [1076, 1434], [1076, 1435], [1072, 1439], [1072, 1440], [1070, 1442], [1070, 1443], [1067, 1446], [1067, 1447], [1064, 1450], [1064, 1451], [1042, 1473], [1042, 1474], [1039, 1477], [1039, 1478], [1038, 1479], [1038, 1480], [1037, 1481], [1037, 1482], [1036, 1483], [1036, 1485], [1035, 1486], [1035, 1488], [1034, 1489], [1034, 1496], [1035, 1497], [1035, 1498], [1037, 1500], [1037, 1501], [1038, 1502], [1038, 1503], [1040, 1505], [1040, 1506], [1041, 1507], [1041, 1508], [1043, 1510], [1043, 1511], [1045, 1513], [1045, 1514], [1046, 1515], [1046, 1516], [1048, 1518], [1048, 1519], [1049, 1520], [1049, 1521], [1051, 1523], [1051, 1524], [1054, 1527], [1054, 1528], [1058, 1532], [1058, 1533], [1062, 1537], [1062, 1538], [1068, 1544], [1068, 1545], [1076, 1553], [1076, 1554], [1089, 1567], [1090, 1567], [1093, 1570], [1094, 1570], [1095, 1571], [1096, 1571], [1098, 1573], [1099, 1573], [1100, 1574], [1102, 1574], [1103, 1575], [1104, 1575], [1105, 1576], [1108, 1576], [1109, 1577], [1111, 1577], [1112, 1578], [1115, 1578], [1116, 1579], [1118, 1579], [1119, 1580], [1122, 1580], [1123, 1581], [1126, 1581], [1127, 1582], [1131, 1582], [1132, 1583], [1135, 1583], [1136, 1584], [1145, 1584], [1146, 1583], [1147, 1583], [1148, 1582], [1149, 1582], [1150, 1581], [1151, 1581], [1153, 1579], [1154, 1579], [1160, 1573], [1160, 1572], [1162, 1570], [1162, 1569], [1165, 1566], [1165, 1565], [1168, 1562], [1168, 1561], [1173, 1556], [1173, 1555], [1176, 1552], [1176, 1551], [1178, 1549], [1178, 1548], [1179, 1547], [1179, 1546], [1180, 1545], [1180, 1544], [1182, 1542], [1182, 1541], [1184, 1539], [1184, 1538], [1187, 1535], [1187, 1534], [1198, 1523], [1198, 1522], [1203, 1517], [1203, 1516], [1206, 1513], [1206, 1512], [1208, 1510], [1208, 1509], [1209, 1508], [1209, 1507], [1211, 1505], [1211, 1504], [1212, 1503], [1212, 1502], [1214, 1500], [1214, 1499], [1215, 1498], [1215, 1497], [1216, 1496], [1216, 1495], [1217, 1494], [1217, 1493], [1218, 1492], [1218, 1491], [1219, 1490], [1219, 1489], [1220, 1488], [1220, 1487], [1222, 1485], [1222, 1484], [1223, 1483], [1223, 1482], [1226, 1479], [1226, 1478], [1229, 1475], [1229, 1474], [1233, 1470], [1233, 1469], [1240, 1462], [1241, 1462], [1243, 1460], [1244, 1460], [1247, 1457], [1248, 1457], [1252, 1453], [1252, 1452], [1254, 1450], [1254, 1449], [1256, 1447], [1256, 1446], [1257, 1445], [1257, 1444], [1259, 1442], [1259, 1441], [1260, 1440], [1260, 1439], [1267, 1432], [1267, 1431], [1269, 1429], [1269, 1427], [1270, 1426], [1270, 1424], [1271, 1423], [1271, 1421], [1272, 1420], [1272, 1416], [1273, 1415], [1273, 1412], [1274, 1411], [1274, 1407], [1275, 1406], [1275, 1401], [1276, 1400], [1276, 1391], [1275, 1390], [1275, 1383], [1274, 1382], [1274, 1375], [1273, 1374], [1273, 1360], [1272, 1359], [1272, 1355], [1271, 1354], [1271, 1353], [1270, 1352], [1270, 1350], [1269, 1349], [1269, 1348], [1267, 1346], [1267, 1345], [1265, 1343], [1265, 1342], [1262, 1339], [1261, 1339], [1256, 1334], [1255, 1334], [1252, 1331], [1251, 1331], [1249, 1329], [1248, 1329], [1247, 1328], [1246, 1328], [1245, 1327], [1244, 1327], [1243, 1326], [1242, 1326], [1241, 1325], [1239, 1325], [1238, 1324], [1219, 1324], [1218, 1323]]]",
Polygon 49,mask,"[[[1686, 1185], [1685, 1186], [1684, 1186], [1683, 1187], [1682, 1187], [1681, 1188], [1680, 1188], [1679, 1189], [1678, 1189], [1676, 1191], [1675, 1191], [1670, 1196], [1670, 1197], [1657, 1210], [1656, 1210], [1644, 1222], [1643, 1222], [1639, 1226], [1638, 1226], [1633, 1231], [1632, 1231], [1627, 1236], [1626, 1236], [1612, 1250], [1611, 1250], [1609, 1252], [1608, 1252], [1606, 1254], [1605, 1254], [1604, 1255], [1603, 1255], [1596, 1262], [1595, 1262], [1590, 1267], [1589, 1267], [1571, 1285], [1570, 1285], [1568, 1287], [1567, 1287], [1555, 1299], [1554, 1299], [1551, 1302], [1550, 1302], [1547, 1305], [1546, 1305], [1538, 1313], [1538, 1314], [1537, 1315], [1537, 1316], [1536, 1317], [1536, 1319], [1535, 1320], [1535, 1339], [1536, 1340], [1536, 1344], [1537, 1345], [1537, 1348], [1538, 1349], [1538, 1353], [1539, 1354], [1539, 1356], [1540, 1357], [1540, 1359], [1541, 1360], [1541, 1362], [1542, 1363], [1542, 1364], [1543, 1365], [1543, 1366], [1544, 1367], [1544, 1368], [1545, 1369], [1545, 1370], [1547, 1372], [1547, 1373], [1548, 1374], [1548, 1375], [1550, 1377], [1550, 1378], [1552, 1380], [1552, 1381], [1554, 1383], [1554, 1384], [1556, 1386], [1556, 1387], [1558, 1389], [1558, 1390], [1561, 1393], [1561, 1394], [1571, 1404], [1572, 1404], [1577, 1409], [1578, 1409], [1581, 1412], [1582, 1412], [1585, 1415], [1586, 1415], [1587, 1416], [1588, 1416], [1589, 1417], [1591, 1417], [1592, 1418], [1594, 1418], [1595, 1419], [1596, 1419], [1597, 1420], [1598, 1420], [1599, 1421], [1600, 1421], [1601, 1422], [1602, 1422], [1604, 1424], [1605, 1424], [1607, 1426], [1608, 1426], [1610, 1428], [1611, 1428], [1613, 1430], [1614, 1430], [1615, 1431], [1617, 1431], [1618, 1432], [1619, 1432], [1620, 1433], [1623, 1433], [1624, 1434], [1632, 1434], [1633, 1433], [1634, 1433], [1638, 1429], [1639, 1429], [1644, 1424], [1645, 1424], [1652, 1417], [1653, 1417], [1663, 1407], [1664, 1407], [1685, 1386], [1686, 1386], [1693, 1379], [1694, 1379], [1699, 1374], [1700, 1374], [1705, 1369], [1706, 1369], [1710, 1365], [1711, 1365], [1717, 1359], [1718, 1359], [1722, 1355], [1723, 1355], [1728, 1350], [1729, 1350], [1740, 1339], [1741, 1339], [1771, 1309], [1771, 1308], [1774, 1305], [1774, 1304], [1776, 1302], [1776, 1301], [1777, 1300], [1777, 1299], [1779, 1297], [1779, 1296], [1780, 1295], [1780, 1294], [1781, 1293], [1781, 1292], [1782, 1291], [1782, 1290], [1783, 1289], [1783, 1288], [1784, 1287], [1784, 1285], [1785, 1284], [1785, 1282], [1786, 1281], [1786, 1278], [1787, 1277], [1787, 1271], [1788, 1270], [1788, 1260], [1789, 1259], [1789, 1247], [1790, 1246], [1790, 1232], [1789, 1231], [1789, 1228], [1788, 1227], [1788, 1226], [1787, 1225], [1787, 1223], [1781, 1217], [1780, 1217], [1769, 1206], [1768, 1206], [1764, 1202], [1763, 1202], [1762, 1201], [1761, 1201], [1760, 1200], [1759, 1200], [1758, 1199], [1756, 1199], [1755, 1198], [1753, 1198], [1752, 1197], [1749, 1197], [1748, 1196], [1746, 1196], [1745, 1195], [1742, 1195], [1741, 1194], [1737, 1194], [1736, 1193], [1731, 1193], [1730, 1192], [1726, 1192], [1725, 1191], [1722, 1191], [1721, 1190], [1718, 1190], [1717, 1189], [1715, 1189], [1714, 1188], [1711, 1188], [1710, 1187], [1706, 1187], [1705, 1186], [1698, 1186], [1697, 1185]]]",
Polygon 50,mask,"[[[2274, 3796], [2273, 3797], [2272, 3797], [2271, 3798], [2270, 3798], [2268, 3800], [2267, 3800], [2266, 3801], [2265, 3801], [2263, 3803], [2262, 3803], [2261, 3804], [2260, 3804], [2258, 3806], [2257, 3806], [2255, 3808], [2254, 3808], [2252, 3810], [2252, 3811], [2250, 3813], [2250, 3814], [2249, 3815], [2249, 3816], [2248, 3817], [2248, 3819], [2247, 3820], [2247, 3822], [2246, 3823], [2246, 3824], [2245, 3825], [2245, 3827], [2244, 3828], [2244, 3830], [2243, 3831], [2243, 3832], [2242, 3833], [2242, 3835], [2241, 3836], [2241, 3838], [2240, 3839], [2240, 3842], [2239, 3843], [2239, 3845], [2238, 3846], [2238, 3848], [2237, 3849], [2237, 3851], [2236, 3852], [2236, 3853], [2235, 3854], [2235, 3855], [2231, 3859], [2231, 3860], [2225, 3866], [2225, 3867], [2222, 3870], [2222, 3871], [2220, 3873], [2220, 3874], [2219, 3875], [2219, 3876], [2217, 3878], [2217, 3879], [2215, 3881], [2215, 3882], [2213, 3884], [2213, 3885], [2212, 3886], [2212, 3887], [2211, 3888], [2211, 3889], [2210, 3890], [2210, 3891], [2209, 3892], [2209, 3893], [2208, 3894], [2208, 3895], [2207, 3896], [2207, 3897], [2206, 3898], [2206, 3899], [2205, 3900], [2205, 3902], [2204, 3903], [2204, 3904], [2203, 3905], [2203, 3906], [2201, 3908], [2201, 3909], [2200, 3910], [2200, 3911], [2199, 3912], [2199, 3913], [2198, 3914], [2198, 3915], [2197, 3916], [2197, 3917], [2196, 3918], [2196, 3919], [2195, 3920], [2195, 3921], [2194, 3922], [2194, 3923], [2193, 3924], [2193, 3925], [2192, 3926], [2192, 3927], [2191, 3928], [2191, 3929], [2190, 3930], [2190, 3931], [2188, 3933], [2188, 3934], [2187, 3935], [2187, 3936], [2186, 3937], [2186, 3938], [2184, 3940], [2184, 3941], [2183, 3942], [2183, 3943], [2180, 3946], [2180, 3947], [2179, 3948], [2179, 3949], [2176, 3952], [2176, 3953], [2174, 3955], [2174, 3956], [2172, 3958], [2172, 3960], [2171, 3961], [2171, 3962], [2170, 3963], [2170, 3965], [2169, 3966], [2169, 3969], [2168, 3970], [2168, 3973], [2167, 3974], [2167, 3997], [2168, 3998], [2168, 4004], [2169, 4005], [2169, 4010], [2170, 4011], [2170, 4015], [2171, 4016], [2171, 4019], [2172, 4020], [2172, 4024], [2173, 4025], [2173, 4030], [2174, 4031], [2174, 4034], [2175, 4035], [2175, 4036], [2176, 4037], [2176, 4038], [2177, 4039], [2177, 4040], [2178, 4041], [2178, 4042], [2179, 4043], [2179, 4044], [2182, 4047], [2182, 4048], [2184, 4050], [2185, 4050], [2189, 4054], [2190, 4054], [2194, 4058], [2195, 4058], [2198, 4061], [2200, 4061], [2201, 4062], [2204, 4062], [2205, 4063], [2209, 4063], [2210, 4064], [2217, 4064], [2218, 4065], [2219, 4065], [2220, 4064], [2235, 4064], [2236, 4063], [2240, 4063], [2241, 4062], [2244, 4062], [2245, 4061], [2249, 4061], [2250, 4060], [2255, 4060], [2256, 4059], [2275, 4059], [2276, 4058], [2281, 4058], [2282, 4057], [2285, 4057], [2286, 4056], [2290, 4056], [2291, 4055], [2292, 4055], [2293, 4054], [2294, 4054], [2299, 4049], [2299, 4048], [2300, 4047], [2300, 4046], [2301, 4045], [2301, 4044], [2302, 4043], [2302, 4042], [2303, 4041], [2303, 4040], [2304, 4039], [2304, 4038], [2305, 4037], [2305, 4036], [2306, 4035], [2306, 4033], [2307, 4032], [2307, 4031], [2308, 4030], [2308, 4029], [2309, 4028], [2309, 4027], [2310, 4026], [2310, 4025], [2311, 4024], [2311, 4023], [2312, 4022], [2312, 4021], [2313, 4020], [2313, 4019], [2314, 4018], [2314, 4017], [2315, 4016], [2315, 4015], [2316, 4014], [2316, 4013], [2317, 4012], [2317, 4011], [2318, 4010], [2318, 4008], [2319, 4007], [2319, 4006], [2320, 4005], [2320, 4004], [2321, 4003], [2321, 4002], [2322, 4001], [2322, 4000], [2323, 3999], [2323, 3998], [2325, 3996], [2325, 3994], [2326, 3993], [2326, 3992], [2327, 3991], [2327, 3990], [2328, 3989], [2328, 3988], [2329, 3987], [2329, 3986], [2330, 3985], [2330, 3984], [2331, 3983], [2331, 3982], [2332, 3981], [2332, 3980], [2333, 3979], [2333, 3978], [2334, 3977], [2334, 3976], [2335, 3975], [2335, 3974], [2336, 3973], [2336, 3972], [2337, 3971], [2337, 3970], [2338, 3969], [2338, 3967], [2339, 3966], [2339, 3965], [2340, 3964], [2340, 3963], [2342, 3961], [2342, 3960], [2343, 3959], [2343, 3958], [2345, 3956], [2345, 3955], [2346, 3954], [2346, 3953], [2348, 3951], [2348, 3950], [2349, 3949], [2349, 3948], [2350, 3947], [2350, 3946], [2352, 3944], [2352, 3943], [2353, 3942], [2353, 3941], [2355, 3939], [2355, 3938], [2356, 3937], [2356, 3936], [2358, 3934], [2358, 3933], [2359, 3932], [2359, 3930], [2360, 3929], [2360, 3928], [2361, 3927], [2361, 3926], [2363, 3924], [2363, 3923], [2364, 3922], [2364, 3921], [2367, 3918], [2367, 3917], [2370, 3914], [2370, 3913], [2371, 3912], [2371, 3911], [2373, 3909], [2373, 3908], [2375, 3906], [2375, 3905], [2377, 3903], [2377, 3902], [2379, 3900], [2379, 3899], [2381, 3897], [2381, 3896], [2383, 3894], [2383, 3893], [2384, 3892], [2384, 3890], [2385, 3889], [2385, 3887], [2386, 3886], [2386, 3885], [2387, 3884], [2387, 3882], [2388, 3881], [2388, 3880], [2389, 3879], [2389, 3871], [2388, 3870], [2388, 3868], [2387, 3867], [2387, 3864], [2386, 3863], [2386, 3861], [2385, 3860], [2385, 3859], [2384, 3858], [2384, 3856], [2383, 3855], [2383, 3854], [2381, 3852], [2381, 3851], [2380, 3850], [2380, 3849], [2378, 3847], [2378, 3846], [2376, 3844], [2376, 3843], [2374, 3841], [2374, 3840], [2363, 3829], [2362, 3829], [2359, 3826], [2358, 3826], [2357, 3825], [2356, 3825], [2354, 3823], [2353, 3823], [2352, 3822], [2351, 3822], [2347, 3818], [2346, 3818], [2342, 3814], [2341, 3814], [2340, 3813], [2339, 3813], [2338, 3812], [2337, 3812], [2336, 3811], [2335, 3811], [2334, 3810], [2332, 3810], [2331, 3809], [2330, 3809], [2329, 3808], [2328, 3808], [2327, 3807], [2326, 3807], [2325, 3806], [2324, 3806], [2323, 3805], [2322, 3805], [2321, 3804], [2320, 3804], [2318, 3802], [2317, 3802], [2316, 3801], [2315, 3801], [2314, 3800], [2313, 3800], [2312, 3799], [2308, 3799], [2307, 3798], [2298, 3798], [2297, 3797], [2289, 3797], [2288, 3796]]]",
Polygon 51,mask,"[[[810, 2608], [809, 2609], [806, 2609], [805, 2610], [804, 2610], [803, 2611], [802, 2611], [801, 2612], [800, 2612], [799, 2613], [798, 2613], [797, 2614], [796, 2614], [795, 2615], [794, 2615], [793, 2616], [792, 2616], [790, 2618], [789, 2618], [788, 2619], [787, 2619], [786, 2620], [785, 2620], [783, 2622], [782, 2622], [781, 2623], [780, 2623], [779, 2624], [777, 2624], [775, 2626], [774, 2626], [773, 2627], [772, 2627], [771, 2628], [770, 2628], [769, 2629], [768, 2629], [765, 2632], [764, 2632], [762, 2634], [761, 2634], [760, 2635], [759, 2635], [758, 2636], [757, 2636], [756, 2637], [755, 2637], [754, 2638], [753, 2638], [752, 2639], [751, 2639], [750, 2640], [749, 2640], [748, 2641], [747, 2641], [746, 2642], [745, 2642], [744, 2643], [743, 2643], [742, 2644], [741, 2644], [740, 2645], [739, 2645], [738, 2646], [737, 2646], [736, 2647], [734, 2647], [733, 2648], [732, 2648], [731, 2649], [730, 2649], [728, 2651], [727, 2651], [725, 2653], [724, 2653], [722, 2655], [721, 2655], [719, 2657], [718, 2657], [717, 2658], [716, 2658], [715, 2659], [714, 2659], [713, 2660], [712, 2660], [710, 2662], [708, 2662], [707, 2663], [706, 2663], [705, 2664], [704, 2664], [702, 2666], [700, 2666], [699, 2667], [698, 2667], [697, 2668], [696, 2668], [695, 2669], [693, 2669], [692, 2670], [691, 2670], [690, 2671], [689, 2671], [688, 2672], [687, 2672], [686, 2673], [685, 2673], [684, 2674], [683, 2674], [682, 2675], [681, 2675], [680, 2676], [679, 2676], [678, 2677], [677, 2677], [676, 2678], [675, 2678], [674, 2679], [673, 2679], [672, 2680], [671, 2680], [670, 2681], [668, 2681], [667, 2682], [666, 2682], [665, 2683], [664, 2683], [663, 2684], [662, 2684], [661, 2685], [660, 2685], [659, 2686], [658, 2686], [657, 2687], [656, 2687], [655, 2688], [654, 2688], [653, 2689], [652, 2689], [651, 2690], [650, 2690], [648, 2692], [647, 2692], [646, 2693], [645, 2693], [643, 2695], [642, 2695], [641, 2696], [640, 2696], [639, 2697], [638, 2697], [637, 2698], [636, 2698], [635, 2699], [634, 2699], [633, 2700], [632, 2700], [630, 2702], [629, 2702], [629, 2703], [628, 2704], [628, 2705], [627, 2706], [627, 2724], [628, 2725], [628, 2741], [629, 2742], [629, 2748], [630, 2749], [630, 2753], [631, 2754], [631, 2758], [632, 2759], [632, 2762], [633, 2763], [633, 2765], [634, 2766], [634, 2768], [635, 2769], [635, 2771], [636, 2772], [636, 2773], [637, 2774], [637, 2776], [638, 2777], [638, 2779], [639, 2780], [639, 2781], [640, 2782], [640, 2784], [641, 2785], [641, 2786], [642, 2787], [642, 2788], [643, 2789], [643, 2790], [644, 2791], [644, 2792], [645, 2793], [645, 2794], [646, 2795], [646, 2796], [647, 2797], [647, 2798], [648, 2799], [648, 2800], [649, 2801], [649, 2802], [650, 2803], [650, 2805], [651, 2806], [651, 2807], [653, 2809], [653, 2810], [655, 2812], [655, 2813], [657, 2815], [658, 2815], [659, 2816], [660, 2816], [661, 2817], [663, 2817], [664, 2818], [665, 2818], [666, 2819], [667, 2819], [668, 2820], [670, 2820], [675, 2825], [675, 2826], [677, 2828], [677, 2829], [683, 2835], [684, 2835], [685, 2836], [686, 2836], [687, 2837], [688, 2837], [689, 2838], [695, 2838], [696, 2837], [697, 2837], [698, 2836], [699, 2836], [700, 2835], [701, 2835], [702, 2834], [703, 2834], [704, 2833], [705, 2833], [706, 2832], [707, 2832], [708, 2831], [710, 2831], [712, 2829], [713, 2829], [714, 2828], [715, 2828], [717, 2826], [718, 2826], [719, 2825], [720, 2825], [721, 2824], [722, 2824], [724, 2822], [725, 2822], [726, 2821], [727, 2821], [728, 2820], [730, 2820], [731, 2819], [732, 2819], [733, 2818], [734, 2818], [735, 2817], [736, 2817], [737, 2816], [738, 2816], [739, 2815], [740, 2815], [741, 2814], [742, 2814], [743, 2813], [744, 2813], [745, 2812], [746, 2812], [747, 2811], [748, 2811], [749, 2810], [750, 2810], [751, 2809], [752, 2809], [753, 2808], [754, 2808], [755, 2807], [756, 2807], [757, 2806], [758, 2806], [759, 2805], [760, 2805], [761, 2804], [762, 2804], [763, 2803], [764, 2803], [765, 2802], [767, 2802], [768, 2801], [769, 2801], [770, 2800], [772, 2800], [773, 2799], [774, 2799], [775, 2798], [776, 2798], [778, 2796], [779, 2796], [780, 2795], [781, 2795], [783, 2793], [784, 2793], [786, 2791], [787, 2791], [790, 2788], [791, 2788], [793, 2786], [794, 2786], [796, 2784], [797, 2784], [799, 2782], [800, 2782], [801, 2781], [802, 2781], [803, 2780], [805, 2780], [806, 2779], [807, 2779], [808, 2778], [809, 2778], [810, 2777], [812, 2777], [813, 2776], [814, 2776], [815, 2775], [816, 2775], [817, 2774], [818, 2774], [819, 2773], [821, 2773], [822, 2772], [823, 2772], [824, 2771], [825, 2771], [826, 2770], [827, 2770], [828, 2769], [829, 2769], [830, 2768], [831, 2768], [832, 2767], [833, 2767], [834, 2766], [835, 2766], [836, 2765], [837, 2765], [838, 2764], [839, 2764], [840, 2763], [841, 2763], [842, 2762], [843, 2762], [844, 2761], [845, 2761], [846, 2760], [847, 2760], [848, 2759], [849, 2759], [850, 2758], [852, 2758], [853, 2757], [856, 2757], [857, 2756], [858, 2756], [859, 2755], [860, 2755], [861, 2754], [862, 2754], [868, 2748], [868, 2747], [870, 2745], [870, 2744], [871, 2743], [871, 2742], [872, 2741], [872, 2740], [873, 2739], [873, 2738], [874, 2737], [874, 2736], [875, 2735], [875, 2734], [876, 2733], [876, 2731], [877, 2730], [877, 2729], [878, 2728], [878, 2726], [879, 2725], [879, 2724], [880, 2723], [880, 2722], [881, 2721], [881, 2720], [882, 2719], [882, 2718], [883, 2717], [883, 2716], [884, 2715], [884, 2714], [885, 2713], [885, 2712], [886, 2711], [886, 2710], [887, 2709], [887, 2708], [889, 2706], [889, 2705], [891, 2703], [891, 2702], [892, 2701], [892, 2700], [894, 2698], [894, 2697], [897, 2694], [897, 2693], [900, 2690], [900, 2689], [902, 2687], [902, 2682], [901, 2681], [901, 2680], [900, 2679], [900, 2678], [899, 2677], [899, 2675], [898, 2674], [898, 2670], [897, 2669], [897, 2666], [896, 2665], [896, 2663], [895, 2662], [895, 2661], [894, 2660], [894, 2658], [893, 2657], [893, 2656], [892, 2655], [892, 2654], [891, 2653], [891, 2652], [890, 2651], [890, 2650], [889, 2649], [889, 2648], [886, 2645], [885, 2645], [883, 2643], [882, 2643], [881, 2642], [880, 2642], [878, 2640], [877, 2640], [876, 2639], [875, 2639], [873, 2637], [872, 2637], [870, 2635], [869, 2635], [867, 2633], [866, 2633], [865, 2632], [864, 2632], [863, 2631], [862, 2631], [861, 2630], [860, 2630], [859, 2629], [858, 2629], [857, 2628], [856, 2628], [855, 2627], [854, 2627], [853, 2626], [852, 2626], [851, 2625], [850, 2625], [849, 2624], [847, 2624], [846, 2623], [845, 2623], [844, 2622], [843, 2622], [842, 2621], [841, 2621], [840, 2620], [839, 2620], [838, 2619], [837, 2619], [836, 2618], [835, 2618], [833, 2616], [832, 2616], [831, 2615], [830, 2615], [828, 2613], [826, 2613], [825, 2612], [823, 2612], [822, 2611], [820, 2611], [819, 2610], [817, 2610], [816, 2609], [814, 2609], [813, 2608]]]",
Polygon 52,mask,"[[[690, 2917], [689, 2918], [683, 2918], [682, 2919], [676, 2919], [675, 2920], [672, 2920], [671, 2921], [669, 2921], [668, 2922], [667, 2922], [666, 2923], [665, 2923], [663, 2925], [662, 2925], [661, 2926], [660, 2926], [658, 2928], [657, 2928], [643, 2942], [642, 2942], [638, 2946], [637, 2946], [635, 2948], [634, 2948], [632, 2950], [631, 2950], [628, 2953], [627, 2953], [625, 2955], [624, 2955], [622, 2957], [621, 2957], [616, 2962], [616, 2964], [615, 2965], [615, 2966], [614, 2967], [614, 2969], [613, 2970], [613, 2973], [612, 2974], [612, 2999], [613, 3000], [613, 3002], [614, 3003], [614, 3004], [615, 3005], [615, 3007], [616, 3008], [616, 3009], [617, 3010], [617, 3011], [618, 3012], [618, 3013], [621, 3016], [621, 3017], [624, 3020], [624, 3021], [628, 3025], [628, 3026], [630, 3028], [630, 3029], [632, 3031], [632, 3032], [634, 3034], [634, 3035], [635, 3036], [635, 3037], [637, 3039], [637, 3040], [639, 3042], [639, 3043], [642, 3046], [642, 3047], [644, 3049], [644, 3050], [646, 3052], [646, 3053], [649, 3056], [649, 3057], [650, 3058], [650, 3059], [652, 3061], [652, 3062], [658, 3068], [660, 3068], [661, 3069], [663, 3069], [664, 3070], [667, 3070], [668, 3071], [673, 3071], [674, 3072], [698, 3072], [699, 3071], [792, 3071], [793, 3072], [808, 3072], [809, 3073], [818, 3073], [819, 3074], [826, 3074], [827, 3075], [832, 3075], [833, 3074], [839, 3074], [840, 3073], [846, 3073], [847, 3072], [852, 3072], [853, 3071], [856, 3071], [857, 3070], [859, 3070], [860, 3069], [862, 3069], [863, 3068], [865, 3068], [866, 3067], [867, 3067], [869, 3065], [870, 3065], [874, 3061], [874, 3060], [876, 3058], [876, 3057], [878, 3055], [878, 3054], [880, 3052], [880, 3051], [881, 3050], [881, 3049], [882, 3048], [882, 3047], [883, 3046], [883, 3045], [884, 3044], [884, 3043], [885, 3042], [885, 3040], [886, 3039], [886, 3037], [887, 3036], [887, 3033], [888, 3032], [888, 3029], [889, 3028], [889, 3026], [890, 3025], [890, 3022], [891, 3021], [891, 3017], [892, 3016], [892, 3011], [893, 3010], [893, 3005], [894, 3004], [894, 2985], [893, 2984], [893, 2963], [894, 2962], [894, 2961], [893, 2960], [893, 2957], [892, 2956], [892, 2955], [891, 2954], [891, 2953], [890, 2952], [890, 2951], [889, 2950], [889, 2949], [888, 2948], [888, 2947], [887, 2946], [887, 2944], [886, 2943], [886, 2942], [885, 2941], [885, 2940], [882, 2937], [882, 2936], [871, 2925], [870, 2925], [869, 2924], [868, 2924], [867, 2923], [822, 2923], [821, 2922], [797, 2922], [796, 2921], [747, 2921], [746, 2920], [728, 2920], [727, 2919], [714, 2919], [713, 2918], [699, 2918], [698, 2917]]]",
Polygon 53,mask,"[[[1766, 852], [1765, 853], [1763, 853], [1761, 855], [1760, 855], [1759, 856], [1758, 856], [1756, 858], [1755, 858], [1753, 860], [1752, 860], [1750, 862], [1749, 862], [1747, 864], [1746, 864], [1743, 867], [1742, 867], [1739, 870], [1738, 870], [1735, 873], [1734, 873], [1732, 875], [1731, 875], [1729, 877], [1728, 877], [1725, 880], [1724, 880], [1721, 883], [1720, 883], [1716, 887], [1715, 887], [1711, 891], [1710, 891], [1707, 894], [1706, 894], [1704, 896], [1703, 896], [1700, 899], [1699, 899], [1697, 901], [1696, 901], [1694, 903], [1693, 903], [1691, 905], [1690, 905], [1688, 907], [1687, 907], [1685, 909], [1684, 909], [1682, 911], [1681, 911], [1679, 913], [1678, 913], [1676, 915], [1675, 915], [1673, 917], [1672, 917], [1669, 920], [1668, 920], [1665, 923], [1664, 923], [1661, 926], [1660, 926], [1658, 928], [1657, 928], [1655, 930], [1654, 930], [1653, 931], [1652, 931], [1648, 935], [1647, 935], [1643, 939], [1642, 939], [1640, 941], [1639, 941], [1637, 943], [1636, 943], [1635, 944], [1634, 944], [1633, 945], [1632, 945], [1630, 947], [1629, 947], [1628, 948], [1627, 948], [1626, 949], [1625, 949], [1623, 951], [1622, 951], [1618, 955], [1617, 955], [1614, 958], [1613, 958], [1605, 966], [1605, 967], [1604, 968], [1604, 969], [1603, 970], [1603, 973], [1602, 974], [1602, 980], [1601, 981], [1601, 987], [1602, 988], [1602, 992], [1603, 993], [1603, 996], [1604, 997], [1604, 1001], [1605, 1002], [1605, 1005], [1606, 1006], [1606, 1010], [1607, 1011], [1607, 1013], [1608, 1014], [1608, 1017], [1609, 1018], [1609, 1019], [1610, 1020], [1610, 1021], [1611, 1022], [1611, 1023], [1612, 1024], [1612, 1025], [1613, 1026], [1613, 1028], [1616, 1031], [1616, 1032], [1617, 1033], [1617, 1034], [1618, 1035], [1618, 1036], [1619, 1037], [1619, 1039], [1620, 1040], [1620, 1041], [1621, 1042], [1621, 1043], [1623, 1045], [1623, 1046], [1627, 1050], [1627, 1051], [1629, 1053], [1629, 1054], [1631, 1056], [1631, 1057], [1632, 1058], [1632, 1059], [1633, 1060], [1633, 1061], [1637, 1065], [1637, 1066], [1641, 1070], [1642, 1070], [1647, 1075], [1648, 1075], [1650, 1077], [1651, 1077], [1652, 1078], [1653, 1078], [1654, 1079], [1655, 1079], [1657, 1081], [1658, 1081], [1659, 1082], [1660, 1082], [1661, 1083], [1662, 1083], [1667, 1088], [1668, 1088], [1669, 1089], [1670, 1089], [1672, 1091], [1681, 1091], [1682, 1092], [1686, 1092], [1687, 1091], [1688, 1091], [1689, 1090], [1690, 1090], [1692, 1088], [1693, 1088], [1698, 1083], [1699, 1083], [1701, 1081], [1702, 1081], [1704, 1079], [1705, 1079], [1706, 1078], [1707, 1078], [1709, 1076], [1710, 1076], [1711, 1075], [1712, 1075], [1715, 1072], [1716, 1072], [1719, 1069], [1720, 1069], [1724, 1065], [1725, 1065], [1729, 1061], [1730, 1061], [1733, 1058], [1734, 1058], [1737, 1055], [1738, 1055], [1740, 1053], [1741, 1053], [1743, 1051], [1744, 1051], [1747, 1048], [1748, 1048], [1750, 1046], [1751, 1046], [1754, 1043], [1755, 1043], [1758, 1040], [1759, 1040], [1761, 1038], [1762, 1038], [1765, 1035], [1766, 1035], [1770, 1031], [1771, 1031], [1774, 1028], [1775, 1028], [1777, 1026], [1778, 1026], [1780, 1024], [1781, 1024], [1782, 1023], [1783, 1023], [1785, 1021], [1786, 1021], [1788, 1019], [1789, 1019], [1791, 1017], [1792, 1017], [1793, 1016], [1794, 1016], [1796, 1014], [1797, 1014], [1798, 1013], [1799, 1013], [1801, 1011], [1802, 1011], [1803, 1010], [1804, 1010], [1805, 1009], [1806, 1009], [1807, 1008], [1808, 1008], [1810, 1006], [1811, 1006], [1812, 1005], [1813, 1005], [1815, 1003], [1816, 1003], [1817, 1002], [1818, 1002], [1820, 1000], [1821, 1000], [1822, 999], [1823, 999], [1825, 997], [1826, 997], [1830, 993], [1831, 993], [1835, 989], [1836, 989], [1840, 985], [1841, 985], [1846, 980], [1846, 979], [1849, 976], [1849, 975], [1850, 974], [1850, 973], [1852, 971], [1852, 970], [1853, 969], [1853, 967], [1854, 966], [1854, 965], [1855, 964], [1855, 960], [1856, 959], [1856, 956], [1857, 955], [1857, 952], [1858, 951], [1858, 948], [1859, 947], [1859, 944], [1860, 943], [1860, 940], [1861, 939], [1861, 936], [1862, 935], [1862, 933], [1863, 932], [1863, 930], [1864, 929], [1864, 927], [1865, 926], [1865, 925], [1866, 924], [1866, 921], [1867, 920], [1867, 917], [1868, 916], [1868, 912], [1869, 911], [1869, 909], [1868, 908], [1868, 904], [1866, 902], [1866, 901], [1864, 899], [1864, 898], [1861, 895], [1861, 894], [1860, 893], [1860, 892], [1856, 888], [1856, 887], [1853, 884], [1852, 884], [1849, 881], [1849, 880], [1846, 877], [1845, 877], [1842, 874], [1841, 874], [1840, 873], [1839, 873], [1838, 872], [1837, 872], [1836, 871], [1834, 871], [1833, 870], [1831, 870], [1830, 869], [1828, 869], [1827, 868], [1825, 868], [1824, 867], [1822, 867], [1821, 866], [1819, 866], [1818, 865], [1816, 865], [1815, 864], [1814, 864], [1813, 863], [1811, 863], [1810, 862], [1809, 862], [1808, 861], [1806, 861], [1805, 860], [1804, 860], [1803, 859], [1802, 859], [1801, 858], [1799, 858], [1798, 857], [1797, 857], [1796, 856], [1794, 856], [1793, 855], [1791, 855], [1790, 854], [1789, 854], [1788, 853], [1784, 853], [1783, 852]]]",
Polygon 54,mask,"[[[3287, 3899], [3286, 3900], [3281, 3900], [3280, 3901], [3275, 3901], [3274, 3902], [3266, 3902], [3265, 3903], [3256, 3903], [3255, 3904], [3246, 3904], [3245, 3905], [3236, 3905], [3235, 3906], [3225, 3906], [3224, 3907], [3213, 3907], [3212, 3908], [3204, 3908], [3203, 3909], [3194, 3909], [3193, 3910], [3185, 3910], [3184, 3911], [3176, 3911], [3175, 3912], [3161, 3912], [3160, 3913], [3148, 3913], [3147, 3914], [3143, 3914], [3142, 3915], [3137, 3915], [3136, 3916], [3122, 3916], [3121, 3917], [3111, 3917], [3110, 3918], [3108, 3918], [3107, 3919], [3105, 3919], [3104, 3920], [3102, 3920], [3101, 3921], [3100, 3921], [3099, 3922], [3098, 3922], [3097, 3923], [3096, 3923], [3090, 3929], [3089, 3929], [3086, 3932], [3085, 3932], [3081, 3936], [3080, 3936], [3076, 3940], [3076, 3941], [3072, 3945], [3072, 3946], [3068, 3950], [3068, 3951], [3053, 3966], [3053, 3967], [3051, 3969], [3051, 3970], [3050, 3971], [3050, 3974], [3049, 3975], [3049, 3979], [3048, 3980], [3048, 3988], [3047, 3989], [3047, 3993], [3048, 3994], [3048, 3998], [3049, 3999], [3049, 4001], [3050, 4002], [3050, 4004], [3051, 4005], [3051, 4007], [3052, 4008], [3052, 4010], [3053, 4011], [3053, 4012], [3054, 4013], [3054, 4014], [3056, 4016], [3056, 4017], [3061, 4022], [3061, 4023], [3066, 4028], [3066, 4029], [3070, 4033], [3070, 4034], [3088, 4052], [3088, 4053], [3092, 4057], [3092, 4058], [3095, 4061], [3095, 4062], [3097, 4064], [3097, 4065], [3098, 4065], [3100, 4067], [3101, 4067], [3102, 4068], [3103, 4068], [3104, 4069], [3105, 4069], [3106, 4070], [3108, 4070], [3109, 4071], [3114, 4071], [3115, 4072], [3116, 4072], [3117, 4071], [3123, 4071], [3124, 4070], [3129, 4070], [3130, 4069], [3135, 4069], [3136, 4068], [3145, 4068], [3146, 4067], [3154, 4067], [3155, 4066], [3162, 4066], [3163, 4065], [3170, 4065], [3171, 4064], [3178, 4064], [3179, 4063], [3186, 4063], [3187, 4062], [3193, 4062], [3194, 4061], [3200, 4061], [3201, 4060], [3207, 4060], [3208, 4059], [3213, 4059], [3214, 4058], [3221, 4058], [3222, 4057], [3232, 4057], [3233, 4056], [3244, 4056], [3245, 4055], [3255, 4055], [3256, 4054], [3265, 4054], [3266, 4053], [3278, 4053], [3279, 4052], [3293, 4052], [3294, 4051], [3302, 4051], [3303, 4050], [3308, 4050], [3309, 4049], [3310, 4049], [3311, 4048], [3312, 4048], [3313, 4047], [3313, 4046], [3315, 4044], [3315, 4043], [3316, 4042], [3316, 4040], [3317, 4039], [3317, 4037], [3318, 4036], [3318, 4034], [3319, 4033], [3319, 4030], [3320, 4029], [3320, 4027], [3321, 4026], [3321, 4024], [3322, 4023], [3322, 4021], [3323, 4020], [3323, 4018], [3324, 4017], [3324, 4016], [3325, 4015], [3325, 4012], [3326, 4011], [3326, 4006], [3327, 4005], [3327, 3997], [3328, 3996], [3328, 3978], [3327, 3977], [3327, 3943], [3326, 3942], [3326, 3937], [3323, 3934], [3323, 3933], [3315, 3925], [3315, 3924], [3313, 3922], [3313, 3921], [3311, 3919], [3311, 3918], [3310, 3917], [3310, 3916], [3309, 3915], [3309, 3913], [3308, 3912], [3308, 3909], [3307, 3908], [3307, 3906], [3306, 3905], [3306, 3904], [3305, 3903], [3304, 3903], [3303, 3902], [3302, 3902], [3301, 3901], [3299, 3901], [3298, 3900], [3295, 3900], [3294, 3899]]]",
Polygon 55,mask,"[[[2803, 2943], [2802, 2944], [2797, 2944], [2796, 2945], [2793, 2945], [2792, 2946], [2789, 2946], [2788, 2947], [2785, 2947], [2784, 2948], [2783, 2948], [2782, 2949], [2780, 2949], [2778, 2951], [2777, 2951], [2776, 2952], [2775, 2952], [2773, 2954], [2772, 2954], [2771, 2955], [2770, 2955], [2767, 2958], [2766, 2958], [2763, 2961], [2763, 2962], [2761, 2964], [2761, 2965], [2759, 2967], [2759, 2968], [2756, 2971], [2756, 2972], [2747, 2981], [2746, 2981], [2746, 2982], [2741, 2987], [2741, 2988], [2732, 2997], [2731, 2997], [2727, 3001], [2727, 3002], [2725, 3004], [2725, 3006], [2724, 3007], [2724, 3008], [2723, 3009], [2723, 3011], [2722, 3012], [2722, 3022], [2723, 3023], [2723, 3026], [2724, 3027], [2724, 3029], [2725, 3030], [2725, 3034], [2726, 3035], [2726, 3038], [2727, 3039], [2727, 3042], [2728, 3043], [2728, 3046], [2729, 3047], [2729, 3051], [2730, 3052], [2730, 3055], [2731, 3056], [2731, 3058], [2732, 3059], [2732, 3061], [2733, 3062], [2733, 3064], [2734, 3065], [2734, 3067], [2735, 3068], [2735, 3070], [2736, 3071], [2736, 3073], [2737, 3074], [2737, 3077], [2738, 3078], [2738, 3080], [2739, 3081], [2739, 3085], [2740, 3086], [2740, 3089], [2741, 3090], [2741, 3094], [2742, 3095], [2742, 3097], [2743, 3098], [2743, 3102], [2744, 3103], [2744, 3106], [2745, 3107], [2745, 3110], [2746, 3111], [2746, 3114], [2747, 3115], [2747, 3119], [2748, 3120], [2748, 3123], [2749, 3124], [2749, 3128], [2750, 3129], [2750, 3133], [2751, 3134], [2751, 3139], [2752, 3140], [2752, 3144], [2753, 3145], [2753, 3148], [2754, 3149], [2754, 3153], [2755, 3154], [2755, 3159], [2756, 3160], [2756, 3165], [2757, 3166], [2757, 3171], [2758, 3172], [2758, 3176], [2759, 3177], [2759, 3181], [2760, 3182], [2760, 3185], [2761, 3186], [2761, 3190], [2762, 3191], [2762, 3196], [2763, 3197], [2763, 3201], [2764, 3202], [2764, 3205], [2765, 3206], [2765, 3208], [2766, 3209], [2766, 3210], [2771, 3215], [2772, 3215], [2773, 3216], [2774, 3216], [2775, 3217], [2778, 3217], [2779, 3218], [2781, 3218], [2782, 3219], [2785, 3219], [2786, 3220], [2790, 3220], [2791, 3221], [2795, 3221], [2796, 3222], [2805, 3222], [2806, 3223], [2824, 3223], [2825, 3222], [2832, 3222], [2833, 3221], [2839, 3221], [2840, 3220], [2845, 3220], [2846, 3219], [2851, 3219], [2852, 3218], [2859, 3218], [2860, 3217], [2865, 3217], [2866, 3216], [2870, 3216], [2871, 3215], [2876, 3215], [2877, 3214], [2879, 3214], [2880, 3213], [2881, 3213], [2882, 3212], [2883, 3212], [2885, 3210], [2886, 3210], [2887, 3209], [2887, 3208], [2893, 3202], [2893, 3201], [2895, 3199], [2896, 3199], [2900, 3195], [2901, 3195], [2903, 3193], [2904, 3193], [2905, 3192], [2906, 3192], [2907, 3191], [2909, 3191], [2912, 3188], [2912, 3186], [2913, 3185], [2913, 3183], [2914, 3182], [2914, 3170], [2913, 3169], [2913, 3167], [2912, 3166], [2912, 3164], [2911, 3163], [2911, 3160], [2910, 3159], [2910, 3155], [2909, 3154], [2909, 3150], [2908, 3149], [2908, 3146], [2907, 3145], [2907, 3141], [2906, 3140], [2906, 3136], [2905, 3135], [2905, 3131], [2904, 3130], [2904, 3127], [2903, 3126], [2903, 3122], [2902, 3121], [2902, 3118], [2901, 3117], [2901, 3114], [2900, 3113], [2900, 3111], [2899, 3110], [2899, 3107], [2898, 3106], [2898, 3102], [2897, 3101], [2897, 3096], [2896, 3095], [2896, 3092], [2895, 3091], [2895, 3088], [2894, 3087], [2894, 3084], [2893, 3083], [2893, 3079], [2892, 3078], [2892, 3076], [2891, 3075], [2891, 3072], [2890, 3071], [2890, 3069], [2889, 3068], [2889, 3066], [2888, 3065], [2888, 3063], [2887, 3062], [2887, 3059], [2886, 3058], [2886, 3055], [2885, 3054], [2885, 3050], [2884, 3049], [2884, 3045], [2883, 3044], [2883, 3038], [2882, 3037], [2882, 3032], [2881, 3031], [2881, 3028], [2880, 3027], [2880, 3023], [2879, 3022], [2879, 3017], [2878, 3016], [2878, 3012], [2877, 3011], [2877, 3007], [2876, 3006], [2876, 3003], [2875, 3002], [2875, 2999], [2874, 2998], [2874, 2996], [2873, 2995], [2873, 2994], [2872, 2993], [2872, 2992], [2871, 2991], [2871, 2990], [2870, 2989], [2870, 2988], [2858, 2976], [2858, 2975], [2856, 2973], [2856, 2972], [2850, 2966], [2849, 2966], [2847, 2964], [2846, 2964], [2845, 2963], [2844, 2963], [2843, 2962], [2841, 2962], [2840, 2961], [2839, 2961], [2838, 2960], [2836, 2960], [2835, 2959], [2833, 2959], [2832, 2958], [2831, 2958], [2830, 2957], [2829, 2957], [2828, 2956], [2827, 2956], [2825, 2954], [2824, 2954], [2820, 2950], [2819, 2950], [2817, 2948], [2816, 2948], [2815, 2947], [2814, 2947], [2813, 2946], [2812, 2946], [2811, 2945], [2809, 2945], [2808, 2944], [2805, 2944], [2804, 2943]]]",
Polygon 56,mask,"[[[1998, 1293], [1997, 1294], [1996, 1294], [1995, 1295], [1993, 1295], [1992, 1296], [1991, 1296], [1990, 1297], [1989, 1297], [1988, 1298], [1986, 1298], [1985, 1299], [1984, 1299], [1980, 1303], [1980, 1304], [1978, 1306], [1978, 1307], [1974, 1311], [1974, 1312], [1966, 1320], [1965, 1320], [1964, 1321], [1964, 1322], [1957, 1329], [1957, 1330], [1952, 1335], [1951, 1335], [1939, 1347], [1939, 1348], [1911, 1376], [1911, 1377], [1905, 1383], [1905, 1384], [1893, 1396], [1893, 1397], [1885, 1405], [1885, 1406], [1866, 1425], [1866, 1426], [1862, 1430], [1862, 1431], [1860, 1433], [1860, 1434], [1859, 1435], [1859, 1436], [1858, 1437], [1858, 1439], [1857, 1440], [1857, 1443], [1856, 1444], [1856, 1447], [1855, 1448], [1855, 1451], [1854, 1452], [1854, 1460], [1853, 1461], [1853, 1470], [1852, 1471], [1852, 1481], [1851, 1482], [1851, 1489], [1850, 1490], [1850, 1501], [1851, 1502], [1851, 1508], [1852, 1509], [1852, 1511], [1853, 1512], [1853, 1513], [1860, 1520], [1860, 1521], [1864, 1525], [1864, 1526], [1867, 1529], [1867, 1530], [1872, 1535], [1873, 1535], [1874, 1536], [1875, 1536], [1876, 1537], [1878, 1537], [1879, 1538], [1883, 1538], [1884, 1539], [1888, 1539], [1889, 1540], [1894, 1540], [1895, 1541], [1899, 1541], [1900, 1542], [1905, 1542], [1906, 1543], [1911, 1543], [1912, 1544], [1917, 1544], [1918, 1545], [1924, 1545], [1925, 1546], [1936, 1546], [1937, 1547], [1950, 1547], [1951, 1546], [1960, 1546], [1961, 1545], [1963, 1545], [1964, 1544], [1965, 1544], [1967, 1542], [1968, 1542], [1971, 1539], [1972, 1539], [1977, 1534], [1977, 1533], [1981, 1529], [1981, 1528], [1987, 1522], [1987, 1521], [1995, 1513], [1995, 1512], [1999, 1508], [1999, 1507], [2005, 1501], [2005, 1500], [2012, 1493], [2012, 1492], [2017, 1487], [2017, 1486], [2022, 1481], [2022, 1480], [2026, 1476], [2026, 1475], [2028, 1473], [2028, 1472], [2030, 1470], [2030, 1469], [2032, 1467], [2032, 1466], [2036, 1462], [2036, 1461], [2038, 1459], [2039, 1459], [2041, 1457], [2042, 1457], [2044, 1455], [2045, 1455], [2048, 1452], [2049, 1452], [2066, 1435], [2067, 1435], [2071, 1431], [2072, 1431], [2077, 1426], [2077, 1425], [2085, 1417], [2086, 1417], [2089, 1414], [2090, 1414], [2092, 1412], [2092, 1411], [2094, 1409], [2094, 1408], [2095, 1407], [2095, 1406], [2096, 1405], [2096, 1404], [2097, 1403], [2097, 1402], [2098, 1401], [2098, 1400], [2099, 1399], [2099, 1394], [2098, 1393], [2098, 1391], [2097, 1390], [2097, 1389], [2096, 1388], [2096, 1387], [2095, 1386], [2095, 1383], [2094, 1382], [2094, 1380], [2093, 1379], [2093, 1376], [2092, 1375], [2092, 1373], [2091, 1372], [2091, 1370], [2090, 1369], [2090, 1366], [2089, 1365], [2089, 1363], [2088, 1362], [2088, 1360], [2087, 1359], [2087, 1357], [2086, 1356], [2086, 1355], [2084, 1353], [2084, 1352], [2083, 1351], [2083, 1350], [2081, 1348], [2081, 1347], [2074, 1340], [2074, 1339], [2071, 1336], [2071, 1335], [2070, 1334], [2070, 1333], [2068, 1331], [2068, 1330], [2063, 1325], [2062, 1325], [2061, 1324], [2060, 1324], [2058, 1322], [2057, 1322], [2056, 1321], [2054, 1321], [2053, 1320], [2052, 1320], [2051, 1319], [2050, 1319], [2049, 1318], [2048, 1318], [2047, 1317], [2046, 1317], [2045, 1316], [2043, 1316], [2041, 1314], [2040, 1314], [2039, 1313], [2038, 1313], [2036, 1311], [2035, 1311], [2034, 1310], [2033, 1310], [2031, 1308], [2030, 1308], [2029, 1307], [2028, 1307], [2027, 1306], [2026, 1306], [2025, 1305], [2024, 1305], [2023, 1304], [2022, 1304], [2021, 1303], [2020, 1303], [2019, 1302], [2018, 1302], [2016, 1300], [2015, 1300], [2014, 1299], [2013, 1299], [2011, 1297], [2010, 1297], [2008, 1295], [2007, 1295], [2006, 1294], [2005, 1294], [2004, 1293]]]",
Polygon 57,mask,"[[[2052, 534], [2051, 535], [2046, 535], [2045, 536], [2042, 536], [2041, 537], [2038, 537], [2037, 538], [2035, 538], [2034, 539], [2032, 539], [2031, 540], [2028, 540], [2027, 541], [2024, 541], [2023, 542], [2022, 542], [2021, 543], [2019, 543], [2018, 544], [2017, 544], [2015, 546], [2014, 546], [2013, 547], [2012, 547], [2010, 549], [2009, 549], [2008, 550], [2007, 550], [2005, 552], [2004, 552], [2003, 553], [2002, 553], [2001, 554], [2000, 554], [1999, 555], [1998, 555], [1997, 556], [1996, 556], [1995, 557], [1994, 557], [1993, 558], [1992, 558], [1991, 559], [1990, 559], [1988, 561], [1987, 561], [1986, 562], [1985, 562], [1979, 568], [1979, 569], [1978, 570], [1978, 571], [1977, 572], [1977, 575], [1976, 576], [1976, 580], [1975, 581], [1975, 586], [1974, 587], [1974, 592], [1973, 593], [1973, 600], [1972, 601], [1972, 609], [1971, 610], [1971, 617], [1970, 618], [1970, 624], [1969, 625], [1969, 629], [1968, 630], [1968, 635], [1967, 636], [1967, 643], [1966, 644], [1966, 651], [1965, 652], [1965, 658], [1964, 659], [1964, 665], [1963, 666], [1963, 673], [1962, 674], [1962, 683], [1961, 684], [1961, 692], [1960, 693], [1960, 698], [1959, 699], [1959, 703], [1958, 704], [1958, 706], [1957, 707], [1957, 708], [1955, 710], [1955, 712], [1954, 713], [1954, 714], [1953, 715], [1953, 720], [1952, 721], [1952, 733], [1951, 734], [1951, 739], [1950, 740], [1950, 745], [1949, 746], [1949, 753], [1948, 754], [1948, 772], [1949, 773], [1949, 775], [1950, 776], [1950, 777], [1956, 783], [1957, 783], [1958, 784], [1959, 784], [1960, 785], [1961, 785], [1962, 786], [1963, 786], [1964, 787], [1965, 787], [1968, 790], [1969, 790], [1974, 795], [1975, 795], [1976, 796], [1977, 796], [1978, 797], [1979, 797], [1980, 798], [1982, 798], [1983, 799], [1984, 799], [1985, 800], [1986, 800], [1987, 801], [1988, 801], [1989, 802], [1991, 802], [1992, 803], [1993, 803], [1994, 804], [1996, 804], [1997, 805], [1999, 805], [2000, 806], [2004, 806], [2005, 807], [2010, 807], [2011, 808], [2015, 808], [2016, 809], [2020, 809], [2021, 810], [2024, 810], [2025, 811], [2028, 811], [2029, 812], [2034, 812], [2035, 813], [2058, 813], [2059, 812], [2062, 812], [2063, 811], [2064, 811], [2065, 810], [2066, 810], [2067, 809], [2069, 809], [2070, 808], [2071, 808], [2072, 807], [2074, 807], [2075, 806], [2078, 806], [2079, 805], [2083, 805], [2084, 804], [2087, 804], [2088, 803], [2089, 803], [2090, 802], [2091, 802], [2093, 800], [2093, 799], [2094, 798], [2094, 797], [2095, 796], [2095, 793], [2096, 792], [2096, 788], [2097, 787], [2097, 784], [2098, 783], [2098, 780], [2099, 779], [2099, 777], [2100, 776], [2100, 773], [2101, 772], [2101, 766], [2102, 765], [2102, 748], [2103, 747], [2103, 736], [2104, 735], [2104, 729], [2105, 728], [2105, 723], [2106, 722], [2106, 717], [2107, 716], [2107, 712], [2108, 711], [2108, 706], [2109, 705], [2109, 700], [2110, 699], [2110, 695], [2111, 694], [2111, 689], [2112, 688], [2112, 684], [2113, 683], [2113, 678], [2114, 677], [2114, 672], [2115, 671], [2115, 666], [2116, 665], [2116, 660], [2117, 659], [2117, 656], [2118, 655], [2118, 650], [2119, 649], [2119, 644], [2120, 643], [2120, 639], [2121, 638], [2121, 634], [2122, 633], [2122, 623], [2123, 622], [2123, 612], [2122, 611], [2122, 605], [2121, 604], [2121, 598], [2120, 597], [2120, 593], [2119, 592], [2119, 589], [2118, 588], [2118, 586], [2117, 585], [2117, 583], [2116, 582], [2116, 579], [2115, 578], [2115, 577], [2114, 576], [2114, 574], [2113, 573], [2113, 572], [2112, 571], [2112, 570], [2110, 568], [2110, 567], [2108, 565], [2108, 564], [2104, 560], [2104, 559], [2100, 555], [2100, 554], [2098, 552], [2098, 551], [2095, 548], [2095, 547], [2090, 542], [2089, 542], [2087, 540], [2086, 540], [2085, 539], [2084, 539], [2083, 538], [2081, 538], [2080, 537], [2076, 537], [2075, 536], [2071, 536], [2070, 535], [2065, 535], [2064, 534]]]",
Polygon 58,mask,"[[[1866, 2619], [1865, 2620], [1863, 2620], [1857, 2626], [1857, 2627], [1855, 2629], [1855, 2630], [1854, 2631], [1854, 2632], [1852, 2634], [1852, 2635], [1845, 2642], [1844, 2642], [1843, 2643], [1842, 2643], [1841, 2644], [1840, 2644], [1838, 2646], [1837, 2646], [1833, 2650], [1832, 2650], [1828, 2654], [1828, 2655], [1826, 2657], [1826, 2658], [1824, 2660], [1824, 2661], [1822, 2663], [1822, 2664], [1819, 2667], [1819, 2668], [1815, 2672], [1815, 2673], [1790, 2698], [1790, 2699], [1765, 2724], [1765, 2725], [1758, 2732], [1758, 2733], [1739, 2752], [1739, 2753], [1734, 2758], [1734, 2759], [1732, 2761], [1732, 2762], [1731, 2763], [1731, 2764], [1730, 2765], [1730, 2766], [1729, 2767], [1729, 2770], [1728, 2771], [1728, 2773], [1727, 2774], [1727, 2776], [1726, 2777], [1726, 2778], [1725, 2779], [1725, 2780], [1724, 2781], [1724, 2790], [1725, 2791], [1725, 2800], [1726, 2801], [1726, 2822], [1725, 2823], [1725, 2831], [1724, 2832], [1724, 2841], [1725, 2842], [1725, 2843], [1732, 2850], [1732, 2851], [1735, 2854], [1735, 2855], [1737, 2857], [1737, 2858], [1743, 2864], [1744, 2864], [1746, 2866], [1748, 2866], [1749, 2867], [1751, 2867], [1752, 2868], [1756, 2868], [1757, 2869], [1761, 2869], [1762, 2870], [1768, 2870], [1769, 2871], [1774, 2871], [1775, 2872], [1778, 2872], [1779, 2873], [1782, 2873], [1783, 2874], [1787, 2874], [1788, 2875], [1795, 2875], [1796, 2876], [1819, 2876], [1820, 2875], [1827, 2875], [1828, 2874], [1831, 2874], [1832, 2873], [1834, 2873], [1835, 2872], [1837, 2872], [1838, 2871], [1839, 2871], [1840, 2870], [1841, 2870], [1843, 2868], [1844, 2868], [1844, 2867], [1847, 2864], [1847, 2863], [1848, 2862], [1848, 2861], [1849, 2860], [1849, 2859], [1852, 2856], [1852, 2855], [1871, 2836], [1871, 2835], [1877, 2829], [1877, 2828], [1881, 2824], [1881, 2823], [1886, 2818], [1886, 2817], [1899, 2804], [1899, 2803], [1906, 2796], [1906, 2795], [1921, 2780], [1921, 2779], [1926, 2774], [1926, 2773], [1934, 2765], [1934, 2764], [1950, 2748], [1951, 2748], [1956, 2743], [1957, 2743], [1961, 2739], [1961, 2738], [1965, 2734], [1965, 2733], [1966, 2732], [1966, 2731], [1968, 2729], [1968, 2728], [1969, 2727], [1969, 2726], [1970, 2725], [1970, 2719], [1969, 2718], [1969, 2715], [1968, 2714], [1968, 2712], [1967, 2711], [1967, 2709], [1966, 2708], [1966, 2707], [1965, 2706], [1965, 2704], [1964, 2703], [1964, 2702], [1963, 2701], [1963, 2700], [1961, 2698], [1961, 2697], [1960, 2696], [1960, 2695], [1958, 2693], [1958, 2692], [1957, 2691], [1957, 2690], [1956, 2689], [1956, 2687], [1955, 2686], [1955, 2685], [1954, 2684], [1954, 2683], [1953, 2682], [1953, 2681], [1952, 2680], [1952, 2679], [1950, 2677], [1950, 2676], [1948, 2674], [1948, 2673], [1939, 2664], [1939, 2663], [1933, 2657], [1933, 2656], [1928, 2651], [1928, 2650], [1916, 2638], [1915, 2638], [1913, 2636], [1912, 2636], [1910, 2634], [1909, 2634], [1908, 2633], [1907, 2633], [1906, 2632], [1905, 2632], [1904, 2631], [1902, 2631], [1901, 2630], [1898, 2630], [1897, 2629], [1894, 2629], [1893, 2628], [1891, 2628], [1890, 2627], [1889, 2627], [1888, 2626], [1886, 2626], [1885, 2625], [1884, 2625], [1883, 2624], [1881, 2624], [1880, 2623], [1878, 2623], [1877, 2622], [1875, 2622], [1874, 2621], [1872, 2621], [1871, 2620], [1869, 2620], [1868, 2619]]]",
Polygon 59,mask,"[[[2716, 1678], [2715, 1679], [2711, 1679], [2710, 1680], [2707, 1680], [2704, 1683], [2704, 1684], [2701, 1687], [2701, 1688], [2700, 1689], [2700, 1690], [2699, 1691], [2699, 1692], [2698, 1693], [2698, 1694], [2697, 1695], [2697, 1696], [2696, 1697], [2696, 1698], [2695, 1699], [2695, 1700], [2694, 1701], [2694, 1702], [2692, 1704], [2692, 1705], [2691, 1706], [2691, 1707], [2690, 1708], [2690, 1710], [2689, 1711], [2689, 1713], [2688, 1714], [2688, 1717], [2687, 1718], [2687, 1720], [2686, 1721], [2686, 1724], [2685, 1725], [2685, 1729], [2684, 1730], [2684, 1740], [2683, 1741], [2683, 1746], [2682, 1747], [2682, 1749], [2681, 1750], [2681, 1752], [2680, 1753], [2680, 1755], [2679, 1756], [2679, 1759], [2678, 1760], [2678, 1764], [2677, 1765], [2677, 1784], [2678, 1785], [2678, 1789], [2679, 1790], [2679, 1791], [2680, 1792], [2680, 1794], [2681, 1795], [2681, 1796], [2682, 1797], [2682, 1799], [2684, 1801], [2684, 1802], [2685, 1803], [2685, 1805], [2686, 1806], [2686, 1807], [2687, 1808], [2687, 1812], [2688, 1813], [2688, 1815], [2689, 1816], [2689, 1819], [2690, 1820], [2690, 1822], [2691, 1823], [2691, 1824], [2693, 1826], [2694, 1826], [2696, 1828], [2698, 1828], [2699, 1829], [2702, 1829], [2703, 1830], [2713, 1830], [2714, 1831], [2723, 1831], [2724, 1832], [2740, 1832], [2741, 1833], [2769, 1833], [2770, 1834], [2780, 1834], [2781, 1835], [2791, 1835], [2792, 1836], [2820, 1836], [2821, 1837], [2835, 1837], [2836, 1838], [2848, 1838], [2849, 1839], [2858, 1839], [2859, 1840], [2866, 1840], [2867, 1841], [2872, 1841], [2873, 1842], [2888, 1842], [2889, 1841], [2893, 1841], [2894, 1840], [2897, 1840], [2898, 1839], [2899, 1839], [2900, 1838], [2901, 1838], [2902, 1837], [2903, 1837], [2905, 1835], [2906, 1835], [2908, 1833], [2909, 1833], [2910, 1832], [2911, 1832], [2912, 1831], [2913, 1831], [2914, 1830], [2915, 1830], [2916, 1829], [2917, 1829], [2919, 1827], [2920, 1827], [2924, 1823], [2925, 1823], [2925, 1822], [2936, 1811], [2937, 1811], [2940, 1808], [2941, 1808], [2942, 1807], [2943, 1807], [2945, 1805], [2946, 1805], [2947, 1804], [2948, 1804], [2949, 1803], [2950, 1803], [2953, 1800], [2953, 1799], [2955, 1797], [2955, 1796], [2956, 1795], [2956, 1793], [2957, 1792], [2957, 1789], [2958, 1788], [2958, 1779], [2959, 1778], [2959, 1764], [2958, 1763], [2958, 1761], [2957, 1760], [2957, 1757], [2956, 1756], [2956, 1754], [2955, 1753], [2955, 1752], [2954, 1751], [2954, 1750], [2953, 1749], [2953, 1748], [2951, 1746], [2951, 1745], [2948, 1742], [2948, 1741], [2946, 1739], [2946, 1738], [2944, 1736], [2944, 1735], [2942, 1733], [2942, 1732], [2940, 1730], [2940, 1729], [2939, 1728], [2939, 1727], [2937, 1725], [2937, 1724], [2936, 1723], [2936, 1722], [2935, 1721], [2935, 1720], [2934, 1719], [2934, 1718], [2932, 1716], [2932, 1715], [2931, 1714], [2931, 1713], [2930, 1712], [2930, 1711], [2929, 1710], [2929, 1709], [2927, 1707], [2927, 1706], [2924, 1703], [2924, 1702], [2922, 1700], [2922, 1699], [2916, 1693], [2915, 1693], [2914, 1692], [2912, 1692], [2911, 1691], [2906, 1691], [2905, 1690], [2898, 1690], [2897, 1689], [2877, 1689], [2876, 1688], [2848, 1688], [2847, 1687], [2827, 1687], [2826, 1686], [2803, 1686], [2802, 1685], [2792, 1685], [2791, 1684], [2781, 1684], [2780, 1683], [2766, 1683], [2765, 1682], [2756, 1682], [2755, 1681], [2748, 1681], [2747, 1680], [2741, 1680], [2740, 1679], [2731, 1679], [2730, 1678]]]",
Polygon 60,mask,"[[[1360, 3559], [1359, 3560], [1355, 3560], [1354, 3561], [1352, 3561], [1351, 3562], [1349, 3562], [1348, 3563], [1347, 3563], [1346, 3564], [1343, 3564], [1342, 3565], [1339, 3565], [1338, 3566], [1335, 3566], [1334, 3567], [1332, 3567], [1331, 3568], [1330, 3568], [1329, 3569], [1328, 3569], [1327, 3570], [1326, 3570], [1325, 3571], [1324, 3571], [1322, 3573], [1321, 3573], [1316, 3578], [1315, 3578], [1315, 3579], [1314, 3580], [1313, 3580], [1307, 3586], [1306, 3586], [1305, 3587], [1305, 3588], [1299, 3594], [1298, 3594], [1295, 3597], [1294, 3597], [1290, 3601], [1290, 3602], [1289, 3603], [1289, 3609], [1290, 3610], [1290, 3614], [1291, 3615], [1291, 3623], [1292, 3624], [1292, 3641], [1293, 3642], [1293, 3647], [1294, 3648], [1294, 3651], [1295, 3652], [1295, 3655], [1296, 3656], [1296, 3657], [1297, 3658], [1297, 3660], [1298, 3661], [1298, 3662], [1299, 3663], [1299, 3664], [1301, 3666], [1301, 3667], [1302, 3668], [1302, 3669], [1303, 3670], [1303, 3671], [1304, 3672], [1304, 3673], [1305, 3674], [1305, 3675], [1306, 3676], [1306, 3677], [1307, 3678], [1307, 3679], [1308, 3680], [1308, 3681], [1309, 3682], [1309, 3683], [1311, 3685], [1311, 3686], [1312, 3687], [1312, 3688], [1314, 3690], [1314, 3691], [1316, 3693], [1316, 3694], [1326, 3704], [1327, 3704], [1329, 3706], [1330, 3706], [1331, 3707], [1332, 3707], [1333, 3708], [1334, 3708], [1335, 3709], [1337, 3709], [1338, 3710], [1340, 3710], [1341, 3711], [1344, 3711], [1345, 3712], [1349, 3712], [1350, 3713], [1353, 3713], [1354, 3714], [1361, 3714], [1362, 3713], [1369, 3713], [1370, 3712], [1404, 3712], [1405, 3713], [1460, 3713], [1461, 3714], [1481, 3714], [1482, 3715], [1491, 3715], [1492, 3716], [1505, 3716], [1506, 3717], [1521, 3717], [1522, 3718], [1533, 3718], [1534, 3717], [1536, 3717], [1539, 3714], [1540, 3714], [1543, 3711], [1543, 3710], [1545, 3708], [1545, 3707], [1547, 3705], [1547, 3703], [1548, 3702], [1548, 3701], [1549, 3700], [1549, 3698], [1550, 3697], [1550, 3696], [1551, 3695], [1551, 3694], [1552, 3693], [1552, 3692], [1553, 3691], [1553, 3690], [1554, 3689], [1554, 3688], [1555, 3687], [1555, 3686], [1556, 3685], [1556, 3683], [1557, 3682], [1557, 3681], [1558, 3680], [1558, 3679], [1559, 3678], [1559, 3676], [1560, 3675], [1560, 3673], [1561, 3672], [1561, 3669], [1562, 3668], [1562, 3665], [1563, 3664], [1563, 3659], [1564, 3658], [1564, 3652], [1565, 3651], [1565, 3646], [1566, 3645], [1566, 3639], [1567, 3638], [1567, 3631], [1568, 3630], [1568, 3623], [1569, 3622], [1569, 3615], [1568, 3614], [1568, 3604], [1567, 3603], [1567, 3601], [1566, 3600], [1566, 3599], [1564, 3597], [1564, 3596], [1562, 3594], [1562, 3593], [1560, 3591], [1560, 3590], [1558, 3588], [1558, 3587], [1556, 3585], [1556, 3584], [1555, 3583], [1555, 3582], [1553, 3580], [1553, 3579], [1547, 3573], [1546, 3573], [1544, 3571], [1543, 3571], [1541, 3569], [1540, 3569], [1539, 3568], [1538, 3568], [1537, 3567], [1536, 3567], [1535, 3566], [1533, 3566], [1532, 3565], [1527, 3565], [1526, 3564], [1507, 3564], [1506, 3565], [1485, 3565], [1484, 3564], [1474, 3564], [1473, 3563], [1451, 3563], [1450, 3562], [1405, 3562], [1404, 3561], [1387, 3561], [1386, 3560], [1362, 3560], [1361, 3559]]]",
Polygon 61,mask,"[[[628, 1992], [627, 1993], [622, 1993], [621, 1994], [617, 1994], [615, 1996], [614, 1996], [612, 1998], [611, 1998], [607, 2002], [606, 2002], [604, 2004], [603, 2004], [602, 2005], [601, 2005], [600, 2006], [599, 2006], [598, 2007], [597, 2007], [596, 2008], [595, 2008], [594, 2009], [593, 2009], [591, 2011], [590, 2011], [588, 2013], [587, 2013], [585, 2015], [584, 2015], [582, 2017], [581, 2017], [579, 2019], [578, 2019], [567, 2030], [566, 2030], [564, 2032], [563, 2032], [561, 2034], [560, 2034], [559, 2035], [558, 2035], [557, 2036], [556, 2036], [554, 2038], [553, 2038], [552, 2039], [551, 2039], [549, 2041], [548, 2041], [547, 2042], [546, 2042], [544, 2044], [543, 2044], [542, 2045], [541, 2045], [539, 2047], [538, 2047], [537, 2048], [536, 2048], [534, 2050], [533, 2050], [531, 2052], [530, 2052], [528, 2054], [527, 2054], [526, 2055], [525, 2055], [524, 2056], [523, 2056], [521, 2058], [520, 2058], [519, 2059], [518, 2059], [517, 2060], [516, 2060], [515, 2061], [513, 2061], [512, 2062], [511, 2062], [510, 2063], [509, 2063], [507, 2065], [506, 2065], [505, 2066], [504, 2066], [503, 2067], [502, 2067], [501, 2068], [500, 2068], [499, 2069], [498, 2069], [497, 2070], [496, 2070], [494, 2072], [493, 2072], [491, 2074], [490, 2074], [488, 2076], [487, 2076], [485, 2078], [484, 2078], [482, 2080], [481, 2080], [480, 2081], [479, 2081], [477, 2083], [476, 2083], [475, 2084], [474, 2084], [472, 2086], [471, 2086], [470, 2087], [469, 2087], [467, 2089], [466, 2089], [464, 2091], [463, 2091], [455, 2099], [455, 2100], [454, 2101], [454, 2102], [453, 2103], [453, 2104], [452, 2105], [452, 2106], [451, 2107], [451, 2108], [450, 2109], [450, 2110], [449, 2111], [449, 2112], [448, 2113], [448, 2114], [447, 2115], [447, 2116], [446, 2117], [446, 2118], [445, 2119], [445, 2121], [444, 2122], [444, 2124], [443, 2125], [443, 2126], [442, 2127], [442, 2129], [441, 2130], [441, 2131], [440, 2132], [440, 2134], [439, 2135], [439, 2136], [438, 2137], [438, 2139], [437, 2140], [437, 2142], [436, 2143], [436, 2145], [435, 2146], [435, 2148], [434, 2149], [434, 2151], [433, 2152], [433, 2153], [432, 2154], [432, 2158], [431, 2159], [431, 2162], [432, 2163], [432, 2172], [433, 2173], [433, 2177], [434, 2178], [434, 2180], [435, 2181], [435, 2182], [436, 2183], [436, 2184], [437, 2185], [437, 2186], [438, 2187], [438, 2188], [439, 2189], [439, 2190], [440, 2191], [440, 2192], [441, 2193], [441, 2194], [448, 2201], [449, 2201], [451, 2203], [452, 2203], [454, 2205], [455, 2205], [456, 2206], [457, 2206], [458, 2207], [459, 2207], [460, 2208], [462, 2208], [463, 2209], [465, 2209], [466, 2210], [468, 2210], [469, 2211], [471, 2211], [472, 2212], [473, 2212], [474, 2213], [475, 2213], [476, 2214], [478, 2214], [479, 2215], [481, 2215], [482, 2216], [483, 2216], [484, 2217], [485, 2217], [486, 2218], [487, 2218], [488, 2219], [490, 2219], [491, 2220], [492, 2220], [493, 2221], [494, 2221], [495, 2222], [496, 2222], [497, 2223], [498, 2223], [499, 2224], [500, 2224], [501, 2225], [503, 2225], [504, 2226], [506, 2226], [507, 2227], [509, 2227], [510, 2228], [511, 2228], [512, 2229], [515, 2229], [516, 2230], [523, 2230], [524, 2229], [530, 2229], [531, 2228], [535, 2228], [536, 2227], [537, 2227], [538, 2226], [539, 2226], [540, 2225], [541, 2225], [543, 2223], [544, 2223], [547, 2220], [548, 2220], [550, 2218], [551, 2218], [555, 2214], [556, 2214], [561, 2209], [562, 2209], [566, 2205], [567, 2205], [569, 2203], [570, 2203], [573, 2200], [574, 2200], [576, 2198], [577, 2198], [579, 2196], [580, 2196], [581, 2195], [582, 2195], [584, 2193], [585, 2193], [587, 2191], [588, 2191], [589, 2190], [590, 2190], [591, 2189], [592, 2189], [594, 2187], [595, 2187], [597, 2185], [598, 2185], [601, 2182], [602, 2182], [604, 2180], [605, 2180], [607, 2178], [608, 2178], [610, 2176], [611, 2176], [613, 2174], [614, 2174], [615, 2173], [616, 2173], [618, 2171], [619, 2171], [621, 2169], [622, 2169], [624, 2167], [625, 2167], [627, 2165], [628, 2165], [630, 2163], [631, 2163], [633, 2161], [634, 2161], [635, 2160], [636, 2160], [639, 2157], [640, 2157], [641, 2156], [642, 2156], [643, 2155], [644, 2155], [646, 2153], [647, 2153], [649, 2151], [650, 2151], [651, 2150], [652, 2150], [653, 2149], [654, 2149], [655, 2148], [656, 2148], [658, 2146], [659, 2146], [660, 2145], [661, 2145], [662, 2144], [663, 2144], [665, 2142], [666, 2142], [667, 2141], [668, 2141], [670, 2139], [671, 2139], [672, 2138], [673, 2138], [675, 2136], [676, 2136], [677, 2135], [678, 2135], [680, 2133], [681, 2133], [682, 2132], [683, 2132], [684, 2131], [685, 2131], [686, 2130], [687, 2130], [688, 2129], [689, 2129], [690, 2128], [691, 2128], [693, 2126], [694, 2126], [697, 2123], [697, 2122], [698, 2121], [698, 2120], [699, 2119], [699, 2117], [700, 2116], [700, 2111], [699, 2110], [699, 2095], [698, 2094], [698, 2091], [697, 2090], [697, 2086], [696, 2085], [696, 2081], [695, 2080], [695, 2076], [694, 2075], [694, 2073], [693, 2072], [693, 2070], [692, 2069], [692, 2068], [691, 2067], [691, 2065], [690, 2064], [690, 2063], [689, 2062], [689, 2061], [688, 2060], [688, 2058], [687, 2057], [687, 2056], [686, 2055], [686, 2054], [685, 2053], [685, 2052], [684, 2051], [684, 2049], [683, 2048], [683, 2047], [682, 2046], [682, 2044], [681, 2043], [681, 2042], [680, 2041], [680, 2039], [679, 2038], [679, 2037], [678, 2036], [678, 2035], [677, 2034], [677, 2033], [676, 2032], [676, 2031], [675, 2030], [675, 2029], [673, 2027], [673, 2026], [672, 2025], [672, 2024], [669, 2021], [669, 2020], [666, 2017], [665, 2017], [660, 2012], [659, 2012], [656, 2009], [655, 2009], [654, 2008], [653, 2008], [651, 2006], [650, 2006], [648, 2004], [647, 2004], [644, 2001], [643, 2001], [635, 1993], [634, 1993], [633, 1992]]]",
Polygon 62,mask,"[[[2568, 4181], [2567, 4182], [2564, 4182], [2563, 4183], [2562, 4183], [2561, 4184], [2559, 4184], [2558, 4185], [2557, 4185], [2556, 4186], [2554, 4186], [2553, 4187], [2552, 4187], [2550, 4189], [2549, 4189], [2548, 4190], [2547, 4190], [2546, 4191], [2545, 4191], [2544, 4192], [2543, 4192], [2541, 4194], [2540, 4194], [2539, 4195], [2538, 4195], [2536, 4197], [2535, 4197], [2534, 4198], [2533, 4198], [2532, 4199], [2531, 4199], [2529, 4201], [2528, 4201], [2526, 4203], [2525, 4203], [2522, 4206], [2521, 4206], [2517, 4210], [2516, 4210], [2515, 4211], [2514, 4211], [2505, 4220], [2505, 4221], [2504, 4222], [2504, 4223], [2502, 4225], [2502, 4226], [2501, 4227], [2501, 4229], [2500, 4230], [2500, 4232], [2499, 4233], [2499, 4236], [2498, 4237], [2498, 4240], [2497, 4241], [2497, 4244], [2496, 4245], [2496, 4252], [2497, 4253], [2497, 4257], [2498, 4258], [2498, 4262], [2499, 4263], [2499, 4265], [2501, 4267], [2501, 4268], [2502, 4269], [2502, 4270], [2505, 4273], [2505, 4274], [2506, 4275], [2506, 4276], [2507, 4277], [2507, 4278], [2509, 4280], [2509, 4282], [2510, 4283], [2510, 4284], [2511, 4285], [2511, 4286], [2512, 4287], [2512, 4288], [2513, 4289], [2513, 4290], [2515, 4292], [2515, 4293], [2516, 4294], [2516, 4295], [2518, 4297], [2518, 4298], [2519, 4299], [2519, 4300], [2521, 4302], [2521, 4303], [2522, 4304], [2522, 4305], [2523, 4306], [2523, 4307], [2524, 4308], [2524, 4309], [2525, 4310], [2525, 4312], [2526, 4313], [2526, 4314], [2528, 4316], [2528, 4317], [2529, 4318], [2529, 4319], [2530, 4320], [2530, 4321], [2531, 4322], [2531, 4323], [2532, 4324], [2533, 4324], [2535, 4326], [2536, 4326], [2538, 4328], [2539, 4328], [2540, 4329], [2542, 4329], [2543, 4330], [2544, 4330], [2545, 4331], [2548, 4331], [2549, 4332], [2552, 4332], [2553, 4333], [2557, 4333], [2558, 4334], [2563, 4334], [2564, 4335], [2577, 4335], [2578, 4336], [2590, 4336], [2591, 4337], [2601, 4337], [2602, 4338], [2629, 4338], [2630, 4339], [2637, 4339], [2638, 4340], [2645, 4340], [2646, 4341], [2653, 4341], [2654, 4342], [2662, 4342], [2663, 4343], [2674, 4343], [2675, 4344], [2686, 4344], [2687, 4345], [2695, 4345], [2696, 4346], [2702, 4346], [2703, 4347], [2708, 4347], [2709, 4348], [2716, 4348], [2717, 4349], [2724, 4349], [2725, 4350], [2729, 4350], [2730, 4349], [2741, 4349], [2742, 4348], [2744, 4348], [2748, 4344], [2749, 4344], [2750, 4343], [2750, 4342], [2752, 4340], [2752, 4339], [2754, 4337], [2754, 4336], [2757, 4333], [2757, 4332], [2760, 4329], [2760, 4328], [2761, 4327], [2761, 4325], [2762, 4324], [2762, 4323], [2763, 4322], [2763, 4321], [2764, 4320], [2764, 4319], [2765, 4318], [2765, 4317], [2766, 4316], [2766, 4314], [2767, 4313], [2767, 4312], [2768, 4311], [2768, 4309], [2769, 4308], [2769, 4306], [2770, 4305], [2770, 4302], [2771, 4301], [2771, 4296], [2772, 4295], [2772, 4291], [2773, 4290], [2773, 4285], [2774, 4284], [2774, 4279], [2775, 4278], [2775, 4273], [2776, 4272], [2776, 4263], [2777, 4262], [2777, 4252], [2778, 4251], [2778, 4248], [2777, 4247], [2777, 4243], [2776, 4242], [2776, 4239], [2775, 4238], [2775, 4235], [2774, 4234], [2774, 4229], [2773, 4228], [2773, 4221], [2772, 4220], [2772, 4216], [2771, 4215], [2771, 4211], [2770, 4210], [2770, 4209], [2769, 4208], [2769, 4207], [2765, 4203], [2764, 4203], [2763, 4202], [2761, 4202], [2760, 4201], [2752, 4201], [2751, 4200], [2741, 4200], [2740, 4199], [2736, 4199], [2735, 4198], [2729, 4198], [2728, 4197], [2718, 4197], [2717, 4196], [2703, 4196], [2702, 4195], [2694, 4195], [2693, 4194], [2686, 4194], [2685, 4193], [2677, 4193], [2676, 4192], [2668, 4192], [2667, 4191], [2658, 4191], [2657, 4190], [2650, 4190], [2649, 4189], [2638, 4189], [2637, 4188], [2628, 4188], [2627, 4187], [2621, 4187], [2620, 4186], [2614, 4186], [2613, 4185], [2607, 4185], [2606, 4184], [2599, 4184], [2598, 4183], [2591, 4183], [2590, 4182], [2579, 4182], [2578, 4181]]]",
Polygon 63,mask,"[[[2897, 1912], [2896, 1913], [2894, 1913], [2893, 1914], [2892, 1914], [2891, 1915], [2889, 1915], [2888, 1916], [2887, 1916], [2886, 1917], [2884, 1917], [2883, 1918], [2882, 1918], [2881, 1919], [2879, 1919], [2878, 1920], [2877, 1920], [2876, 1921], [2874, 1921], [2873, 1922], [2872, 1922], [2871, 1923], [2869, 1923], [2868, 1924], [2866, 1924], [2865, 1925], [2863, 1925], [2862, 1926], [2859, 1926], [2858, 1927], [2857, 1927], [2856, 1928], [2854, 1928], [2853, 1929], [2851, 1929], [2850, 1930], [2848, 1930], [2847, 1931], [2844, 1931], [2843, 1932], [2842, 1932], [2841, 1933], [2839, 1933], [2838, 1934], [2837, 1934], [2836, 1935], [2835, 1935], [2834, 1936], [2833, 1936], [2832, 1937], [2830, 1937], [2829, 1938], [2828, 1938], [2827, 1939], [2825, 1939], [2824, 1940], [2822, 1940], [2821, 1941], [2820, 1941], [2819, 1942], [2817, 1942], [2816, 1943], [2814, 1943], [2813, 1944], [2810, 1944], [2809, 1945], [2806, 1945], [2805, 1946], [2803, 1946], [2802, 1947], [2801, 1947], [2800, 1948], [2798, 1948], [2797, 1949], [2796, 1949], [2795, 1950], [2794, 1950], [2793, 1951], [2791, 1951], [2790, 1952], [2789, 1952], [2788, 1953], [2786, 1953], [2785, 1954], [2783, 1954], [2782, 1955], [2780, 1955], [2779, 1956], [2777, 1956], [2776, 1957], [2774, 1957], [2773, 1958], [2771, 1958], [2770, 1959], [2768, 1959], [2767, 1960], [2765, 1960], [2764, 1961], [2762, 1961], [2761, 1962], [2760, 1962], [2759, 1963], [2757, 1963], [2756, 1964], [2754, 1964], [2753, 1965], [2752, 1965], [2751, 1966], [2749, 1966], [2748, 1967], [2747, 1967], [2746, 1968], [2744, 1968], [2743, 1969], [2741, 1969], [2740, 1970], [2737, 1970], [2736, 1971], [2734, 1971], [2733, 1972], [2730, 1972], [2729, 1973], [2726, 1973], [2725, 1974], [2722, 1974], [2721, 1975], [2719, 1975], [2718, 1976], [2717, 1976], [2716, 1977], [2715, 1977], [2714, 1978], [2713, 1978], [2708, 1983], [2708, 1984], [2707, 1985], [2707, 1989], [2706, 1990], [2706, 1997], [2705, 1998], [2705, 2007], [2704, 2008], [2704, 2017], [2703, 2018], [2703, 2025], [2704, 2026], [2704, 2035], [2705, 2036], [2705, 2042], [2706, 2043], [2706, 2047], [2707, 2048], [2707, 2051], [2708, 2052], [2708, 2056], [2709, 2057], [2709, 2060], [2710, 2061], [2710, 2063], [2711, 2064], [2711, 2065], [2712, 2066], [2712, 2067], [2713, 2068], [2713, 2069], [2714, 2070], [2714, 2072], [2715, 2073], [2715, 2075], [2716, 2076], [2716, 2077], [2717, 2078], [2717, 2080], [2718, 2081], [2718, 2083], [2719, 2084], [2719, 2085], [2720, 2086], [2720, 2087], [2721, 2088], [2721, 2090], [2723, 2092], [2723, 2093], [2725, 2095], [2725, 2096], [2727, 2098], [2728, 2098], [2733, 2103], [2734, 2103], [2738, 2107], [2738, 2108], [2741, 2111], [2741, 2112], [2745, 2116], [2745, 2117], [2746, 2118], [2748, 2118], [2749, 2119], [2752, 2119], [2753, 2120], [2756, 2120], [2757, 2121], [2764, 2121], [2765, 2120], [2767, 2120], [2768, 2119], [2771, 2119], [2772, 2118], [2774, 2118], [2775, 2117], [2779, 2117], [2780, 2116], [2782, 2116], [2783, 2115], [2785, 2115], [2786, 2114], [2787, 2114], [2788, 2113], [2790, 2113], [2791, 2112], [2792, 2112], [2793, 2111], [2795, 2111], [2796, 2110], [2798, 2110], [2799, 2109], [2801, 2109], [2802, 2108], [2804, 2108], [2805, 2107], [2806, 2107], [2807, 2106], [2809, 2106], [2810, 2105], [2811, 2105], [2812, 2104], [2814, 2104], [2815, 2103], [2817, 2103], [2818, 2102], [2820, 2102], [2821, 2101], [2823, 2101], [2824, 2100], [2826, 2100], [2827, 2099], [2829, 2099], [2830, 2098], [2833, 2098], [2834, 2097], [2837, 2097], [2838, 2096], [2840, 2096], [2841, 2095], [2843, 2095], [2844, 2094], [2845, 2094], [2846, 2093], [2847, 2093], [2848, 2092], [2850, 2092], [2851, 2091], [2852, 2091], [2853, 2090], [2855, 2090], [2856, 2089], [2858, 2089], [2859, 2088], [2860, 2088], [2861, 2087], [2863, 2087], [2864, 2086], [2866, 2086], [2867, 2085], [2868, 2085], [2869, 2084], [2871, 2084], [2872, 2083], [2873, 2083], [2874, 2082], [2876, 2082], [2877, 2081], [2879, 2081], [2880, 2080], [2881, 2080], [2882, 2079], [2884, 2079], [2885, 2078], [2887, 2078], [2888, 2077], [2890, 2077], [2891, 2076], [2893, 2076], [2894, 2075], [2896, 2075], [2897, 2074], [2899, 2074], [2900, 2073], [2902, 2073], [2903, 2072], [2905, 2072], [2906, 2071], [2908, 2071], [2909, 2070], [2911, 2070], [2912, 2069], [2914, 2069], [2915, 2068], [2917, 2068], [2918, 2067], [2920, 2067], [2921, 2066], [2923, 2066], [2924, 2065], [2925, 2065], [2926, 2064], [2928, 2064], [2929, 2063], [2931, 2063], [2932, 2062], [2933, 2062], [2934, 2061], [2935, 2061], [2936, 2060], [2937, 2060], [2938, 2059], [2939, 2059], [2951, 2047], [2951, 2046], [2954, 2043], [2954, 2042], [2965, 2031], [2965, 2030], [2967, 2028], [2967, 2027], [2968, 2026], [2968, 2025], [2969, 2024], [2969, 2023], [2970, 2022], [2970, 2021], [2971, 2020], [2971, 2019], [2972, 2018], [2972, 2017], [2973, 2016], [2973, 2015], [2975, 2013], [2975, 2012], [2976, 2011], [2976, 2010], [2978, 2008], [2978, 2007], [2981, 2004], [2981, 2002], [2982, 2001], [2982, 2000], [2983, 1999], [2982, 1998], [2982, 1988], [2981, 1987], [2981, 1984], [2978, 1981], [2978, 1980], [2970, 1972], [2970, 1971], [2966, 1967], [2966, 1966], [2961, 1961], [2961, 1960], [2958, 1957], [2958, 1956], [2957, 1955], [2957, 1954], [2956, 1953], [2956, 1952], [2955, 1951], [2955, 1950], [2953, 1948], [2953, 1947], [2941, 1935], [2940, 1935], [2936, 1931], [2935, 1931], [2934, 1930], [2933, 1930], [2931, 1928], [2930, 1928], [2928, 1926], [2927, 1926], [2926, 1925], [2925, 1925], [2921, 1921], [2920, 1921], [2916, 1917], [2915, 1917], [2914, 1916], [2913, 1916], [2912, 1915], [2910, 1915], [2909, 1914], [2908, 1914], [2907, 1913], [2904, 1913], [2903, 1912]]]",
Polygon 64,mask,"[[[885, 3064], [884, 3065], [881, 3065], [880, 3066], [877, 3066], [876, 3067], [874, 3067], [873, 3068], [871, 3068], [870, 3069], [869, 3069], [868, 3070], [866, 3070], [865, 3071], [864, 3071], [863, 3072], [862, 3072], [861, 3073], [859, 3073], [858, 3074], [857, 3074], [855, 3076], [853, 3076], [851, 3078], [850, 3078], [848, 3080], [847, 3080], [840, 3087], [840, 3088], [829, 3099], [828, 3099], [824, 3103], [823, 3103], [817, 3109], [816, 3109], [812, 3113], [811, 3113], [808, 3116], [808, 3117], [806, 3119], [806, 3121], [805, 3122], [805, 3123], [804, 3124], [804, 3126], [803, 3127], [803, 3130], [802, 3131], [802, 3137], [803, 3138], [803, 3142], [804, 3143], [804, 3147], [805, 3148], [805, 3153], [806, 3154], [806, 3159], [807, 3160], [807, 3165], [808, 3166], [808, 3171], [809, 3172], [809, 3176], [810, 3177], [810, 3181], [811, 3182], [811, 3187], [812, 3188], [812, 3194], [813, 3195], [813, 3205], [814, 3206], [814, 3215], [815, 3216], [815, 3224], [816, 3225], [816, 3234], [817, 3235], [817, 3244], [818, 3245], [818, 3255], [819, 3256], [819, 3266], [820, 3267], [820, 3283], [821, 3284], [821, 3296], [820, 3297], [820, 3312], [821, 3313], [821, 3314], [822, 3315], [822, 3316], [823, 3317], [823, 3318], [824, 3319], [824, 3320], [825, 3321], [825, 3322], [826, 3323], [826, 3324], [828, 3326], [828, 3327], [830, 3329], [830, 3330], [835, 3335], [836, 3335], [838, 3337], [839, 3337], [840, 3338], [842, 3338], [843, 3339], [844, 3339], [845, 3340], [847, 3340], [848, 3341], [851, 3341], [852, 3342], [854, 3342], [855, 3343], [857, 3343], [858, 3344], [861, 3344], [862, 3345], [865, 3345], [866, 3346], [872, 3346], [873, 3347], [888, 3347], [889, 3348], [930, 3348], [931, 3347], [936, 3347], [937, 3346], [938, 3346], [939, 3345], [940, 3345], [943, 3342], [943, 3341], [944, 3340], [944, 3339], [945, 3338], [945, 3337], [946, 3336], [946, 3334], [947, 3333], [947, 3332], [948, 3331], [948, 3329], [956, 3321], [956, 3320], [960, 3316], [960, 3315], [963, 3312], [963, 3311], [964, 3310], [964, 3309], [965, 3308], [965, 3307], [966, 3306], [966, 3304], [967, 3303], [967, 3302], [968, 3301], [968, 3300], [969, 3299], [969, 3298], [970, 3297], [970, 3296], [971, 3295], [971, 3294], [972, 3293], [972, 3286], [971, 3285], [971, 3281], [970, 3280], [970, 3274], [969, 3273], [969, 3268], [968, 3267], [968, 3264], [967, 3263], [967, 3260], [966, 3259], [966, 3254], [965, 3253], [965, 3248], [966, 3247], [966, 3239], [967, 3238], [967, 3214], [966, 3213], [966, 3206], [965, 3205], [965, 3199], [964, 3198], [964, 3184], [963, 3183], [963, 3162], [962, 3161], [962, 3151], [961, 3150], [961, 3142], [960, 3141], [960, 3134], [959, 3133], [959, 3131], [958, 3130], [958, 3128], [957, 3127], [957, 3125], [956, 3124], [956, 3123], [955, 3122], [955, 3120], [954, 3119], [954, 3118], [952, 3116], [952, 3115], [949, 3112], [949, 3111], [945, 3107], [945, 3106], [944, 3105], [944, 3104], [936, 3096], [935, 3096], [930, 3091], [929, 3091], [925, 3087], [924, 3087], [921, 3084], [920, 3084], [917, 3081], [917, 3080], [913, 3076], [913, 3075], [909, 3071], [908, 3071], [906, 3069], [905, 3069], [904, 3068], [902, 3068], [901, 3067], [898, 3067], [897, 3066], [895, 3066], [894, 3065], [891, 3065], [890, 3064]]]",
Polygon 65,mask,"[[[1300, 1709], [1299, 1710], [1298, 1710], [1297, 1711], [1295, 1711], [1293, 1713], [1292, 1713], [1291, 1714], [1290, 1714], [1288, 1716], [1287, 1716], [1286, 1717], [1285, 1717], [1284, 1718], [1283, 1718], [1282, 1719], [1281, 1719], [1279, 1721], [1278, 1721], [1277, 1722], [1276, 1722], [1275, 1723], [1274, 1723], [1273, 1724], [1272, 1724], [1271, 1725], [1269, 1725], [1268, 1726], [1267, 1726], [1266, 1727], [1265, 1727], [1264, 1728], [1263, 1728], [1262, 1729], [1260, 1729], [1259, 1730], [1258, 1730], [1257, 1731], [1256, 1731], [1254, 1733], [1253, 1733], [1251, 1735], [1250, 1735], [1248, 1737], [1247, 1737], [1246, 1738], [1245, 1738], [1244, 1739], [1243, 1739], [1241, 1741], [1240, 1741], [1238, 1743], [1237, 1743], [1234, 1746], [1233, 1746], [1231, 1748], [1230, 1748], [1229, 1749], [1228, 1749], [1226, 1751], [1225, 1751], [1224, 1752], [1223, 1752], [1222, 1753], [1221, 1753], [1220, 1754], [1219, 1754], [1218, 1755], [1217, 1755], [1215, 1757], [1214, 1757], [1213, 1758], [1212, 1758], [1210, 1760], [1209, 1760], [1207, 1762], [1206, 1762], [1204, 1764], [1203, 1764], [1199, 1768], [1198, 1768], [1195, 1771], [1194, 1771], [1190, 1775], [1189, 1775], [1187, 1777], [1186, 1777], [1184, 1779], [1183, 1779], [1180, 1782], [1179, 1782], [1177, 1784], [1176, 1784], [1173, 1787], [1172, 1787], [1171, 1788], [1170, 1788], [1169, 1789], [1168, 1789], [1167, 1790], [1166, 1790], [1165, 1791], [1164, 1791], [1162, 1793], [1161, 1793], [1159, 1795], [1158, 1795], [1154, 1799], [1153, 1799], [1151, 1801], [1150, 1801], [1148, 1803], [1147, 1803], [1145, 1805], [1144, 1805], [1141, 1808], [1140, 1808], [1138, 1810], [1138, 1811], [1134, 1815], [1134, 1816], [1130, 1820], [1130, 1821], [1128, 1823], [1128, 1824], [1126, 1826], [1126, 1827], [1125, 1828], [1125, 1831], [1124, 1832], [1124, 1835], [1123, 1836], [1123, 1837], [1122, 1838], [1122, 1840], [1120, 1842], [1120, 1843], [1119, 1844], [1119, 1845], [1118, 1846], [1118, 1847], [1117, 1848], [1117, 1852], [1116, 1853], [1116, 1865], [1117, 1866], [1117, 1868], [1119, 1870], [1119, 1871], [1120, 1872], [1120, 1874], [1121, 1875], [1121, 1876], [1122, 1877], [1122, 1878], [1123, 1879], [1123, 1881], [1124, 1882], [1124, 1883], [1125, 1884], [1125, 1886], [1127, 1888], [1127, 1889], [1129, 1891], [1129, 1892], [1131, 1894], [1131, 1895], [1138, 1902], [1138, 1903], [1160, 1925], [1161, 1925], [1163, 1927], [1164, 1927], [1167, 1930], [1168, 1930], [1170, 1932], [1171, 1932], [1173, 1934], [1174, 1934], [1175, 1935], [1176, 1935], [1177, 1936], [1178, 1936], [1179, 1937], [1181, 1937], [1182, 1938], [1183, 1938], [1184, 1939], [1185, 1939], [1186, 1940], [1188, 1940], [1189, 1941], [1192, 1941], [1193, 1942], [1195, 1942], [1196, 1943], [1199, 1943], [1200, 1944], [1208, 1944], [1209, 1943], [1217, 1943], [1218, 1942], [1220, 1942], [1221, 1941], [1222, 1941], [1223, 1940], [1224, 1940], [1229, 1935], [1230, 1935], [1233, 1932], [1234, 1932], [1237, 1929], [1238, 1929], [1240, 1927], [1241, 1927], [1243, 1925], [1244, 1925], [1247, 1922], [1248, 1922], [1251, 1919], [1252, 1919], [1255, 1916], [1256, 1916], [1262, 1910], [1263, 1910], [1267, 1906], [1268, 1906], [1271, 1903], [1272, 1903], [1273, 1902], [1274, 1902], [1276, 1900], [1277, 1900], [1279, 1898], [1280, 1898], [1281, 1897], [1282, 1897], [1284, 1895], [1285, 1895], [1287, 1893], [1288, 1893], [1290, 1891], [1291, 1891], [1292, 1890], [1293, 1890], [1295, 1888], [1296, 1888], [1298, 1886], [1299, 1886], [1301, 1884], [1302, 1884], [1303, 1883], [1304, 1883], [1306, 1881], [1307, 1881], [1309, 1879], [1310, 1879], [1311, 1878], [1312, 1878], [1313, 1877], [1314, 1877], [1316, 1875], [1317, 1875], [1319, 1873], [1320, 1873], [1322, 1871], [1323, 1871], [1325, 1869], [1326, 1869], [1327, 1868], [1328, 1868], [1329, 1867], [1330, 1867], [1331, 1866], [1332, 1866], [1334, 1864], [1335, 1864], [1336, 1863], [1337, 1863], [1338, 1862], [1339, 1862], [1340, 1861], [1341, 1861], [1343, 1859], [1344, 1859], [1345, 1858], [1346, 1858], [1348, 1856], [1349, 1856], [1350, 1855], [1351, 1855], [1352, 1854], [1353, 1854], [1355, 1852], [1356, 1852], [1358, 1850], [1359, 1850], [1360, 1849], [1361, 1849], [1363, 1847], [1364, 1847], [1366, 1845], [1367, 1845], [1369, 1843], [1370, 1843], [1372, 1841], [1373, 1841], [1375, 1839], [1375, 1838], [1379, 1834], [1379, 1833], [1380, 1832], [1380, 1830], [1381, 1829], [1381, 1827], [1382, 1826], [1382, 1818], [1381, 1817], [1381, 1808], [1380, 1807], [1380, 1796], [1379, 1795], [1379, 1790], [1378, 1789], [1378, 1786], [1377, 1785], [1377, 1783], [1376, 1782], [1376, 1780], [1375, 1779], [1375, 1777], [1374, 1776], [1374, 1775], [1373, 1774], [1373, 1772], [1372, 1771], [1372, 1770], [1370, 1768], [1370, 1767], [1364, 1761], [1364, 1760], [1362, 1758], [1362, 1757], [1360, 1755], [1360, 1754], [1359, 1753], [1359, 1752], [1358, 1751], [1358, 1750], [1357, 1749], [1357, 1747], [1356, 1746], [1356, 1744], [1355, 1743], [1355, 1742], [1354, 1741], [1354, 1740], [1353, 1739], [1353, 1738], [1352, 1737], [1352, 1736], [1349, 1733], [1349, 1732], [1343, 1726], [1342, 1726], [1341, 1725], [1340, 1725], [1339, 1724], [1338, 1724], [1337, 1723], [1336, 1723], [1335, 1722], [1334, 1722], [1332, 1720], [1331, 1720], [1329, 1718], [1328, 1718], [1326, 1716], [1325, 1716], [1324, 1715], [1323, 1715], [1321, 1713], [1320, 1713], [1319, 1712], [1317, 1712], [1316, 1711], [1313, 1711], [1312, 1710], [1304, 1710], [1303, 1709]]]",
Polygon 66,mask,"[[[2408, 2451], [2407, 2452], [2405, 2452], [2404, 2453], [2400, 2453], [2399, 2454], [2396, 2454], [2395, 2455], [2392, 2455], [2391, 2456], [2389, 2456], [2388, 2457], [2387, 2457], [2386, 2458], [2384, 2458], [2383, 2459], [2382, 2459], [2381, 2460], [2380, 2460], [2378, 2462], [2377, 2462], [2376, 2463], [2375, 2463], [2373, 2465], [2372, 2465], [2370, 2467], [2369, 2467], [2366, 2470], [2365, 2470], [2364, 2471], [2363, 2471], [2361, 2473], [2360, 2473], [2359, 2474], [2358, 2474], [2357, 2475], [2356, 2475], [2355, 2476], [2354, 2476], [2353, 2477], [2352, 2477], [2351, 2478], [2349, 2478], [2347, 2480], [2346, 2480], [2344, 2482], [2343, 2482], [2339, 2486], [2339, 2487], [2338, 2488], [2337, 2488], [2332, 2493], [2331, 2493], [2329, 2495], [2329, 2496], [2327, 2498], [2327, 2500], [2326, 2501], [2326, 2503], [2325, 2504], [2325, 2525], [2326, 2526], [2326, 2548], [2327, 2549], [2327, 2565], [2328, 2566], [2328, 2583], [2329, 2584], [2329, 2603], [2330, 2604], [2330, 2632], [2331, 2633], [2331, 2690], [2332, 2691], [2332, 2697], [2333, 2698], [2333, 2703], [2334, 2704], [2334, 2706], [2335, 2707], [2335, 2708], [2337, 2710], [2338, 2710], [2341, 2713], [2342, 2713], [2344, 2715], [2345, 2715], [2346, 2716], [2347, 2716], [2348, 2717], [2349, 2717], [2350, 2718], [2351, 2718], [2352, 2719], [2354, 2719], [2355, 2720], [2357, 2720], [2358, 2721], [2360, 2721], [2361, 2722], [2363, 2722], [2364, 2723], [2366, 2723], [2367, 2724], [2369, 2724], [2370, 2725], [2373, 2725], [2374, 2726], [2379, 2726], [2380, 2727], [2386, 2727], [2387, 2728], [2433, 2728], [2434, 2727], [2439, 2727], [2440, 2726], [2443, 2726], [2444, 2725], [2445, 2725], [2446, 2724], [2448, 2724], [2449, 2723], [2450, 2723], [2451, 2722], [2452, 2722], [2453, 2721], [2454, 2721], [2455, 2720], [2456, 2720], [2457, 2719], [2458, 2719], [2459, 2718], [2460, 2718], [2461, 2717], [2462, 2717], [2463, 2716], [2465, 2716], [2466, 2715], [2467, 2715], [2468, 2714], [2469, 2714], [2470, 2713], [2471, 2713], [2472, 2712], [2473, 2712], [2474, 2711], [2475, 2711], [2478, 2708], [2479, 2708], [2480, 2707], [2480, 2706], [2482, 2704], [2482, 2702], [2483, 2701], [2483, 2678], [2482, 2677], [2482, 2630], [2483, 2629], [2483, 2628], [2482, 2627], [2482, 2608], [2481, 2607], [2481, 2581], [2480, 2580], [2480, 2530], [2479, 2529], [2479, 2521], [2478, 2520], [2478, 2514], [2477, 2513], [2477, 2510], [2476, 2509], [2476, 2507], [2475, 2506], [2475, 2505], [2474, 2504], [2474, 2503], [2473, 2502], [2473, 2501], [2472, 2500], [2472, 2499], [2470, 2497], [2470, 2496], [2469, 2495], [2469, 2494], [2468, 2493], [2468, 2492], [2465, 2489], [2465, 2488], [2460, 2483], [2460, 2482], [2446, 2468], [2446, 2467], [2435, 2456], [2434, 2456], [2433, 2455], [2432, 2455], [2431, 2454], [2430, 2454], [2429, 2453], [2425, 2453], [2424, 2452], [2417, 2452], [2416, 2451]]]",
Polygon 67,mask,"[[[1960, 401], [1959, 402], [1957, 402], [1956, 403], [1955, 403], [1954, 404], [1952, 404], [1951, 405], [1949, 405], [1948, 406], [1946, 406], [1945, 407], [1944, 407], [1943, 408], [1941, 408], [1940, 409], [1939, 409], [1938, 410], [1936, 410], [1935, 411], [1934, 411], [1933, 412], [1931, 412], [1930, 413], [1929, 413], [1928, 414], [1926, 414], [1925, 415], [1922, 415], [1921, 416], [1919, 416], [1918, 417], [1916, 417], [1915, 418], [1913, 418], [1912, 419], [1910, 419], [1909, 420], [1907, 420], [1906, 421], [1904, 421], [1903, 422], [1901, 422], [1900, 423], [1899, 423], [1898, 424], [1896, 424], [1895, 425], [1893, 425], [1892, 426], [1889, 426], [1888, 427], [1885, 427], [1884, 428], [1882, 428], [1881, 429], [1878, 429], [1877, 430], [1875, 430], [1874, 431], [1872, 431], [1871, 432], [1869, 432], [1868, 433], [1867, 433], [1866, 434], [1864, 434], [1863, 435], [1861, 435], [1860, 436], [1858, 436], [1857, 437], [1855, 437], [1854, 438], [1852, 438], [1851, 439], [1848, 439], [1847, 440], [1844, 440], [1843, 441], [1840, 441], [1839, 442], [1836, 442], [1835, 443], [1832, 443], [1831, 444], [1827, 444], [1826, 445], [1823, 445], [1822, 446], [1819, 446], [1818, 447], [1816, 447], [1815, 448], [1812, 448], [1811, 449], [1809, 449], [1808, 450], [1805, 450], [1804, 451], [1801, 451], [1800, 452], [1798, 452], [1797, 453], [1794, 453], [1793, 454], [1789, 454], [1788, 455], [1786, 455], [1785, 456], [1783, 456], [1781, 458], [1780, 458], [1777, 461], [1777, 463], [1776, 464], [1776, 466], [1775, 467], [1775, 470], [1774, 471], [1774, 476], [1773, 477], [1773, 482], [1772, 483], [1772, 489], [1771, 490], [1771, 499], [1770, 500], [1770, 502], [1771, 503], [1771, 519], [1772, 520], [1772, 524], [1773, 525], [1773, 528], [1774, 529], [1774, 534], [1775, 535], [1775, 538], [1776, 539], [1776, 542], [1777, 543], [1777, 545], [1778, 546], [1778, 549], [1779, 550], [1779, 554], [1780, 555], [1780, 557], [1781, 558], [1781, 560], [1782, 561], [1782, 563], [1783, 564], [1783, 566], [1784, 567], [1784, 568], [1786, 570], [1786, 571], [1787, 572], [1787, 573], [1788, 574], [1788, 575], [1790, 577], [1790, 578], [1793, 581], [1793, 582], [1796, 585], [1796, 586], [1805, 595], [1806, 595], [1809, 598], [1810, 598], [1811, 599], [1812, 599], [1813, 600], [1815, 600], [1816, 601], [1817, 601], [1818, 602], [1821, 602], [1822, 603], [1824, 603], [1825, 602], [1828, 602], [1829, 601], [1830, 601], [1831, 600], [1832, 600], [1833, 599], [1835, 599], [1836, 598], [1838, 598], [1839, 597], [1842, 597], [1843, 596], [1846, 596], [1847, 595], [1850, 595], [1851, 594], [1853, 594], [1854, 593], [1856, 593], [1857, 592], [1859, 592], [1860, 591], [1863, 591], [1864, 590], [1867, 590], [1868, 589], [1872, 589], [1873, 588], [1876, 588], [1877, 587], [1881, 587], [1882, 586], [1885, 586], [1886, 585], [1890, 585], [1891, 584], [1894, 584], [1895, 583], [1898, 583], [1899, 582], [1901, 582], [1902, 581], [1904, 581], [1905, 580], [1907, 580], [1908, 579], [1910, 579], [1911, 578], [1912, 578], [1913, 577], [1915, 577], [1916, 576], [1917, 576], [1918, 575], [1919, 575], [1920, 574], [1922, 574], [1923, 573], [1924, 573], [1925, 572], [1926, 572], [1927, 571], [1928, 571], [1929, 570], [1930, 570], [1931, 569], [1932, 569], [1933, 568], [1934, 568], [1935, 567], [1936, 567], [1937, 566], [1938, 566], [1939, 565], [1940, 565], [1941, 564], [1942, 564], [1943, 563], [1944, 563], [1945, 562], [1947, 562], [1948, 561], [1951, 561], [1952, 560], [1955, 560], [1956, 559], [1960, 559], [1961, 558], [1969, 558], [1970, 557], [1977, 557], [1978, 556], [1982, 556], [1983, 555], [1985, 555], [1986, 554], [1988, 554], [1989, 553], [1992, 553], [1993, 552], [1995, 552], [1996, 551], [1998, 551], [1999, 550], [2000, 550], [2001, 549], [2002, 549], [2004, 547], [2005, 547], [2008, 544], [2009, 544], [2019, 534], [2020, 534], [2023, 531], [2024, 531], [2027, 528], [2027, 527], [2028, 526], [2028, 525], [2029, 524], [2029, 523], [2030, 522], [2030, 520], [2031, 519], [2031, 517], [2032, 516], [2032, 515], [2034, 513], [2034, 512], [2037, 509], [2037, 508], [2040, 505], [2040, 504], [2042, 502], [2042, 501], [2043, 500], [2043, 499], [2044, 498], [2044, 496], [2045, 495], [2045, 493], [2046, 492], [2046, 489], [2047, 488], [2047, 485], [2048, 484], [2048, 473], [2047, 472], [2047, 469], [2046, 468], [2046, 464], [2045, 463], [2045, 461], [2044, 460], [2044, 458], [2043, 457], [2043, 455], [2041, 453], [2041, 452], [2039, 450], [2039, 449], [2030, 440], [2029, 440], [2026, 437], [2025, 437], [2022, 434], [2021, 434], [2016, 429], [2015, 429], [2010, 424], [2009, 424], [2004, 419], [2003, 419], [2000, 416], [1999, 416], [1995, 412], [1994, 412], [1990, 408], [1989, 408], [1985, 404], [1984, 404], [1983, 403], [1982, 403], [1981, 402], [1978, 402], [1977, 401]]]",
Polygon 68,mask,"[[[2929, 2231], [2928, 2232], [2921, 2232], [2920, 2233], [2916, 2233], [2915, 2234], [2913, 2234], [2912, 2235], [2910, 2235], [2909, 2236], [2907, 2236], [2906, 2237], [2903, 2237], [2902, 2238], [2898, 2238], [2897, 2239], [2895, 2239], [2894, 2240], [2893, 2240], [2892, 2241], [2890, 2241], [2889, 2242], [2887, 2242], [2886, 2243], [2884, 2243], [2883, 2244], [2882, 2244], [2881, 2245], [2880, 2245], [2878, 2247], [2877, 2247], [2874, 2250], [2873, 2250], [2870, 2253], [2869, 2253], [2866, 2256], [2865, 2256], [2863, 2258], [2862, 2258], [2860, 2260], [2859, 2260], [2858, 2261], [2857, 2261], [2854, 2264], [2853, 2264], [2850, 2267], [2849, 2267], [2843, 2273], [2842, 2273], [2842, 2274], [2839, 2277], [2839, 2278], [2838, 2279], [2838, 2280], [2837, 2281], [2837, 2282], [2835, 2284], [2835, 2285], [2834, 2286], [2834, 2287], [2833, 2288], [2833, 2289], [2831, 2291], [2831, 2292], [2830, 2293], [2830, 2294], [2829, 2295], [2829, 2296], [2828, 2297], [2828, 2298], [2827, 2299], [2827, 2300], [2826, 2301], [2826, 2302], [2825, 2303], [2825, 2304], [2824, 2305], [2824, 2308], [2823, 2309], [2823, 2318], [2824, 2319], [2824, 2320], [2825, 2321], [2825, 2322], [2826, 2323], [2826, 2325], [2827, 2326], [2827, 2328], [2828, 2329], [2828, 2331], [2829, 2332], [2829, 2333], [2830, 2334], [2830, 2335], [2832, 2337], [2832, 2338], [2833, 2339], [2833, 2340], [2835, 2342], [2835, 2343], [2836, 2344], [2836, 2345], [2837, 2346], [2837, 2347], [2838, 2348], [2838, 2349], [2839, 2350], [2839, 2351], [2840, 2352], [2840, 2353], [2841, 2354], [2841, 2355], [2843, 2357], [2843, 2358], [2844, 2359], [2844, 2360], [2847, 2363], [2847, 2364], [2850, 2367], [2850, 2368], [2856, 2374], [2856, 2375], [2863, 2382], [2863, 2383], [2866, 2386], [2866, 2387], [2867, 2388], [2867, 2389], [2871, 2393], [2871, 2394], [2879, 2402], [2879, 2403], [2883, 2407], [2883, 2408], [2884, 2409], [2885, 2409], [2893, 2417], [2893, 2418], [2896, 2421], [2896, 2422], [2897, 2423], [2897, 2424], [2899, 2426], [2899, 2427], [2901, 2429], [2901, 2430], [2904, 2433], [2904, 2434], [2905, 2434], [2907, 2436], [2907, 2437], [2912, 2442], [2912, 2443], [2914, 2445], [2914, 2446], [2916, 2448], [2916, 2449], [2919, 2452], [2919, 2453], [2922, 2456], [2922, 2457], [2930, 2465], [2930, 2466], [2938, 2474], [2939, 2474], [2941, 2476], [2942, 2476], [2944, 2478], [2945, 2478], [2947, 2480], [2948, 2480], [2950, 2482], [2951, 2482], [2953, 2484], [2954, 2484], [2955, 2485], [2956, 2485], [2957, 2486], [2958, 2486], [2959, 2487], [2961, 2487], [2962, 2488], [2965, 2488], [2966, 2489], [2970, 2489], [2971, 2490], [2974, 2490], [2975, 2491], [2978, 2491], [2979, 2492], [2985, 2492], [2986, 2493], [2992, 2493], [2993, 2494], [3014, 2494], [3015, 2493], [3017, 2493], [3018, 2492], [3019, 2492], [3020, 2491], [3021, 2491], [3024, 2488], [3025, 2488], [3030, 2483], [3031, 2483], [3039, 2475], [3039, 2474], [3041, 2472], [3041, 2471], [3042, 2470], [3042, 2468], [3043, 2467], [3043, 2466], [3044, 2465], [3044, 2463], [3045, 2462], [3045, 2460], [3046, 2459], [3046, 2458], [3047, 2457], [3047, 2455], [3048, 2454], [3048, 2452], [3049, 2451], [3049, 2448], [3050, 2447], [3050, 2444], [3051, 2443], [3051, 2440], [3052, 2439], [3052, 2437], [3053, 2436], [3053, 2433], [3054, 2432], [3054, 2430], [3055, 2429], [3055, 2426], [3056, 2425], [3056, 2424], [3057, 2423], [3057, 2422], [3058, 2421], [3058, 2419], [3059, 2418], [3059, 2416], [3060, 2415], [3060, 2414], [3061, 2413], [3061, 2410], [3062, 2409], [3062, 2393], [3061, 2392], [3061, 2390], [3058, 2387], [3058, 2386], [3054, 2382], [3054, 2381], [3052, 2379], [3052, 2378], [3048, 2374], [3048, 2373], [3045, 2370], [3045, 2369], [3042, 2366], [3042, 2365], [3040, 2363], [3040, 2362], [3038, 2360], [3038, 2359], [3036, 2357], [3036, 2356], [3035, 2355], [3035, 2354], [3033, 2352], [3033, 2351], [3028, 2346], [3028, 2345], [3025, 2342], [3025, 2341], [3023, 2339], [3023, 2338], [3021, 2336], [3021, 2335], [3008, 2322], [3008, 2321], [3006, 2319], [3006, 2318], [3004, 2316], [3004, 2315], [3002, 2313], [3002, 2312], [2996, 2306], [2996, 2305], [2989, 2298], [2989, 2297], [2986, 2294], [2986, 2293], [2982, 2289], [2982, 2288], [2977, 2283], [2977, 2282], [2974, 2279], [2974, 2278], [2971, 2275], [2971, 2274], [2968, 2271], [2968, 2270], [2965, 2267], [2965, 2266], [2963, 2264], [2963, 2263], [2961, 2261], [2961, 2260], [2959, 2258], [2959, 2257], [2957, 2255], [2957, 2254], [2955, 2252], [2955, 2251], [2952, 2248], [2952, 2247], [2950, 2245], [2950, 2244], [2949, 2243], [2949, 2242], [2947, 2240], [2947, 2239], [2946, 2238], [2946, 2237], [2941, 2232], [2939, 2232], [2938, 2231]]]",
Polygon 69,mask,"[[[2719, 3362], [2718, 3363], [2710, 3363], [2709, 3364], [2701, 3364], [2700, 3365], [2690, 3365], [2689, 3366], [2682, 3366], [2681, 3367], [2679, 3367], [2678, 3368], [2677, 3368], [2676, 3369], [2675, 3369], [2674, 3370], [2673, 3370], [2672, 3371], [2671, 3371], [2669, 3373], [2668, 3373], [2662, 3379], [2662, 3380], [2661, 3381], [2661, 3382], [2660, 3383], [2660, 3384], [2659, 3385], [2659, 3386], [2658, 3387], [2658, 3388], [2657, 3389], [2657, 3391], [2655, 3393], [2655, 3394], [2654, 3395], [2654, 3396], [2653, 3397], [2653, 3398], [2652, 3399], [2652, 3400], [2651, 3401], [2651, 3402], [2650, 3403], [2650, 3404], [2649, 3405], [2649, 3406], [2648, 3407], [2648, 3409], [2647, 3410], [2647, 3411], [2646, 3412], [2646, 3414], [2645, 3415], [2645, 3417], [2644, 3418], [2644, 3420], [2643, 3421], [2643, 3422], [2642, 3423], [2642, 3425], [2641, 3426], [2641, 3429], [2640, 3430], [2640, 3466], [2641, 3467], [2641, 3471], [2642, 3472], [2642, 3475], [2643, 3476], [2643, 3477], [2644, 3478], [2644, 3479], [2645, 3480], [2645, 3481], [2647, 3483], [2647, 3484], [2649, 3486], [2649, 3487], [2661, 3499], [2662, 3499], [2663, 3500], [2664, 3500], [2666, 3502], [2667, 3502], [2668, 3503], [2669, 3503], [2670, 3504], [2671, 3504], [2673, 3506], [2674, 3506], [2676, 3508], [2677, 3508], [2684, 3515], [2685, 3515], [2688, 3518], [2689, 3518], [2690, 3519], [2692, 3519], [2693, 3520], [2695, 3520], [2696, 3521], [2698, 3521], [2699, 3522], [2701, 3522], [2702, 3523], [2703, 3523], [2704, 3524], [2705, 3524], [2710, 3529], [2711, 3529], [2714, 3532], [2715, 3532], [2716, 3533], [2718, 3533], [2719, 3534], [2721, 3534], [2722, 3535], [2723, 3535], [2724, 3536], [2726, 3536], [2728, 3538], [2729, 3538], [2730, 3539], [2731, 3539], [2733, 3541], [2734, 3541], [2737, 3544], [2738, 3544], [2740, 3546], [2741, 3546], [2743, 3548], [2744, 3548], [2745, 3549], [2746, 3549], [2749, 3552], [2750, 3552], [2755, 3557], [2756, 3557], [2760, 3561], [2761, 3561], [2763, 3563], [2764, 3563], [2766, 3565], [2767, 3565], [2769, 3567], [2770, 3567], [2772, 3569], [2773, 3569], [2775, 3571], [2776, 3571], [2780, 3575], [2781, 3575], [2784, 3578], [2785, 3578], [2787, 3580], [2788, 3580], [2790, 3582], [2791, 3582], [2795, 3586], [2796, 3586], [2799, 3589], [2800, 3589], [2802, 3591], [2803, 3591], [2804, 3592], [2806, 3592], [2807, 3593], [2810, 3593], [2811, 3594], [2815, 3594], [2816, 3595], [2820, 3595], [2821, 3594], [2823, 3594], [2824, 3593], [2825, 3593], [2827, 3591], [2828, 3591], [2830, 3589], [2831, 3589], [2832, 3588], [2833, 3588], [2834, 3587], [2835, 3587], [2836, 3586], [2837, 3586], [2839, 3584], [2840, 3584], [2841, 3583], [2842, 3583], [2843, 3582], [2844, 3582], [2846, 3580], [2847, 3580], [2850, 3577], [2851, 3577], [2855, 3573], [2856, 3573], [2866, 3563], [2866, 3562], [2869, 3559], [2869, 3558], [2871, 3556], [2871, 3555], [2874, 3552], [2874, 3551], [2877, 3548], [2877, 3547], [2879, 3545], [2879, 3544], [2880, 3543], [2880, 3542], [2882, 3540], [2882, 3539], [2884, 3537], [2884, 3536], [2886, 3534], [2886, 3533], [2890, 3529], [2890, 3528], [2893, 3525], [2893, 3524], [2895, 3522], [2895, 3520], [2896, 3519], [2896, 3517], [2897, 3516], [2897, 3514], [2898, 3513], [2898, 3511], [2899, 3510], [2899, 3507], [2900, 3506], [2900, 3503], [2901, 3502], [2901, 3495], [2902, 3494], [2902, 3480], [2901, 3479], [2901, 3476], [2900, 3475], [2900, 3473], [2899, 3472], [2899, 3471], [2898, 3470], [2898, 3469], [2897, 3468], [2896, 3468], [2894, 3466], [2893, 3466], [2891, 3464], [2890, 3464], [2889, 3463], [2888, 3463], [2887, 3462], [2886, 3462], [2885, 3461], [2884, 3461], [2881, 3458], [2880, 3458], [2877, 3455], [2876, 3455], [2874, 3453], [2873, 3453], [2870, 3450], [2869, 3450], [2867, 3448], [2866, 3448], [2863, 3445], [2862, 3445], [2860, 3443], [2859, 3443], [2856, 3440], [2855, 3440], [2853, 3438], [2852, 3438], [2850, 3436], [2849, 3436], [2847, 3434], [2846, 3434], [2844, 3432], [2843, 3432], [2842, 3431], [2841, 3431], [2839, 3429], [2838, 3429], [2836, 3427], [2835, 3427], [2833, 3425], [2832, 3425], [2830, 3423], [2829, 3423], [2826, 3420], [2825, 3420], [2823, 3418], [2822, 3418], [2821, 3417], [2820, 3417], [2818, 3415], [2817, 3415], [2816, 3414], [2815, 3414], [2812, 3411], [2811, 3411], [2809, 3409], [2808, 3409], [2806, 3407], [2805, 3407], [2803, 3405], [2802, 3405], [2801, 3404], [2800, 3404], [2799, 3403], [2798, 3403], [2796, 3401], [2795, 3401], [2794, 3400], [2793, 3400], [2792, 3399], [2791, 3399], [2789, 3397], [2788, 3397], [2787, 3396], [2786, 3396], [2784, 3394], [2783, 3394], [2782, 3393], [2781, 3393], [2779, 3391], [2778, 3391], [2777, 3390], [2776, 3390], [2775, 3389], [2774, 3389], [2771, 3386], [2770, 3386], [2767, 3383], [2766, 3383], [2763, 3380], [2762, 3380], [2759, 3377], [2758, 3377], [2756, 3375], [2755, 3375], [2752, 3372], [2751, 3372], [2750, 3371], [2749, 3371], [2747, 3369], [2746, 3369], [2745, 3368], [2744, 3368], [2743, 3367], [2741, 3367], [2740, 3366], [2737, 3366], [2736, 3365], [2734, 3365], [2733, 3364], [2730, 3364], [2729, 3363], [2726, 3363], [2725, 3362]]]",
Polygon 70,mask,"[[[1661, 2165], [1660, 2166], [1649, 2166], [1648, 2167], [1646, 2167], [1645, 2168], [1643, 2168], [1642, 2169], [1640, 2169], [1639, 2170], [1638, 2170], [1637, 2171], [1636, 2171], [1635, 2172], [1633, 2172], [1632, 2173], [1631, 2173], [1630, 2174], [1628, 2174], [1627, 2175], [1625, 2175], [1624, 2176], [1621, 2176], [1620, 2177], [1618, 2177], [1617, 2178], [1615, 2178], [1614, 2179], [1612, 2179], [1608, 2183], [1608, 2185], [1607, 2186], [1607, 2189], [1606, 2190], [1606, 2246], [1605, 2247], [1605, 2292], [1606, 2293], [1606, 2299], [1605, 2300], [1605, 2329], [1604, 2330], [1604, 2344], [1603, 2345], [1603, 2374], [1604, 2375], [1604, 2379], [1605, 2380], [1605, 2384], [1606, 2385], [1606, 2388], [1607, 2389], [1607, 2391], [1608, 2392], [1608, 2394], [1609, 2395], [1609, 2396], [1611, 2398], [1611, 2399], [1612, 2400], [1612, 2401], [1614, 2403], [1614, 2404], [1617, 2407], [1617, 2408], [1620, 2411], [1621, 2411], [1623, 2413], [1623, 2414], [1624, 2414], [1635, 2425], [1636, 2425], [1652, 2441], [1662, 2441], [1663, 2442], [1672, 2442], [1673, 2441], [1679, 2441], [1680, 2440], [1687, 2440], [1688, 2439], [1693, 2439], [1694, 2438], [1697, 2438], [1698, 2437], [1701, 2437], [1702, 2436], [1704, 2436], [1705, 2435], [1706, 2435], [1707, 2434], [1708, 2434], [1709, 2433], [1710, 2433], [1711, 2432], [1712, 2432], [1715, 2429], [1716, 2429], [1719, 2426], [1720, 2426], [1724, 2422], [1725, 2422], [1730, 2417], [1731, 2417], [1738, 2410], [1739, 2410], [1741, 2408], [1743, 2408], [1744, 2407], [1745, 2407], [1746, 2406], [1747, 2406], [1748, 2405], [1749, 2405], [1753, 2401], [1753, 2400], [1754, 2399], [1754, 2398], [1755, 2397], [1755, 2394], [1756, 2393], [1756, 2260], [1757, 2259], [1757, 2229], [1758, 2228], [1758, 2196], [1757, 2195], [1757, 2194], [1755, 2192], [1755, 2191], [1749, 2185], [1748, 2185], [1747, 2184], [1746, 2184], [1745, 2183], [1743, 2183], [1742, 2182], [1740, 2182], [1739, 2181], [1738, 2181], [1737, 2180], [1735, 2180], [1734, 2179], [1732, 2179], [1731, 2178], [1730, 2178], [1729, 2177], [1728, 2177], [1727, 2176], [1726, 2176], [1725, 2175], [1724, 2175], [1723, 2174], [1722, 2174], [1721, 2173], [1719, 2173], [1718, 2172], [1717, 2172], [1716, 2171], [1714, 2171], [1713, 2170], [1710, 2170], [1709, 2169], [1704, 2169], [1703, 2168], [1693, 2168], [1692, 2167], [1682, 2167], [1681, 2166], [1671, 2166], [1670, 2165]]]",
Polygon 71,mask,"[[[1581, 1618], [1580, 1619], [1571, 1619], [1570, 1620], [1554, 1620], [1553, 1621], [1549, 1621], [1548, 1622], [1546, 1622], [1545, 1623], [1544, 1623], [1543, 1624], [1541, 1624], [1540, 1625], [1539, 1625], [1538, 1626], [1536, 1626], [1535, 1627], [1534, 1627], [1533, 1628], [1531, 1628], [1530, 1629], [1527, 1629], [1526, 1630], [1521, 1630], [1520, 1631], [1515, 1631], [1514, 1632], [1505, 1632], [1504, 1633], [1495, 1633], [1494, 1634], [1489, 1634], [1488, 1635], [1485, 1635], [1484, 1636], [1481, 1636], [1480, 1637], [1477, 1637], [1476, 1638], [1473, 1638], [1472, 1639], [1471, 1639], [1470, 1640], [1468, 1640], [1467, 1641], [1465, 1641], [1464, 1642], [1462, 1642], [1461, 1643], [1458, 1643], [1457, 1644], [1455, 1644], [1454, 1645], [1451, 1645], [1450, 1646], [1446, 1646], [1445, 1647], [1440, 1647], [1439, 1648], [1435, 1648], [1434, 1649], [1431, 1649], [1430, 1650], [1428, 1650], [1427, 1651], [1424, 1651], [1423, 1652], [1421, 1652], [1420, 1653], [1417, 1653], [1416, 1654], [1414, 1654], [1413, 1655], [1411, 1655], [1410, 1656], [1408, 1656], [1407, 1657], [1405, 1657], [1404, 1658], [1403, 1658], [1402, 1659], [1401, 1659], [1400, 1660], [1399, 1660], [1398, 1661], [1396, 1661], [1395, 1662], [1394, 1662], [1393, 1663], [1392, 1663], [1391, 1664], [1390, 1664], [1385, 1669], [1385, 1670], [1384, 1671], [1384, 1672], [1383, 1673], [1383, 1674], [1382, 1675], [1382, 1676], [1381, 1677], [1381, 1678], [1380, 1679], [1380, 1680], [1379, 1681], [1379, 1682], [1378, 1683], [1378, 1684], [1376, 1686], [1376, 1687], [1373, 1690], [1373, 1691], [1365, 1699], [1365, 1700], [1361, 1704], [1361, 1705], [1359, 1707], [1359, 1708], [1358, 1709], [1358, 1710], [1357, 1711], [1357, 1713], [1356, 1714], [1356, 1715], [1355, 1716], [1355, 1718], [1354, 1719], [1354, 1720], [1353, 1721], [1353, 1722], [1352, 1723], [1352, 1725], [1351, 1726], [1351, 1727], [1352, 1728], [1352, 1731], [1354, 1733], [1354, 1734], [1355, 1735], [1355, 1737], [1356, 1738], [1356, 1739], [1357, 1740], [1357, 1742], [1358, 1743], [1358, 1745], [1359, 1746], [1359, 1748], [1360, 1749], [1360, 1750], [1361, 1751], [1361, 1752], [1362, 1753], [1362, 1754], [1364, 1756], [1364, 1757], [1367, 1760], [1367, 1761], [1371, 1765], [1372, 1765], [1380, 1773], [1380, 1774], [1384, 1778], [1385, 1778], [1390, 1783], [1391, 1783], [1393, 1785], [1394, 1785], [1397, 1788], [1398, 1788], [1404, 1794], [1405, 1794], [1414, 1803], [1415, 1803], [1417, 1805], [1419, 1805], [1420, 1806], [1424, 1806], [1425, 1807], [1429, 1807], [1430, 1808], [1437, 1808], [1438, 1807], [1440, 1807], [1441, 1806], [1444, 1806], [1445, 1805], [1448, 1805], [1449, 1804], [1452, 1804], [1453, 1803], [1456, 1803], [1457, 1802], [1459, 1802], [1460, 1801], [1462, 1801], [1463, 1800], [1465, 1800], [1466, 1799], [1469, 1799], [1470, 1798], [1473, 1798], [1474, 1797], [1476, 1797], [1477, 1796], [1479, 1796], [1480, 1795], [1482, 1795], [1483, 1794], [1486, 1794], [1487, 1793], [1489, 1793], [1490, 1792], [1492, 1792], [1493, 1791], [1495, 1791], [1496, 1790], [1499, 1790], [1500, 1789], [1503, 1789], [1504, 1788], [1506, 1788], [1507, 1787], [1510, 1787], [1511, 1786], [1514, 1786], [1515, 1785], [1519, 1785], [1520, 1784], [1524, 1784], [1525, 1783], [1529, 1783], [1530, 1782], [1533, 1782], [1534, 1781], [1537, 1781], [1538, 1780], [1542, 1780], [1543, 1779], [1546, 1779], [1547, 1778], [1550, 1778], [1551, 1777], [1555, 1777], [1556, 1776], [1558, 1776], [1559, 1775], [1562, 1775], [1563, 1774], [1567, 1774], [1568, 1773], [1571, 1773], [1572, 1772], [1576, 1772], [1577, 1771], [1582, 1771], [1583, 1770], [1590, 1770], [1591, 1769], [1595, 1769], [1596, 1768], [1599, 1768], [1600, 1767], [1604, 1767], [1605, 1766], [1609, 1766], [1610, 1765], [1613, 1765], [1614, 1764], [1616, 1764], [1618, 1762], [1619, 1762], [1622, 1759], [1622, 1758], [1624, 1756], [1624, 1755], [1625, 1754], [1625, 1752], [1626, 1751], [1626, 1749], [1627, 1748], [1627, 1744], [1628, 1743], [1628, 1738], [1629, 1737], [1629, 1732], [1630, 1731], [1630, 1726], [1631, 1725], [1631, 1719], [1632, 1718], [1632, 1713], [1633, 1712], [1633, 1693], [1632, 1692], [1632, 1687], [1631, 1686], [1631, 1682], [1630, 1681], [1630, 1678], [1629, 1677], [1629, 1673], [1628, 1672], [1628, 1670], [1627, 1669], [1627, 1668], [1626, 1667], [1626, 1666], [1625, 1665], [1625, 1664], [1624, 1663], [1624, 1662], [1623, 1661], [1623, 1660], [1622, 1659], [1622, 1658], [1620, 1656], [1620, 1655], [1618, 1653], [1618, 1652], [1616, 1650], [1616, 1649], [1614, 1647], [1614, 1646], [1612, 1644], [1612, 1643], [1610, 1641], [1610, 1640], [1609, 1639], [1609, 1638], [1607, 1636], [1607, 1635], [1605, 1633], [1605, 1632], [1604, 1631], [1604, 1630], [1603, 1629], [1603, 1628], [1601, 1626], [1601, 1625], [1595, 1619], [1594, 1619], [1593, 1618]]]",
Polygon 72,mask,"[[[1786, 591], [1785, 592], [1784, 592], [1783, 593], [1782, 593], [1781, 594], [1780, 594], [1779, 595], [1778, 595], [1777, 596], [1776, 596], [1775, 597], [1773, 597], [1772, 598], [1770, 598], [1769, 599], [1767, 599], [1766, 600], [1765, 600], [1763, 602], [1762, 602], [1761, 603], [1760, 603], [1758, 605], [1757, 605], [1756, 606], [1755, 606], [1754, 607], [1753, 607], [1751, 609], [1750, 609], [1748, 611], [1747, 611], [1746, 612], [1745, 612], [1740, 617], [1739, 617], [1701, 655], [1701, 656], [1700, 657], [1700, 658], [1699, 659], [1699, 661], [1698, 662], [1698, 664], [1697, 665], [1697, 668], [1696, 669], [1696, 672], [1695, 673], [1695, 677], [1694, 678], [1694, 681], [1693, 682], [1693, 685], [1692, 686], [1692, 688], [1691, 689], [1691, 697], [1692, 698], [1692, 699], [1693, 700], [1693, 702], [1694, 703], [1694, 705], [1695, 706], [1695, 708], [1696, 709], [1696, 710], [1702, 716], [1703, 716], [1712, 725], [1713, 725], [1719, 731], [1720, 731], [1727, 738], [1728, 738], [1746, 756], [1747, 756], [1752, 761], [1753, 761], [1758, 766], [1759, 766], [1763, 770], [1764, 770], [1769, 775], [1770, 775], [1776, 781], [1777, 781], [1784, 788], [1785, 788], [1787, 790], [1788, 790], [1790, 792], [1791, 792], [1792, 793], [1793, 793], [1795, 795], [1796, 795], [1799, 798], [1800, 798], [1805, 803], [1806, 803], [1815, 812], [1816, 812], [1821, 817], [1822, 817], [1826, 821], [1827, 821], [1829, 823], [1830, 823], [1832, 825], [1833, 825], [1834, 826], [1835, 826], [1836, 827], [1837, 827], [1838, 828], [1839, 828], [1840, 829], [1841, 829], [1842, 830], [1844, 830], [1845, 831], [1846, 831], [1847, 832], [1851, 832], [1852, 833], [1855, 833], [1856, 834], [1860, 834], [1861, 835], [1865, 835], [1866, 836], [1877, 836], [1878, 837], [1894, 837], [1895, 836], [1901, 836], [1902, 835], [1903, 835], [1904, 834], [1905, 834], [1907, 832], [1908, 832], [1910, 830], [1911, 830], [1914, 827], [1915, 827], [1917, 825], [1918, 825], [1924, 819], [1925, 819], [1933, 811], [1933, 810], [1935, 808], [1935, 807], [1936, 806], [1936, 805], [1937, 804], [1937, 802], [1938, 801], [1938, 799], [1939, 798], [1939, 796], [1940, 795], [1940, 793], [1941, 792], [1941, 789], [1942, 788], [1942, 784], [1943, 783], [1943, 778], [1944, 777], [1944, 772], [1945, 771], [1945, 761], [1946, 760], [1946, 748], [1947, 747], [1947, 740], [1948, 739], [1948, 729], [1947, 728], [1947, 727], [1946, 726], [1946, 725], [1945, 724], [1945, 723], [1938, 716], [1938, 715], [1937, 714], [1936, 714], [1929, 707], [1928, 707], [1922, 701], [1921, 701], [1918, 698], [1917, 698], [1914, 695], [1913, 695], [1910, 692], [1909, 692], [1904, 687], [1903, 687], [1900, 684], [1899, 684], [1896, 681], [1895, 681], [1890, 676], [1889, 676], [1886, 673], [1885, 673], [1881, 669], [1880, 669], [1876, 665], [1875, 665], [1872, 662], [1871, 662], [1868, 659], [1867, 659], [1864, 656], [1863, 656], [1849, 642], [1848, 642], [1845, 639], [1844, 639], [1841, 636], [1840, 636], [1820, 616], [1819, 616], [1815, 612], [1815, 611], [1810, 606], [1810, 605], [1805, 600], [1804, 600], [1801, 597], [1800, 597], [1798, 595], [1797, 595], [1796, 594], [1795, 594], [1794, 593], [1793, 593], [1792, 592], [1791, 592], [1790, 591]]]",
Polygon 73,mask,"[[[2603, 1641], [2602, 1642], [2599, 1642], [2598, 1643], [2595, 1643], [2594, 1644], [2590, 1644], [2589, 1645], [2587, 1645], [2586, 1646], [2583, 1646], [2582, 1647], [2580, 1647], [2579, 1648], [2577, 1648], [2576, 1649], [2573, 1649], [2572, 1650], [2570, 1650], [2569, 1651], [2566, 1651], [2565, 1652], [2563, 1652], [2562, 1653], [2561, 1653], [2560, 1654], [2558, 1654], [2557, 1655], [2555, 1655], [2554, 1656], [2551, 1656], [2550, 1657], [2548, 1657], [2547, 1658], [2544, 1658], [2543, 1659], [2541, 1659], [2540, 1660], [2538, 1660], [2537, 1661], [2535, 1661], [2534, 1662], [2531, 1662], [2530, 1663], [2527, 1663], [2526, 1664], [2524, 1664], [2523, 1665], [2520, 1665], [2519, 1666], [2517, 1666], [2516, 1667], [2513, 1667], [2512, 1668], [2509, 1668], [2508, 1669], [2506, 1669], [2505, 1670], [2501, 1670], [2500, 1671], [2497, 1671], [2496, 1672], [2493, 1672], [2492, 1673], [2489, 1673], [2488, 1674], [2485, 1674], [2484, 1675], [2482, 1675], [2481, 1676], [2478, 1676], [2477, 1677], [2474, 1677], [2473, 1678], [2469, 1678], [2468, 1679], [2464, 1679], [2463, 1680], [2458, 1680], [2457, 1681], [2453, 1681], [2452, 1682], [2449, 1682], [2448, 1683], [2446, 1683], [2445, 1684], [2443, 1684], [2442, 1685], [2439, 1685], [2438, 1686], [2436, 1686], [2435, 1687], [2432, 1687], [2431, 1688], [2429, 1688], [2428, 1689], [2424, 1689], [2423, 1690], [2419, 1690], [2418, 1691], [2414, 1691], [2413, 1692], [2412, 1692], [2411, 1693], [2410, 1693], [2408, 1695], [2408, 1696], [2407, 1697], [2407, 1698], [2406, 1699], [2406, 1700], [2405, 1701], [2405, 1704], [2404, 1705], [2404, 1708], [2403, 1709], [2403, 1714], [2402, 1715], [2402, 1720], [2401, 1721], [2401, 1726], [2400, 1727], [2400, 1751], [2401, 1752], [2401, 1757], [2402, 1758], [2402, 1763], [2403, 1764], [2403, 1769], [2404, 1770], [2404, 1773], [2405, 1774], [2405, 1778], [2406, 1779], [2406, 1783], [2407, 1784], [2407, 1787], [2408, 1788], [2408, 1792], [2409, 1793], [2409, 1796], [2410, 1797], [2410, 1800], [2411, 1801], [2411, 1803], [2412, 1804], [2412, 1805], [2413, 1806], [2413, 1808], [2424, 1819], [2424, 1820], [2428, 1824], [2428, 1825], [2429, 1826], [2429, 1827], [2430, 1828], [2430, 1829], [2431, 1830], [2431, 1831], [2432, 1832], [2432, 1833], [2433, 1834], [2433, 1835], [2436, 1838], [2438, 1838], [2439, 1839], [2441, 1839], [2442, 1840], [2453, 1840], [2454, 1839], [2455, 1839], [2456, 1838], [2458, 1838], [2459, 1837], [2461, 1837], [2462, 1836], [2465, 1836], [2466, 1835], [2468, 1835], [2469, 1834], [2472, 1834], [2473, 1833], [2476, 1833], [2477, 1832], [2480, 1832], [2481, 1831], [2485, 1831], [2486, 1830], [2489, 1830], [2490, 1829], [2493, 1829], [2494, 1828], [2497, 1828], [2498, 1827], [2499, 1827], [2500, 1826], [2502, 1826], [2503, 1825], [2505, 1825], [2506, 1824], [2509, 1824], [2510, 1823], [2513, 1823], [2514, 1822], [2517, 1822], [2518, 1821], [2522, 1821], [2523, 1820], [2527, 1820], [2528, 1819], [2531, 1819], [2532, 1818], [2534, 1818], [2535, 1817], [2537, 1817], [2538, 1816], [2540, 1816], [2541, 1815], [2544, 1815], [2545, 1814], [2547, 1814], [2548, 1813], [2550, 1813], [2551, 1812], [2554, 1812], [2555, 1811], [2557, 1811], [2558, 1810], [2561, 1810], [2562, 1809], [2565, 1809], [2566, 1808], [2569, 1808], [2570, 1807], [2573, 1807], [2574, 1806], [2577, 1806], [2578, 1805], [2582, 1805], [2583, 1804], [2588, 1804], [2589, 1803], [2593, 1803], [2594, 1802], [2597, 1802], [2598, 1801], [2603, 1801], [2604, 1800], [2607, 1800], [2608, 1799], [2610, 1799], [2611, 1798], [2613, 1798], [2614, 1797], [2616, 1797], [2617, 1796], [2618, 1796], [2619, 1795], [2621, 1795], [2622, 1794], [2623, 1794], [2624, 1793], [2625, 1793], [2626, 1792], [2627, 1792], [2628, 1791], [2629, 1791], [2631, 1789], [2632, 1789], [2636, 1785], [2637, 1785], [2647, 1775], [2648, 1775], [2655, 1768], [2655, 1767], [2657, 1765], [2657, 1764], [2658, 1763], [2658, 1762], [2659, 1761], [2659, 1760], [2661, 1758], [2661, 1757], [2662, 1756], [2662, 1755], [2665, 1752], [2665, 1751], [2667, 1749], [2667, 1748], [2669, 1746], [2669, 1745], [2671, 1743], [2671, 1742], [2672, 1741], [2672, 1739], [2673, 1738], [2673, 1737], [2674, 1736], [2674, 1735], [2675, 1734], [2675, 1732], [2676, 1731], [2676, 1716], [2675, 1715], [2675, 1709], [2674, 1708], [2674, 1706], [2672, 1704], [2672, 1703], [2671, 1702], [2671, 1701], [2670, 1700], [2670, 1698], [2669, 1697], [2669, 1696], [2668, 1695], [2668, 1694], [2667, 1693], [2667, 1691], [2665, 1689], [2665, 1688], [2654, 1677], [2653, 1677], [2649, 1673], [2648, 1673], [2645, 1670], [2644, 1670], [2636, 1662], [2635, 1662], [2628, 1655], [2627, 1655], [2624, 1652], [2623, 1652], [2621, 1650], [2620, 1650], [2617, 1647], [2616, 1647], [2615, 1646], [2614, 1646], [2612, 1644], [2611, 1644], [2609, 1642], [2607, 1642], [2606, 1641]]]",
Polygon 74,mask,"[[[2104, 1051], [2103, 1052], [2061, 1052], [2058, 1055], [2058, 1056], [2057, 1057], [2057, 1059], [2056, 1060], [2056, 1064], [2055, 1065], [2055, 1069], [2054, 1070], [2054, 1073], [2053, 1074], [2053, 1076], [2052, 1077], [2052, 1080], [2051, 1081], [2051, 1084], [2050, 1085], [2050, 1088], [2049, 1089], [2049, 1093], [2048, 1094], [2048, 1097], [2047, 1098], [2047, 1102], [2046, 1103], [2046, 1106], [2045, 1107], [2045, 1110], [2044, 1111], [2044, 1114], [2043, 1115], [2043, 1117], [2042, 1118], [2042, 1121], [2041, 1122], [2041, 1124], [2040, 1125], [2040, 1127], [2039, 1128], [2039, 1129], [2038, 1130], [2038, 1132], [2037, 1133], [2037, 1136], [2036, 1137], [2036, 1139], [2035, 1140], [2035, 1142], [2034, 1143], [2034, 1145], [2033, 1146], [2033, 1148], [2032, 1149], [2032, 1151], [2031, 1152], [2031, 1153], [2030, 1154], [2030, 1156], [2029, 1157], [2029, 1158], [2028, 1159], [2028, 1161], [2027, 1162], [2027, 1164], [2026, 1165], [2026, 1167], [2025, 1168], [2025, 1170], [2024, 1171], [2024, 1173], [2023, 1174], [2023, 1177], [2022, 1178], [2022, 1180], [2021, 1181], [2021, 1183], [2020, 1184], [2020, 1185], [2019, 1186], [2019, 1188], [2018, 1189], [2018, 1191], [2017, 1192], [2017, 1194], [2016, 1195], [2016, 1196], [2015, 1197], [2015, 1199], [2014, 1200], [2014, 1201], [2013, 1202], [2013, 1204], [2012, 1205], [2012, 1207], [2011, 1208], [2011, 1210], [2010, 1211], [2010, 1213], [2009, 1214], [2009, 1216], [2008, 1217], [2008, 1220], [2007, 1221], [2007, 1224], [2006, 1225], [2006, 1228], [2005, 1229], [2005, 1231], [2004, 1232], [2004, 1234], [2003, 1235], [2003, 1237], [2002, 1238], [2002, 1252], [2003, 1253], [2003, 1260], [2004, 1261], [2004, 1265], [2005, 1266], [2005, 1269], [2006, 1270], [2006, 1273], [2007, 1274], [2007, 1277], [2008, 1278], [2008, 1282], [2009, 1283], [2009, 1285], [2010, 1286], [2010, 1288], [2011, 1289], [2011, 1290], [2012, 1291], [2012, 1292], [2018, 1298], [2019, 1298], [2021, 1300], [2022, 1300], [2023, 1301], [2024, 1301], [2025, 1302], [2026, 1302], [2027, 1303], [2028, 1303], [2029, 1304], [2030, 1304], [2031, 1305], [2032, 1305], [2033, 1306], [2034, 1306], [2035, 1307], [2037, 1307], [2038, 1308], [2039, 1308], [2040, 1309], [2042, 1309], [2043, 1310], [2044, 1310], [2045, 1311], [2047, 1311], [2048, 1312], [2050, 1312], [2051, 1313], [2054, 1313], [2055, 1314], [2057, 1314], [2058, 1315], [2060, 1315], [2061, 1316], [2063, 1316], [2064, 1317], [2066, 1317], [2067, 1318], [2069, 1318], [2070, 1319], [2072, 1319], [2073, 1320], [2075, 1320], [2076, 1321], [2084, 1321], [2085, 1320], [2092, 1320], [2093, 1319], [2099, 1319], [2100, 1318], [2103, 1318], [2104, 1317], [2107, 1317], [2108, 1316], [2111, 1316], [2112, 1315], [2116, 1315], [2117, 1314], [2119, 1314], [2120, 1313], [2122, 1313], [2123, 1312], [2125, 1312], [2126, 1311], [2127, 1311], [2128, 1310], [2129, 1310], [2130, 1309], [2131, 1309], [2132, 1308], [2133, 1308], [2134, 1307], [2135, 1307], [2142, 1300], [2142, 1299], [2144, 1297], [2144, 1296], [2145, 1295], [2145, 1294], [2146, 1293], [2146, 1292], [2147, 1291], [2147, 1290], [2148, 1289], [2148, 1287], [2149, 1286], [2149, 1285], [2150, 1284], [2150, 1282], [2151, 1281], [2151, 1279], [2152, 1278], [2152, 1276], [2153, 1275], [2153, 1273], [2154, 1272], [2154, 1269], [2155, 1268], [2155, 1265], [2156, 1264], [2156, 1261], [2157, 1260], [2157, 1257], [2158, 1256], [2158, 1254], [2159, 1253], [2159, 1250], [2160, 1249], [2160, 1247], [2161, 1246], [2161, 1243], [2162, 1242], [2162, 1239], [2163, 1238], [2163, 1235], [2164, 1234], [2164, 1232], [2165, 1231], [2165, 1228], [2166, 1227], [2166, 1225], [2167, 1224], [2167, 1221], [2168, 1220], [2168, 1217], [2169, 1216], [2169, 1213], [2170, 1212], [2170, 1210], [2171, 1209], [2171, 1206], [2172, 1205], [2172, 1204], [2173, 1203], [2173, 1201], [2174, 1200], [2174, 1197], [2175, 1196], [2175, 1193], [2176, 1192], [2176, 1190], [2177, 1189], [2177, 1187], [2178, 1186], [2178, 1184], [2179, 1183], [2179, 1181], [2180, 1180], [2180, 1178], [2181, 1177], [2181, 1175], [2182, 1174], [2182, 1173], [2183, 1172], [2183, 1170], [2184, 1169], [2184, 1168], [2185, 1167], [2185, 1166], [2187, 1164], [2187, 1162], [2188, 1161], [2188, 1160], [2189, 1159], [2189, 1157], [2190, 1156], [2190, 1153], [2191, 1152], [2191, 1150], [2192, 1149], [2192, 1147], [2193, 1146], [2193, 1143], [2194, 1142], [2194, 1139], [2195, 1138], [2195, 1135], [2196, 1134], [2196, 1132], [2197, 1131], [2197, 1129], [2198, 1128], [2198, 1126], [2200, 1124], [2200, 1123], [2201, 1122], [2201, 1120], [2202, 1119], [2202, 1109], [2203, 1108], [2203, 1105], [2202, 1104], [2202, 1103], [2201, 1102], [2201, 1101], [2199, 1099], [2199, 1098], [2198, 1097], [2198, 1096], [2196, 1094], [2196, 1093], [2195, 1092], [2195, 1091], [2193, 1089], [2193, 1088], [2189, 1084], [2188, 1084], [2187, 1083], [2186, 1083], [2185, 1082], [2184, 1082], [2183, 1081], [2180, 1081], [2179, 1080], [2178, 1080], [2177, 1079], [2176, 1079], [2175, 1078], [2174, 1078], [2172, 1076], [2171, 1076], [2169, 1074], [2168, 1074], [2166, 1072], [2165, 1072], [2164, 1071], [2163, 1071], [2162, 1070], [2161, 1070], [2160, 1069], [2159, 1069], [2158, 1068], [2156, 1068], [2155, 1067], [2153, 1067], [2152, 1066], [2150, 1066], [2149, 1065], [2147, 1065], [2146, 1064], [2145, 1064], [2144, 1063], [2143, 1063], [2142, 1062], [2141, 1062], [2140, 1061], [2138, 1061], [2137, 1060], [2136, 1060], [2135, 1059], [2134, 1059], [2133, 1058], [2131, 1058], [2130, 1057], [2129, 1057], [2128, 1056], [2127, 1056], [2125, 1054], [2124, 1054], [2123, 1053], [2122, 1053], [2121, 1052], [2119, 1052], [2118, 1051]]]",
Polygon 75,mask,"[[[3073, 1937], [3072, 1938], [3070, 1938], [3069, 1939], [3067, 1939], [3066, 1940], [3063, 1940], [3062, 1941], [3060, 1941], [3059, 1942], [3057, 1942], [3056, 1943], [3054, 1943], [3053, 1944], [3050, 1944], [3049, 1945], [3046, 1945], [3045, 1946], [3044, 1946], [3043, 1947], [3041, 1947], [3040, 1948], [3039, 1948], [3038, 1949], [3037, 1949], [3036, 1950], [3035, 1950], [3030, 1955], [3029, 1955], [3026, 1958], [3025, 1958], [3022, 1961], [3021, 1961], [3018, 1964], [3017, 1964], [3008, 1973], [3007, 1973], [3001, 1979], [3001, 1980], [2997, 1984], [2996, 1984], [2996, 1985], [2991, 1990], [2991, 1991], [2990, 1992], [2990, 1993], [2989, 1994], [2989, 1995], [2988, 1996], [2988, 1997], [2987, 1998], [2987, 2000], [2986, 2001], [2986, 2002], [2985, 2003], [2985, 2004], [2984, 2005], [2984, 2006], [2982, 2008], [2982, 2009], [2977, 2014], [2977, 2015], [2974, 2018], [2974, 2019], [2973, 2020], [2973, 2022], [2972, 2023], [2972, 2026], [2973, 2027], [2973, 2038], [2976, 2041], [2976, 2042], [2978, 2044], [2979, 2044], [2985, 2050], [2985, 2051], [2990, 2056], [2990, 2057], [2994, 2061], [2994, 2062], [3003, 2071], [3003, 2072], [3007, 2076], [3007, 2077], [3014, 2084], [3014, 2085], [3015, 2085], [3019, 2089], [3019, 2090], [3025, 2096], [3025, 2097], [3028, 2100], [3028, 2101], [3033, 2106], [3033, 2107], [3037, 2111], [3037, 2112], [3040, 2115], [3040, 2116], [3041, 2116], [3052, 2127], [3052, 2128], [3058, 2134], [3058, 2135], [3062, 2139], [3062, 2140], [3067, 2145], [3067, 2146], [3071, 2150], [3071, 2151], [3075, 2155], [3075, 2156], [3080, 2161], [3080, 2162], [3090, 2172], [3090, 2173], [3092, 2175], [3093, 2175], [3095, 2177], [3096, 2177], [3098, 2179], [3099, 2179], [3100, 2180], [3101, 2180], [3102, 2181], [3103, 2181], [3104, 2182], [3105, 2182], [3106, 2183], [3107, 2183], [3108, 2184], [3109, 2184], [3111, 2186], [3113, 2186], [3114, 2187], [3115, 2187], [3116, 2188], [3123, 2188], [3124, 2189], [3130, 2189], [3131, 2190], [3135, 2190], [3136, 2191], [3139, 2191], [3140, 2192], [3144, 2192], [3145, 2193], [3150, 2193], [3151, 2194], [3170, 2194], [3171, 2193], [3173, 2193], [3174, 2192], [3175, 2192], [3178, 2189], [3179, 2189], [3182, 2186], [3183, 2186], [3186, 2183], [3187, 2183], [3189, 2181], [3190, 2181], [3199, 2172], [3199, 2171], [3201, 2169], [3201, 2168], [3202, 2167], [3202, 2166], [3204, 2164], [3204, 2163], [3205, 2162], [3205, 2161], [3206, 2160], [3206, 2158], [3207, 2157], [3207, 2156], [3208, 2155], [3208, 2153], [3209, 2152], [3209, 2150], [3210, 2149], [3210, 2147], [3211, 2146], [3211, 2144], [3212, 2143], [3212, 2140], [3213, 2139], [3213, 2137], [3214, 2136], [3214, 2131], [3215, 2130], [3215, 2126], [3216, 2125], [3216, 2121], [3217, 2120], [3217, 2117], [3218, 2116], [3218, 2112], [3219, 2111], [3219, 2107], [3220, 2106], [3220, 2103], [3221, 2102], [3221, 2096], [3220, 2095], [3220, 2092], [3219, 2091], [3219, 2089], [3218, 2088], [3218, 2086], [3217, 2085], [3217, 2084], [3216, 2083], [3216, 2082], [3212, 2078], [3212, 2077], [3205, 2070], [3205, 2069], [3188, 2052], [3188, 2051], [3183, 2046], [3183, 2045], [3168, 2030], [3167, 2030], [3162, 2025], [3162, 2024], [3151, 2013], [3151, 2012], [3146, 2007], [3146, 2006], [3143, 2003], [3143, 2002], [3137, 1996], [3137, 1995], [3117, 1975], [3117, 1974], [3115, 1972], [3115, 1971], [3113, 1969], [3113, 1968], [3112, 1967], [3112, 1966], [3110, 1964], [3110, 1963], [3108, 1961], [3108, 1960], [3103, 1955], [3103, 1954], [3099, 1950], [3099, 1949], [3097, 1947], [3097, 1946], [3092, 1941], [3091, 1941], [3090, 1940], [3089, 1940], [3088, 1939], [3086, 1939], [3085, 1938], [3082, 1938], [3081, 1937]]]",
Polygon 76,mask,"[[[1823, 2022], [1822, 2023], [1812, 2023], [1811, 2024], [1808, 2024], [1803, 2029], [1803, 2030], [1802, 2031], [1802, 2032], [1801, 2033], [1801, 2034], [1800, 2035], [1800, 2036], [1799, 2037], [1799, 2038], [1798, 2039], [1798, 2041], [1797, 2042], [1797, 2043], [1796, 2044], [1796, 2046], [1795, 2047], [1795, 2048], [1794, 2049], [1794, 2050], [1793, 2051], [1793, 2052], [1792, 2053], [1792, 2054], [1791, 2055], [1791, 2056], [1790, 2057], [1790, 2058], [1789, 2059], [1789, 2060], [1788, 2061], [1788, 2063], [1787, 2064], [1787, 2066], [1786, 2067], [1786, 2070], [1785, 2071], [1785, 2073], [1784, 2074], [1784, 2079], [1783, 2080], [1783, 2091], [1782, 2092], [1782, 2102], [1781, 2103], [1781, 2125], [1782, 2126], [1782, 2131], [1783, 2132], [1783, 2135], [1784, 2136], [1784, 2138], [1785, 2139], [1785, 2140], [1786, 2141], [1786, 2142], [1787, 2143], [1787, 2144], [1788, 2145], [1788, 2146], [1789, 2147], [1789, 2148], [1790, 2149], [1790, 2151], [1791, 2152], [1791, 2153], [1792, 2154], [1792, 2156], [1793, 2157], [1793, 2159], [1794, 2160], [1794, 2161], [1795, 2162], [1795, 2163], [1797, 2165], [1797, 2166], [1802, 2171], [1803, 2171], [1804, 2172], [1805, 2172], [1806, 2173], [1809, 2173], [1810, 2174], [1819, 2174], [1820, 2175], [1918, 2175], [1919, 2174], [1968, 2174], [1969, 2175], [1989, 2175], [1990, 2174], [1995, 2174], [1996, 2173], [1999, 2173], [2000, 2172], [2002, 2172], [2003, 2171], [2004, 2171], [2006, 2169], [2007, 2169], [2009, 2167], [2010, 2167], [2011, 2166], [2012, 2166], [2014, 2164], [2015, 2164], [2017, 2162], [2018, 2162], [2019, 2161], [2020, 2161], [2022, 2159], [2023, 2159], [2041, 2141], [2042, 2141], [2051, 2132], [2051, 2131], [2056, 2126], [2056, 2125], [2060, 2121], [2060, 2120], [2061, 2119], [2061, 2117], [2062, 2116], [2062, 2102], [2061, 2101], [2061, 2097], [2060, 2096], [2060, 2095], [2059, 2094], [2059, 2092], [2058, 2091], [2058, 2090], [2057, 2089], [2057, 2087], [2056, 2086], [2056, 2085], [2055, 2084], [2055, 2082], [2054, 2081], [2054, 2080], [2053, 2079], [2053, 2078], [2052, 2077], [2052, 2076], [2051, 2075], [2051, 2074], [2050, 2073], [2050, 2072], [2049, 2071], [2049, 2070], [2048, 2069], [2048, 2068], [2047, 2067], [2047, 2066], [2046, 2065], [2046, 2064], [2044, 2062], [2044, 2061], [2042, 2059], [2042, 2058], [2040, 2056], [2039, 2056], [2035, 2052], [2035, 2051], [2030, 2046], [2030, 2045], [2027, 2042], [2027, 2041], [2024, 2038], [2024, 2037], [2022, 2035], [2022, 2034], [2020, 2032], [2020, 2031], [2014, 2025], [2013, 2025], [2012, 2024], [2011, 2024], [2010, 2023], [2007, 2023], [2006, 2022], [1978, 2022], [1977, 2023], [1966, 2023], [1965, 2024], [1949, 2024], [1948, 2023], [1939, 2023], [1938, 2024], [1893, 2024], [1892, 2025], [1872, 2025], [1871, 2024], [1840, 2024], [1839, 2023], [1828, 2023], [1827, 2022]]]",
Polygon 77,mask,"[[[2741, 2204], [2740, 2205], [2739, 2205], [2738, 2206], [2736, 2206], [2735, 2207], [2734, 2207], [2733, 2208], [2732, 2208], [2731, 2209], [2730, 2209], [2729, 2210], [2728, 2210], [2727, 2211], [2726, 2211], [2724, 2213], [2723, 2213], [2722, 2214], [2721, 2214], [2718, 2217], [2717, 2217], [2716, 2218], [2715, 2218], [2714, 2219], [2713, 2219], [2712, 2220], [2711, 2220], [2710, 2221], [2708, 2221], [2707, 2222], [2706, 2222], [2705, 2223], [2704, 2223], [2703, 2224], [2701, 2224], [2700, 2225], [2699, 2225], [2698, 2226], [2697, 2226], [2696, 2227], [2695, 2227], [2694, 2228], [2693, 2228], [2692, 2229], [2691, 2229], [2690, 2230], [2689, 2230], [2688, 2231], [2687, 2231], [2686, 2232], [2685, 2232], [2684, 2233], [2683, 2233], [2682, 2234], [2681, 2234], [2679, 2236], [2678, 2236], [2676, 2238], [2674, 2238], [2672, 2240], [2671, 2240], [2670, 2241], [2669, 2241], [2668, 2242], [2667, 2242], [2666, 2243], [2665, 2243], [2664, 2244], [2663, 2244], [2661, 2246], [2660, 2246], [2659, 2247], [2658, 2247], [2657, 2248], [2656, 2248], [2655, 2249], [2654, 2249], [2653, 2250], [2652, 2250], [2651, 2251], [2650, 2251], [2649, 2252], [2647, 2252], [2646, 2253], [2645, 2253], [2643, 2255], [2642, 2255], [2641, 2256], [2640, 2256], [2639, 2257], [2638, 2257], [2637, 2258], [2636, 2258], [2634, 2260], [2633, 2260], [2632, 2261], [2630, 2261], [2629, 2262], [2627, 2262], [2626, 2263], [2625, 2263], [2624, 2264], [2623, 2264], [2622, 2265], [2620, 2265], [2619, 2266], [2618, 2266], [2617, 2267], [2616, 2267], [2615, 2268], [2613, 2268], [2612, 2269], [2610, 2269], [2609, 2270], [2608, 2270], [2607, 2271], [2605, 2271], [2604, 2272], [2603, 2272], [2602, 2273], [2601, 2273], [2600, 2274], [2599, 2274], [2598, 2275], [2597, 2275], [2596, 2276], [2594, 2276], [2593, 2277], [2591, 2277], [2590, 2278], [2589, 2278], [2588, 2279], [2587, 2279], [2586, 2280], [2584, 2280], [2583, 2281], [2582, 2281], [2581, 2282], [2580, 2282], [2579, 2283], [2578, 2283], [2577, 2284], [2576, 2284], [2575, 2285], [2574, 2285], [2573, 2286], [2571, 2286], [2569, 2288], [2568, 2288], [2566, 2290], [2565, 2290], [2564, 2291], [2564, 2292], [2563, 2293], [2563, 2294], [2562, 2295], [2562, 2296], [2561, 2297], [2561, 2318], [2562, 2319], [2562, 2336], [2563, 2337], [2563, 2343], [2564, 2344], [2564, 2349], [2565, 2350], [2565, 2353], [2566, 2354], [2566, 2355], [2567, 2356], [2567, 2358], [2568, 2359], [2568, 2360], [2569, 2361], [2569, 2363], [2570, 2364], [2570, 2366], [2571, 2367], [2571, 2369], [2572, 2370], [2572, 2372], [2573, 2373], [2573, 2375], [2574, 2376], [2574, 2377], [2575, 2378], [2575, 2379], [2576, 2380], [2576, 2381], [2577, 2382], [2577, 2383], [2578, 2384], [2578, 2385], [2579, 2386], [2579, 2388], [2580, 2389], [2580, 2390], [2581, 2391], [2581, 2392], [2582, 2393], [2582, 2394], [2583, 2395], [2583, 2396], [2585, 2398], [2585, 2399], [2590, 2404], [2591, 2404], [2593, 2406], [2594, 2406], [2596, 2408], [2597, 2408], [2599, 2410], [2600, 2410], [2606, 2416], [2606, 2417], [2612, 2423], [2613, 2423], [2614, 2424], [2615, 2424], [2616, 2425], [2618, 2425], [2619, 2426], [2621, 2426], [2622, 2427], [2626, 2427], [2627, 2426], [2630, 2426], [2631, 2425], [2632, 2425], [2633, 2424], [2634, 2424], [2635, 2423], [2636, 2423], [2637, 2422], [2639, 2422], [2640, 2421], [2641, 2421], [2642, 2420], [2643, 2420], [2644, 2419], [2646, 2419], [2647, 2418], [2648, 2418], [2649, 2417], [2651, 2417], [2652, 2416], [2654, 2416], [2655, 2415], [2657, 2415], [2658, 2414], [2660, 2414], [2661, 2413], [2662, 2413], [2663, 2412], [2664, 2412], [2665, 2411], [2667, 2411], [2668, 2410], [2669, 2410], [2670, 2409], [2671, 2409], [2672, 2408], [2673, 2408], [2674, 2407], [2675, 2407], [2676, 2406], [2677, 2406], [2678, 2405], [2679, 2405], [2680, 2404], [2682, 2404], [2683, 2403], [2684, 2403], [2685, 2402], [2687, 2402], [2688, 2401], [2689, 2401], [2691, 2399], [2692, 2399], [2693, 2398], [2694, 2398], [2695, 2397], [2696, 2397], [2697, 2396], [2698, 2396], [2699, 2395], [2700, 2395], [2702, 2393], [2703, 2393], [2704, 2392], [2705, 2392], [2707, 2390], [2708, 2390], [2711, 2387], [2712, 2387], [2713, 2386], [2714, 2386], [2716, 2384], [2717, 2384], [2718, 2383], [2719, 2383], [2720, 2382], [2721, 2382], [2722, 2381], [2723, 2381], [2724, 2380], [2725, 2380], [2726, 2379], [2728, 2379], [2729, 2378], [2730, 2378], [2731, 2377], [2733, 2377], [2734, 2376], [2736, 2376], [2737, 2375], [2740, 2375], [2741, 2374], [2742, 2374], [2743, 2373], [2744, 2373], [2745, 2372], [2746, 2372], [2747, 2371], [2748, 2371], [2749, 2370], [2750, 2370], [2752, 2368], [2753, 2368], [2754, 2367], [2755, 2367], [2756, 2366], [2758, 2366], [2759, 2365], [2760, 2365], [2761, 2364], [2762, 2364], [2763, 2363], [2764, 2363], [2765, 2362], [2766, 2362], [2767, 2361], [2768, 2361], [2769, 2360], [2770, 2360], [2771, 2359], [2772, 2359], [2773, 2358], [2774, 2358], [2775, 2357], [2776, 2357], [2777, 2356], [2779, 2356], [2780, 2355], [2781, 2355], [2782, 2354], [2783, 2354], [2785, 2352], [2786, 2352], [2787, 2351], [2788, 2351], [2789, 2350], [2790, 2350], [2793, 2347], [2794, 2347], [2796, 2345], [2797, 2345], [2798, 2344], [2799, 2344], [2807, 2336], [2807, 2335], [2808, 2334], [2808, 2333], [2809, 2332], [2809, 2331], [2810, 2330], [2810, 2328], [2811, 2327], [2811, 2325], [2812, 2324], [2812, 2322], [2813, 2321], [2813, 2320], [2814, 2319], [2814, 2317], [2815, 2316], [2815, 2314], [2816, 2313], [2816, 2312], [2817, 2311], [2817, 2309], [2818, 2308], [2818, 2307], [2819, 2306], [2819, 2305], [2820, 2304], [2820, 2303], [2822, 2301], [2822, 2300], [2824, 2298], [2824, 2297], [2825, 2296], [2825, 2295], [2826, 2294], [2826, 2293], [2827, 2292], [2827, 2291], [2828, 2290], [2828, 2289], [2829, 2288], [2829, 2287], [2830, 2286], [2830, 2284], [2831, 2283], [2831, 2282], [2832, 2281], [2832, 2279], [2833, 2278], [2833, 2273], [2832, 2272], [2832, 2271], [2831, 2270], [2831, 2268], [2830, 2267], [2830, 2265], [2829, 2264], [2829, 2261], [2828, 2260], [2828, 2258], [2827, 2257], [2827, 2255], [2826, 2254], [2826, 2253], [2825, 2252], [2825, 2251], [2823, 2249], [2823, 2248], [2820, 2245], [2820, 2244], [2817, 2241], [2816, 2241], [2813, 2238], [2812, 2238], [2810, 2236], [2809, 2236], [2807, 2234], [2806, 2234], [2804, 2232], [2803, 2232], [2802, 2231], [2801, 2231], [2800, 2230], [2799, 2230], [2798, 2229], [2797, 2229], [2796, 2228], [2795, 2228], [2794, 2227], [2793, 2227], [2791, 2225], [2790, 2225], [2789, 2224], [2788, 2224], [2785, 2221], [2784, 2221], [2782, 2219], [2781, 2219], [2780, 2218], [2779, 2218], [2778, 2217], [2777, 2217], [2775, 2215], [2774, 2215], [2772, 2213], [2771, 2213], [2770, 2212], [2769, 2212], [2766, 2209], [2765, 2209], [2763, 2207], [2762, 2207], [2761, 2206], [2759, 2206], [2758, 2205], [2753, 2205], [2752, 2204]]]",
Polygon 78,mask,"[[[2291, 736], [2290, 737], [2287, 737], [2286, 738], [2284, 738], [2283, 739], [2281, 739], [2280, 740], [2277, 740], [2276, 741], [2273, 741], [2272, 742], [2269, 742], [2268, 743], [2266, 743], [2265, 744], [2262, 744], [2261, 745], [2258, 745], [2257, 746], [2255, 746], [2254, 747], [2251, 747], [2250, 748], [2248, 748], [2247, 749], [2244, 749], [2243, 750], [2241, 750], [2240, 751], [2238, 751], [2237, 752], [2234, 752], [2233, 753], [2230, 753], [2229, 754], [2225, 754], [2224, 755], [2221, 755], [2220, 756], [2217, 756], [2216, 757], [2213, 757], [2212, 758], [2209, 758], [2208, 759], [2205, 759], [2204, 760], [2201, 760], [2200, 761], [2196, 761], [2195, 762], [2191, 762], [2190, 763], [2185, 763], [2184, 764], [2179, 764], [2178, 765], [2174, 765], [2173, 766], [2170, 766], [2169, 767], [2166, 767], [2165, 768], [2161, 768], [2160, 769], [2156, 769], [2155, 770], [2152, 770], [2151, 771], [2147, 771], [2146, 772], [2143, 772], [2142, 773], [2139, 773], [2138, 774], [2134, 774], [2133, 775], [2128, 775], [2127, 776], [2121, 776], [2120, 777], [2114, 777], [2113, 778], [2110, 778], [2109, 779], [2107, 779], [2106, 780], [2105, 780], [2101, 784], [2101, 785], [2100, 786], [2100, 788], [2099, 789], [2099, 793], [2098, 794], [2098, 800], [2097, 801], [2097, 805], [2096, 806], [2096, 808], [2095, 809], [2095, 811], [2094, 812], [2094, 815], [2093, 816], [2093, 826], [2092, 827], [2093, 828], [2093, 844], [2094, 845], [2094, 852], [2095, 853], [2095, 857], [2096, 858], [2096, 862], [2097, 863], [2097, 866], [2098, 867], [2098, 873], [2099, 874], [2099, 880], [2100, 881], [2100, 885], [2101, 886], [2101, 889], [2102, 890], [2102, 892], [2103, 893], [2103, 895], [2104, 896], [2104, 898], [2105, 899], [2105, 900], [2108, 903], [2108, 904], [2109, 905], [2110, 905], [2114, 909], [2115, 909], [2116, 910], [2116, 911], [2118, 913], [2118, 914], [2120, 916], [2120, 917], [2125, 922], [2126, 922], [2128, 924], [2130, 924], [2131, 925], [2132, 925], [2133, 926], [2134, 926], [2135, 927], [2141, 927], [2142, 926], [2144, 926], [2145, 925], [2148, 925], [2149, 924], [2155, 924], [2156, 923], [2161, 923], [2162, 922], [2166, 922], [2167, 921], [2172, 921], [2173, 920], [2177, 920], [2178, 919], [2182, 919], [2183, 918], [2186, 918], [2187, 917], [2191, 917], [2192, 916], [2195, 916], [2196, 915], [2198, 915], [2199, 914], [2202, 914], [2203, 913], [2205, 913], [2206, 912], [2209, 912], [2210, 911], [2214, 911], [2215, 910], [2218, 910], [2219, 909], [2222, 909], [2223, 908], [2227, 908], [2228, 907], [2232, 907], [2233, 906], [2237, 906], [2238, 905], [2241, 905], [2242, 904], [2246, 904], [2247, 903], [2251, 903], [2252, 902], [2256, 902], [2257, 901], [2260, 901], [2261, 900], [2264, 900], [2265, 899], [2268, 899], [2269, 898], [2272, 898], [2273, 897], [2276, 897], [2277, 896], [2280, 896], [2281, 895], [2285, 895], [2286, 894], [2289, 894], [2290, 893], [2295, 893], [2296, 892], [2300, 892], [2301, 891], [2306, 891], [2307, 890], [2310, 890], [2311, 889], [2314, 889], [2315, 888], [2318, 888], [2319, 887], [2321, 887], [2322, 886], [2324, 886], [2325, 885], [2326, 885], [2328, 883], [2329, 883], [2331, 881], [2331, 880], [2335, 876], [2335, 875], [2341, 869], [2341, 868], [2345, 864], [2345, 863], [2348, 860], [2348, 859], [2352, 855], [2352, 854], [2356, 850], [2356, 849], [2360, 845], [2360, 844], [2364, 840], [2364, 839], [2371, 832], [2371, 829], [2372, 828], [2372, 827], [2371, 826], [2371, 825], [2370, 824], [2370, 823], [2369, 822], [2369, 821], [2368, 820], [2368, 818], [2367, 817], [2367, 814], [2366, 813], [2366, 811], [2365, 810], [2365, 809], [2364, 808], [2364, 807], [2363, 806], [2363, 804], [2362, 803], [2362, 801], [2361, 800], [2361, 797], [2360, 796], [2360, 792], [2359, 791], [2359, 788], [2358, 787], [2358, 785], [2357, 784], [2357, 783], [2356, 782], [2356, 781], [2355, 780], [2355, 779], [2344, 768], [2343, 768], [2337, 762], [2336, 762], [2330, 756], [2329, 756], [2325, 752], [2324, 752], [2310, 738], [2307, 738], [2306, 737], [2303, 737], [2302, 736]]]",
Polygon 79,mask,"[[[2621, 3073], [2620, 3074], [2616, 3074], [2615, 3075], [2610, 3075], [2609, 3076], [2607, 3076], [2606, 3077], [2604, 3077], [2602, 3079], [2601, 3079], [2599, 3081], [2598, 3081], [2596, 3083], [2595, 3083], [2592, 3086], [2591, 3086], [2585, 3092], [2585, 3093], [2583, 3095], [2583, 3096], [2581, 3098], [2581, 3099], [2580, 3100], [2580, 3101], [2578, 3103], [2578, 3104], [2577, 3105], [2577, 3106], [2576, 3107], [2576, 3108], [2575, 3109], [2575, 3110], [2574, 3111], [2574, 3112], [2573, 3113], [2573, 3115], [2572, 3116], [2572, 3117], [2571, 3118], [2571, 3120], [2570, 3121], [2570, 3122], [2569, 3123], [2569, 3125], [2568, 3126], [2568, 3127], [2567, 3128], [2567, 3130], [2566, 3131], [2566, 3132], [2565, 3133], [2565, 3135], [2564, 3136], [2564, 3139], [2563, 3140], [2563, 3142], [2562, 3143], [2562, 3145], [2561, 3146], [2561, 3147], [2560, 3148], [2560, 3149], [2559, 3150], [2559, 3152], [2558, 3153], [2558, 3155], [2557, 3156], [2557, 3173], [2558, 3174], [2558, 3176], [2560, 3178], [2560, 3179], [2562, 3181], [2562, 3182], [2564, 3184], [2564, 3185], [2567, 3188], [2567, 3189], [2570, 3192], [2570, 3193], [2573, 3196], [2573, 3197], [2576, 3200], [2576, 3201], [2578, 3203], [2578, 3204], [2580, 3206], [2580, 3207], [2581, 3208], [2581, 3209], [2582, 3210], [2582, 3211], [2583, 3212], [2583, 3213], [2584, 3214], [2584, 3215], [2586, 3217], [2586, 3218], [2587, 3219], [2587, 3220], [2589, 3222], [2589, 3223], [2591, 3225], [2591, 3226], [2592, 3227], [2592, 3228], [2593, 3229], [2593, 3230], [2595, 3232], [2595, 3233], [2597, 3235], [2597, 3236], [2599, 3238], [2599, 3239], [2601, 3241], [2601, 3242], [2603, 3244], [2603, 3245], [2605, 3247], [2605, 3248], [2607, 3250], [2607, 3251], [2608, 3252], [2608, 3253], [2609, 3254], [2609, 3255], [2611, 3257], [2611, 3258], [2613, 3260], [2613, 3261], [2615, 3263], [2615, 3264], [2617, 3266], [2617, 3267], [2619, 3269], [2619, 3270], [2620, 3271], [2620, 3272], [2621, 3273], [2621, 3274], [2622, 3275], [2622, 3276], [2623, 3277], [2623, 3278], [2625, 3280], [2625, 3281], [2628, 3284], [2628, 3285], [2631, 3288], [2631, 3289], [2632, 3290], [2632, 3291], [2633, 3292], [2633, 3293], [2634, 3294], [2634, 3297], [2635, 3298], [2635, 3299], [2636, 3300], [2636, 3302], [2637, 3303], [2637, 3304], [2638, 3305], [2638, 3306], [2642, 3310], [2642, 3311], [2645, 3314], [2645, 3315], [2648, 3318], [2648, 3319], [2651, 3322], [2651, 3323], [2658, 3330], [2659, 3330], [2663, 3334], [2665, 3334], [2666, 3335], [2678, 3335], [2679, 3334], [2684, 3334], [2685, 3333], [2687, 3333], [2688, 3332], [2689, 3332], [2690, 3331], [2691, 3331], [2692, 3330], [2693, 3330], [2694, 3329], [2695, 3329], [2696, 3328], [2698, 3328], [2699, 3327], [2700, 3327], [2701, 3326], [2704, 3326], [2705, 3325], [2711, 3325], [2712, 3324], [2717, 3324], [2718, 3323], [2723, 3323], [2724, 3322], [2729, 3322], [2730, 3321], [2738, 3321], [2739, 3320], [2742, 3320], [2743, 3319], [2744, 3319], [2745, 3318], [2746, 3318], [2748, 3316], [2749, 3316], [2750, 3315], [2751, 3315], [2753, 3313], [2754, 3313], [2755, 3312], [2756, 3312], [2757, 3311], [2758, 3311], [2760, 3309], [2761, 3309], [2762, 3308], [2763, 3308], [2769, 3302], [2770, 3302], [2781, 3291], [2781, 3290], [2783, 3288], [2783, 3287], [2784, 3286], [2784, 3285], [2785, 3284], [2785, 3283], [2786, 3282], [2786, 3280], [2787, 3279], [2787, 3278], [2788, 3277], [2788, 3276], [2789, 3275], [2789, 3273], [2790, 3272], [2790, 3267], [2789, 3266], [2789, 3263], [2788, 3262], [2788, 3260], [2787, 3259], [2787, 3257], [2786, 3256], [2786, 3255], [2785, 3254], [2785, 3253], [2784, 3252], [2784, 3251], [2783, 3250], [2783, 3249], [2782, 3248], [2782, 3247], [2780, 3245], [2780, 3244], [2777, 3241], [2777, 3240], [2775, 3238], [2775, 3237], [2773, 3235], [2773, 3234], [2772, 3233], [2772, 3232], [2771, 3231], [2771, 3230], [2770, 3229], [2770, 3228], [2769, 3227], [2769, 3225], [2768, 3224], [2768, 3223], [2766, 3221], [2766, 3220], [2763, 3217], [2763, 3216], [2761, 3214], [2761, 3213], [2760, 3212], [2760, 3211], [2759, 3210], [2759, 3208], [2758, 3207], [2758, 3205], [2757, 3204], [2757, 3202], [2756, 3201], [2756, 3200], [2755, 3199], [2755, 3198], [2754, 3197], [2754, 3196], [2753, 3195], [2753, 3194], [2751, 3192], [2751, 3191], [2750, 3190], [2750, 3189], [2748, 3187], [2748, 3186], [2745, 3183], [2745, 3182], [2744, 3181], [2744, 3180], [2743, 3179], [2743, 3178], [2741, 3176], [2741, 3175], [2739, 3173], [2739, 3172], [2737, 3170], [2737, 3169], [2734, 3166], [2734, 3165], [2731, 3162], [2731, 3161], [2728, 3158], [2728, 3157], [2726, 3155], [2726, 3154], [2724, 3152], [2724, 3151], [2723, 3150], [2723, 3149], [2721, 3147], [2721, 3146], [2720, 3145], [2720, 3144], [2719, 3143], [2719, 3142], [2718, 3141], [2718, 3140], [2717, 3139], [2717, 3137], [2715, 3135], [2715, 3134], [2714, 3133], [2714, 3132], [2713, 3131], [2713, 3130], [2711, 3128], [2711, 3127], [2710, 3126], [2710, 3125], [2709, 3124], [2709, 3123], [2707, 3121], [2707, 3120], [2706, 3119], [2706, 3118], [2705, 3117], [2705, 3116], [2704, 3115], [2704, 3114], [2703, 3113], [2703, 3112], [2702, 3111], [2702, 3110], [2699, 3107], [2699, 3106], [2691, 3098], [2690, 3098], [2687, 3095], [2686, 3095], [2685, 3094], [2684, 3094], [2682, 3092], [2681, 3092], [2680, 3091], [2679, 3091], [2678, 3090], [2677, 3090], [2675, 3088], [2674, 3088], [2673, 3087], [2672, 3087], [2670, 3085], [2669, 3085], [2668, 3084], [2667, 3084], [2666, 3083], [2665, 3083], [2664, 3082], [2662, 3082], [2661, 3081], [2659, 3081], [2658, 3080], [2657, 3080], [2656, 3079], [2654, 3079], [2653, 3078], [2651, 3078], [2650, 3077], [2646, 3077], [2645, 3076], [2641, 3076], [2640, 3075], [2636, 3075], [2635, 3074], [2631, 3074], [2630, 3073]]]",
Polygon 80,mask,"[[[436, 2623], [435, 2624], [432, 2624], [431, 2625], [428, 2625], [427, 2626], [423, 2626], [422, 2627], [401, 2627], [400, 2628], [398, 2628], [392, 2634], [392, 2635], [390, 2637], [390, 2638], [389, 2639], [389, 2640], [388, 2641], [388, 2642], [387, 2643], [387, 2644], [386, 2645], [386, 2648], [385, 2649], [385, 2653], [384, 2654], [384, 2657], [383, 2658], [383, 2661], [382, 2662], [382, 2664], [381, 2665], [381, 2667], [380, 2668], [380, 2669], [379, 2670], [379, 2671], [378, 2672], [378, 2674], [377, 2675], [377, 2677], [376, 2678], [376, 2679], [375, 2680], [375, 2682], [374, 2683], [374, 2684], [373, 2685], [373, 2686], [372, 2687], [372, 2688], [371, 2689], [371, 2690], [370, 2691], [370, 2692], [369, 2693], [369, 2694], [368, 2695], [368, 2696], [367, 2697], [367, 2698], [366, 2699], [366, 2700], [365, 2701], [365, 2702], [364, 2703], [364, 2704], [363, 2705], [363, 2707], [362, 2708], [362, 2709], [361, 2710], [361, 2712], [360, 2713], [360, 2714], [359, 2715], [359, 2717], [358, 2718], [358, 2719], [357, 2720], [357, 2722], [356, 2723], [356, 2725], [355, 2726], [355, 2728], [354, 2729], [354, 2731], [353, 2732], [353, 2734], [352, 2735], [352, 2737], [351, 2738], [351, 2739], [350, 2740], [350, 2742], [349, 2743], [349, 2744], [348, 2745], [348, 2746], [347, 2747], [347, 2748], [346, 2749], [346, 2750], [345, 2751], [345, 2752], [343, 2754], [343, 2755], [342, 2756], [342, 2757], [340, 2759], [340, 2760], [339, 2761], [339, 2762], [338, 2763], [338, 2764], [337, 2765], [337, 2766], [336, 2767], [336, 2768], [334, 2770], [334, 2771], [333, 2772], [333, 2773], [332, 2774], [332, 2775], [331, 2776], [331, 2777], [329, 2779], [329, 2780], [328, 2781], [328, 2782], [327, 2783], [327, 2784], [326, 2785], [326, 2786], [325, 2787], [325, 2788], [324, 2789], [324, 2791], [323, 2792], [323, 2793], [322, 2794], [322, 2795], [321, 2796], [321, 2797], [320, 2798], [320, 2800], [319, 2801], [319, 2804], [318, 2805], [318, 2809], [317, 2810], [317, 2816], [316, 2817], [316, 2824], [317, 2825], [317, 2829], [318, 2830], [318, 2834], [319, 2835], [319, 2840], [320, 2841], [320, 2844], [321, 2845], [321, 2847], [322, 2848], [322, 2849], [323, 2850], [323, 2852], [324, 2853], [324, 2855], [325, 2856], [325, 2857], [326, 2858], [326, 2859], [327, 2860], [327, 2861], [328, 2862], [328, 2864], [329, 2865], [329, 2866], [330, 2867], [330, 2869], [331, 2870], [331, 2871], [332, 2872], [332, 2875], [333, 2876], [333, 2878], [334, 2879], [334, 2880], [336, 2882], [336, 2883], [344, 2891], [345, 2891], [346, 2892], [347, 2892], [349, 2894], [350, 2894], [351, 2895], [352, 2895], [353, 2896], [355, 2896], [356, 2897], [357, 2897], [358, 2898], [362, 2898], [363, 2899], [383, 2899], [384, 2898], [388, 2898], [389, 2897], [392, 2897], [393, 2896], [397, 2896], [398, 2895], [401, 2895], [402, 2894], [405, 2894], [406, 2893], [409, 2893], [410, 2892], [413, 2892], [414, 2891], [418, 2891], [419, 2890], [422, 2890], [423, 2889], [426, 2889], [427, 2888], [430, 2888], [431, 2887], [435, 2887], [436, 2886], [439, 2886], [440, 2885], [442, 2885], [443, 2884], [445, 2884], [446, 2883], [447, 2883], [449, 2881], [450, 2881], [453, 2878], [453, 2877], [454, 2876], [454, 2875], [455, 2874], [455, 2873], [456, 2872], [456, 2870], [457, 2869], [457, 2867], [458, 2866], [458, 2863], [459, 2862], [459, 2860], [460, 2859], [460, 2857], [461, 2856], [461, 2854], [462, 2853], [462, 2851], [463, 2850], [463, 2848], [464, 2847], [464, 2846], [465, 2845], [465, 2844], [466, 2843], [466, 2841], [467, 2840], [467, 2839], [468, 2838], [468, 2836], [469, 2835], [469, 2833], [470, 2832], [470, 2831], [471, 2830], [471, 2828], [472, 2827], [472, 2826], [473, 2825], [473, 2823], [474, 2822], [474, 2820], [475, 2819], [475, 2818], [476, 2817], [476, 2815], [477, 2814], [477, 2812], [478, 2811], [478, 2810], [479, 2809], [479, 2808], [480, 2807], [480, 2806], [481, 2805], [481, 2803], [482, 2802], [482, 2800], [483, 2799], [483, 2798], [484, 2797], [484, 2796], [485, 2795], [485, 2793], [486, 2792], [486, 2791], [487, 2790], [487, 2789], [488, 2788], [488, 2787], [489, 2786], [489, 2784], [490, 2783], [490, 2782], [491, 2781], [491, 2779], [492, 2778], [492, 2776], [493, 2775], [493, 2774], [494, 2773], [494, 2772], [495, 2771], [495, 2769], [496, 2768], [496, 2767], [497, 2766], [497, 2765], [498, 2764], [498, 2763], [499, 2762], [499, 2761], [500, 2760], [500, 2758], [501, 2757], [501, 2756], [502, 2755], [502, 2754], [503, 2753], [503, 2752], [504, 2751], [504, 2750], [505, 2749], [505, 2748], [506, 2747], [506, 2746], [507, 2745], [507, 2744], [509, 2742], [509, 2741], [510, 2740], [510, 2739], [511, 2738], [511, 2737], [512, 2736], [512, 2735], [513, 2734], [513, 2733], [514, 2732], [514, 2731], [515, 2730], [515, 2729], [516, 2728], [516, 2727], [517, 2726], [517, 2724], [518, 2723], [518, 2722], [519, 2721], [519, 2720], [520, 2719], [520, 2717], [521, 2716], [521, 2715], [522, 2714], [522, 2713], [523, 2712], [523, 2711], [524, 2710], [524, 2709], [525, 2708], [525, 2707], [526, 2706], [526, 2704], [527, 2703], [527, 2687], [526, 2686], [526, 2684], [525, 2683], [525, 2682], [513, 2670], [512, 2670], [509, 2667], [509, 2666], [506, 2663], [506, 2662], [504, 2660], [504, 2659], [499, 2654], [498, 2654], [497, 2653], [496, 2653], [495, 2652], [494, 2652], [493, 2651], [491, 2651], [490, 2650], [489, 2650], [488, 2649], [487, 2649], [485, 2647], [484, 2647], [483, 2646], [482, 2646], [481, 2645], [480, 2645], [478, 2643], [477, 2643], [475, 2641], [474, 2641], [472, 2639], [471, 2639], [469, 2637], [468, 2637], [466, 2635], [465, 2635], [464, 2634], [463, 2634], [461, 2632], [460, 2632], [459, 2631], [458, 2631], [457, 2630], [456, 2630], [455, 2629], [454, 2629], [453, 2628], [452, 2628], [451, 2627], [450, 2627], [449, 2626], [448, 2626], [447, 2625], [446, 2625], [445, 2624], [443, 2624], [442, 2623]]]",
Polygon 81,mask,"[[[2253, 1940], [2252, 1941], [2249, 1941], [2248, 1942], [2247, 1942], [2246, 1943], [2244, 1943], [2243, 1944], [2241, 1944], [2240, 1945], [2238, 1945], [2237, 1946], [2236, 1946], [2235, 1947], [2234, 1947], [2233, 1948], [2231, 1948], [2230, 1949], [2229, 1949], [2228, 1950], [2227, 1950], [2226, 1951], [2225, 1951], [2224, 1952], [2222, 1952], [2221, 1953], [2220, 1953], [2219, 1954], [2217, 1954], [2216, 1955], [2215, 1955], [2214, 1956], [2212, 1956], [2211, 1957], [2210, 1957], [2209, 1958], [2207, 1958], [2206, 1959], [2204, 1959], [2203, 1960], [2201, 1960], [2200, 1961], [2198, 1961], [2197, 1962], [2195, 1962], [2194, 1963], [2192, 1963], [2191, 1964], [2189, 1964], [2188, 1965], [2185, 1965], [2184, 1966], [2182, 1966], [2181, 1967], [2179, 1967], [2178, 1968], [2176, 1968], [2175, 1969], [2173, 1969], [2172, 1970], [2171, 1970], [2170, 1971], [2168, 1971], [2167, 1972], [2165, 1972], [2164, 1973], [2163, 1973], [2162, 1974], [2160, 1974], [2159, 1975], [2157, 1975], [2156, 1976], [2154, 1976], [2153, 1977], [2151, 1977], [2150, 1978], [2148, 1978], [2147, 1979], [2145, 1979], [2144, 1980], [2142, 1980], [2141, 1981], [2139, 1981], [2138, 1982], [2136, 1982], [2135, 1983], [2132, 1983], [2131, 1984], [2128, 1984], [2127, 1985], [2124, 1985], [2123, 1986], [2120, 1986], [2119, 1987], [2116, 1987], [2115, 1988], [2113, 1988], [2112, 1989], [2110, 1989], [2109, 1990], [2107, 1990], [2106, 1991], [2105, 1991], [2104, 1992], [2102, 1992], [2101, 1993], [2099, 1993], [2098, 1994], [2096, 1994], [2095, 1995], [2094, 1995], [2093, 1996], [2091, 1996], [2090, 1997], [2088, 1997], [2087, 1998], [2085, 1998], [2084, 1999], [2082, 1999], [2081, 2000], [2079, 2000], [2078, 2001], [2076, 2001], [2075, 2002], [2073, 2002], [2072, 2003], [2071, 2003], [2070, 2004], [2069, 2004], [2067, 2006], [2066, 2006], [2065, 2007], [2065, 2008], [2062, 2011], [2062, 2013], [2061, 2014], [2061, 2016], [2060, 2017], [2060, 2020], [2059, 2021], [2059, 2027], [2058, 2028], [2058, 2035], [2057, 2036], [2057, 2046], [2056, 2047], [2056, 2063], [2057, 2064], [2057, 2066], [2058, 2067], [2058, 2069], [2059, 2070], [2059, 2074], [2060, 2075], [2060, 2078], [2061, 2079], [2061, 2082], [2062, 2083], [2062, 2085], [2063, 2086], [2063, 2088], [2064, 2089], [2064, 2091], [2065, 2092], [2065, 2094], [2066, 2095], [2066, 2098], [2067, 2099], [2067, 2102], [2068, 2103], [2068, 2106], [2069, 2107], [2069, 2109], [2070, 2110], [2070, 2111], [2071, 2112], [2071, 2113], [2072, 2114], [2072, 2115], [2074, 2117], [2074, 2118], [2076, 2120], [2077, 2120], [2079, 2122], [2080, 2122], [2081, 2123], [2082, 2123], [2089, 2130], [2089, 2131], [2091, 2133], [2091, 2134], [2092, 2135], [2092, 2136], [2093, 2137], [2093, 2138], [2094, 2139], [2094, 2140], [2095, 2141], [2095, 2142], [2096, 2143], [2096, 2144], [2097, 2145], [2098, 2145], [2101, 2148], [2102, 2147], [2108, 2147], [2109, 2146], [2117, 2146], [2118, 2145], [2122, 2145], [2123, 2144], [2126, 2144], [2127, 2143], [2129, 2143], [2130, 2142], [2132, 2142], [2133, 2141], [2135, 2141], [2136, 2140], [2138, 2140], [2139, 2139], [2140, 2139], [2141, 2138], [2143, 2138], [2144, 2137], [2145, 2137], [2146, 2136], [2147, 2136], [2148, 2135], [2149, 2135], [2150, 2134], [2151, 2134], [2152, 2133], [2153, 2133], [2154, 2132], [2156, 2132], [2157, 2131], [2159, 2131], [2160, 2130], [2162, 2130], [2163, 2129], [2164, 2129], [2165, 2128], [2167, 2128], [2168, 2127], [2170, 2127], [2171, 2126], [2172, 2126], [2173, 2125], [2175, 2125], [2176, 2124], [2179, 2124], [2180, 2123], [2183, 2123], [2184, 2122], [2189, 2122], [2190, 2121], [2195, 2121], [2196, 2120], [2198, 2120], [2199, 2119], [2201, 2119], [2202, 2118], [2204, 2118], [2205, 2117], [2207, 2117], [2208, 2116], [2210, 2116], [2211, 2115], [2213, 2115], [2214, 2114], [2216, 2114], [2217, 2113], [2219, 2113], [2220, 2112], [2222, 2112], [2223, 2111], [2224, 2111], [2225, 2110], [2227, 2110], [2228, 2109], [2230, 2109], [2231, 2108], [2233, 2108], [2234, 2107], [2235, 2107], [2236, 2106], [2238, 2106], [2239, 2105], [2241, 2105], [2242, 2104], [2244, 2104], [2245, 2103], [2248, 2103], [2249, 2102], [2252, 2102], [2253, 2101], [2256, 2101], [2257, 2100], [2259, 2100], [2260, 2099], [2262, 2099], [2263, 2098], [2265, 2098], [2266, 2097], [2268, 2097], [2269, 2096], [2271, 2096], [2272, 2095], [2273, 2095], [2274, 2094], [2276, 2094], [2277, 2093], [2278, 2093], [2279, 2092], [2280, 2092], [2281, 2091], [2282, 2091], [2283, 2090], [2284, 2090], [2286, 2088], [2287, 2088], [2288, 2087], [2289, 2087], [2290, 2086], [2291, 2086], [2292, 2085], [2293, 2085], [2294, 2084], [2295, 2084], [2297, 2082], [2298, 2082], [2308, 2072], [2308, 2071], [2311, 2068], [2311, 2067], [2313, 2065], [2313, 2064], [2315, 2062], [2315, 2061], [2316, 2060], [2316, 2059], [2317, 2058], [2317, 2057], [2318, 2056], [2318, 2054], [2319, 2053], [2319, 2052], [2320, 2051], [2320, 2050], [2321, 2049], [2321, 2048], [2323, 2046], [2323, 2045], [2324, 2044], [2324, 2043], [2327, 2040], [2327, 2039], [2328, 2038], [2328, 2037], [2330, 2035], [2330, 2033], [2331, 2032], [2331, 2030], [2332, 2029], [2332, 2027], [2333, 2026], [2333, 2015], [2332, 2014], [2332, 2010], [2331, 2009], [2331, 2005], [2330, 2004], [2330, 2001], [2329, 2000], [2329, 1998], [2328, 1997], [2328, 1996], [2327, 1995], [2327, 1994], [2326, 1993], [2326, 1992], [2324, 1990], [2324, 1989], [2317, 1982], [2316, 1982], [2315, 1981], [2314, 1981], [2312, 1979], [2311, 1979], [2310, 1978], [2309, 1978], [2307, 1976], [2306, 1976], [2303, 1973], [2302, 1973], [2298, 1969], [2297, 1969], [2293, 1965], [2292, 1965], [2290, 1963], [2289, 1963], [2286, 1960], [2285, 1960], [2282, 1957], [2281, 1957], [2274, 1950], [2273, 1950], [2270, 1947], [2269, 1947], [2267, 1945], [2266, 1945], [2265, 1944], [2264, 1944], [2263, 1943], [2262, 1943], [2261, 1942], [2260, 1942], [2259, 1941], [2255, 1941], [2254, 1940]]]",
Polygon 82,mask,"[[[1178, 3231], [1177, 3232], [1173, 3232], [1172, 3233], [1167, 3233], [1166, 3234], [1161, 3234], [1160, 3235], [1158, 3235], [1157, 3236], [1155, 3236], [1154, 3237], [1152, 3237], [1151, 3238], [1148, 3238], [1147, 3239], [1144, 3239], [1143, 3240], [1139, 3240], [1138, 3241], [1135, 3241], [1134, 3242], [1132, 3242], [1131, 3243], [1129, 3243], [1128, 3244], [1126, 3244], [1125, 3245], [1123, 3245], [1122, 3246], [1120, 3246], [1119, 3247], [1118, 3247], [1117, 3248], [1115, 3248], [1114, 3249], [1112, 3249], [1111, 3250], [1110, 3250], [1109, 3251], [1107, 3251], [1106, 3252], [1104, 3252], [1103, 3253], [1101, 3253], [1100, 3254], [1098, 3254], [1097, 3255], [1095, 3255], [1094, 3256], [1092, 3256], [1091, 3257], [1089, 3257], [1088, 3258], [1086, 3258], [1085, 3259], [1083, 3259], [1082, 3260], [1080, 3260], [1079, 3261], [1078, 3261], [1077, 3262], [1075, 3262], [1074, 3263], [1072, 3263], [1071, 3264], [1070, 3264], [1069, 3265], [1067, 3265], [1066, 3266], [1064, 3266], [1063, 3267], [1059, 3267], [1058, 3268], [1052, 3268], [1051, 3269], [1044, 3269], [1043, 3270], [1040, 3270], [1039, 3271], [1036, 3271], [1035, 3272], [1031, 3272], [1030, 3273], [1025, 3273], [1024, 3274], [1020, 3274], [1019, 3275], [1017, 3275], [1016, 3276], [1014, 3276], [1013, 3277], [1012, 3277], [1011, 3278], [1009, 3278], [1008, 3279], [1007, 3279], [1006, 3280], [1004, 3280], [1003, 3281], [1002, 3281], [1001, 3282], [1000, 3282], [999, 3283], [998, 3283], [996, 3285], [995, 3285], [994, 3286], [993, 3286], [992, 3287], [991, 3287], [990, 3288], [989, 3288], [988, 3289], [987, 3289], [985, 3291], [984, 3291], [974, 3301], [974, 3302], [972, 3304], [972, 3305], [971, 3306], [971, 3307], [969, 3309], [969, 3310], [968, 3311], [968, 3312], [966, 3314], [966, 3315], [963, 3318], [963, 3319], [958, 3324], [958, 3325], [954, 3329], [954, 3330], [952, 3332], [952, 3333], [950, 3335], [950, 3337], [949, 3338], [949, 3339], [948, 3340], [948, 3342], [947, 3343], [947, 3344], [946, 3345], [946, 3353], [947, 3354], [947, 3359], [948, 3360], [948, 3367], [949, 3368], [949, 3371], [950, 3372], [950, 3373], [952, 3375], [952, 3376], [954, 3378], [954, 3379], [962, 3387], [963, 3387], [968, 3392], [969, 3392], [974, 3397], [975, 3397], [979, 3401], [980, 3401], [983, 3404], [984, 3404], [987, 3407], [988, 3407], [994, 3413], [995, 3413], [1004, 3422], [1005, 3422], [1008, 3425], [1010, 3425], [1011, 3426], [1012, 3426], [1013, 3427], [1014, 3427], [1015, 3428], [1016, 3428], [1017, 3429], [1019, 3429], [1020, 3430], [1029, 3430], [1030, 3429], [1032, 3429], [1033, 3428], [1035, 3428], [1036, 3427], [1038, 3427], [1039, 3426], [1041, 3426], [1042, 3425], [1044, 3425], [1045, 3424], [1047, 3424], [1048, 3423], [1049, 3423], [1050, 3422], [1052, 3422], [1053, 3421], [1056, 3421], [1057, 3420], [1059, 3420], [1060, 3419], [1063, 3419], [1064, 3418], [1066, 3418], [1067, 3417], [1069, 3417], [1070, 3416], [1072, 3416], [1073, 3415], [1075, 3415], [1076, 3414], [1078, 3414], [1079, 3413], [1081, 3413], [1082, 3412], [1084, 3412], [1085, 3411], [1087, 3411], [1088, 3410], [1089, 3410], [1090, 3409], [1092, 3409], [1093, 3408], [1094, 3408], [1095, 3407], [1096, 3407], [1097, 3406], [1099, 3406], [1100, 3405], [1101, 3405], [1102, 3404], [1104, 3404], [1105, 3403], [1108, 3403], [1109, 3402], [1112, 3402], [1113, 3401], [1117, 3401], [1118, 3400], [1121, 3400], [1122, 3399], [1125, 3399], [1126, 3398], [1128, 3398], [1129, 3397], [1131, 3397], [1132, 3396], [1135, 3396], [1136, 3395], [1138, 3395], [1139, 3394], [1142, 3394], [1143, 3393], [1147, 3393], [1148, 3392], [1152, 3392], [1153, 3391], [1158, 3391], [1159, 3390], [1162, 3390], [1163, 3389], [1167, 3389], [1168, 3388], [1171, 3388], [1172, 3387], [1177, 3387], [1178, 3386], [1183, 3386], [1184, 3385], [1188, 3385], [1189, 3384], [1193, 3384], [1194, 3383], [1200, 3383], [1201, 3382], [1205, 3382], [1206, 3381], [1208, 3381], [1209, 3380], [1210, 3380], [1211, 3379], [1212, 3379], [1213, 3378], [1214, 3378], [1217, 3375], [1217, 3373], [1218, 3372], [1218, 3370], [1219, 3369], [1219, 3365], [1220, 3364], [1220, 3361], [1221, 3360], [1221, 3357], [1222, 3356], [1222, 3353], [1223, 3352], [1223, 3348], [1224, 3347], [1224, 3340], [1225, 3339], [1225, 3318], [1224, 3317], [1224, 3292], [1223, 3291], [1223, 3288], [1222, 3287], [1222, 3285], [1221, 3284], [1221, 3281], [1220, 3280], [1220, 3278], [1219, 3277], [1219, 3275], [1218, 3274], [1218, 3273], [1217, 3272], [1217, 3271], [1215, 3269], [1215, 3268], [1209, 3262], [1209, 3261], [1205, 3257], [1205, 3256], [1202, 3253], [1202, 3252], [1201, 3251], [1201, 3250], [1200, 3249], [1200, 3248], [1199, 3247], [1199, 3246], [1198, 3245], [1198, 3244], [1197, 3243], [1197, 3242], [1195, 3240], [1195, 3239], [1190, 3234], [1189, 3234], [1188, 3233], [1187, 3233], [1186, 3232], [1184, 3232], [1183, 3231]]]",
Polygon 83,mask,"[[[1900, 987], [1899, 988], [1896, 988], [1895, 989], [1892, 989], [1891, 990], [1889, 990], [1888, 991], [1886, 991], [1883, 994], [1882, 994], [1876, 1000], [1876, 1001], [1861, 1016], [1860, 1016], [1849, 1027], [1848, 1027], [1834, 1041], [1833, 1041], [1827, 1047], [1826, 1047], [1823, 1050], [1822, 1050], [1816, 1056], [1815, 1056], [1804, 1067], [1803, 1067], [1798, 1072], [1797, 1072], [1789, 1080], [1788, 1080], [1780, 1088], [1779, 1088], [1774, 1093], [1773, 1093], [1770, 1096], [1769, 1096], [1765, 1100], [1764, 1100], [1760, 1104], [1759, 1104], [1756, 1107], [1755, 1107], [1753, 1109], [1752, 1109], [1750, 1111], [1749, 1111], [1747, 1113], [1746, 1113], [1741, 1118], [1741, 1119], [1740, 1120], [1740, 1122], [1739, 1123], [1739, 1126], [1740, 1127], [1740, 1130], [1741, 1131], [1741, 1135], [1742, 1136], [1742, 1140], [1743, 1141], [1743, 1144], [1744, 1145], [1744, 1148], [1745, 1149], [1745, 1152], [1746, 1153], [1746, 1155], [1747, 1156], [1747, 1159], [1748, 1160], [1748, 1163], [1749, 1164], [1749, 1166], [1750, 1167], [1750, 1169], [1752, 1171], [1752, 1172], [1753, 1173], [1753, 1174], [1755, 1176], [1755, 1177], [1757, 1179], [1757, 1180], [1759, 1182], [1759, 1183], [1760, 1184], [1760, 1186], [1761, 1187], [1761, 1188], [1762, 1189], [1762, 1191], [1764, 1193], [1764, 1194], [1766, 1196], [1766, 1197], [1772, 1203], [1772, 1204], [1776, 1208], [1777, 1208], [1784, 1215], [1785, 1215], [1786, 1216], [1787, 1216], [1789, 1218], [1790, 1218], [1791, 1219], [1793, 1219], [1794, 1220], [1796, 1220], [1797, 1221], [1799, 1221], [1800, 1222], [1803, 1222], [1804, 1223], [1805, 1223], [1807, 1225], [1808, 1225], [1811, 1228], [1812, 1228], [1816, 1232], [1817, 1232], [1820, 1235], [1821, 1235], [1822, 1236], [1823, 1236], [1824, 1237], [1829, 1237], [1830, 1236], [1832, 1236], [1833, 1235], [1834, 1235], [1835, 1234], [1836, 1234], [1837, 1233], [1838, 1233], [1839, 1232], [1840, 1232], [1851, 1221], [1852, 1221], [1857, 1216], [1858, 1216], [1861, 1213], [1862, 1213], [1864, 1211], [1865, 1211], [1868, 1208], [1869, 1208], [1872, 1205], [1873, 1205], [1875, 1203], [1876, 1203], [1879, 1200], [1880, 1200], [1884, 1196], [1885, 1196], [1908, 1173], [1909, 1173], [1924, 1158], [1925, 1158], [1930, 1153], [1931, 1153], [1937, 1147], [1938, 1147], [1943, 1142], [1944, 1142], [1946, 1140], [1947, 1140], [1950, 1137], [1951, 1137], [1953, 1135], [1954, 1135], [1958, 1131], [1959, 1131], [1965, 1125], [1966, 1125], [1975, 1116], [1975, 1115], [1980, 1110], [1980, 1109], [1982, 1107], [1982, 1106], [1983, 1105], [1983, 1103], [1984, 1102], [1984, 1099], [1985, 1098], [1985, 1095], [1986, 1094], [1986, 1092], [1987, 1091], [1987, 1089], [1988, 1088], [1988, 1087], [1989, 1086], [1989, 1083], [1990, 1082], [1990, 1061], [1991, 1060], [1991, 1058], [1992, 1057], [1992, 1054], [1993, 1053], [1993, 1050], [1994, 1049], [1994, 1046], [1995, 1045], [1995, 1040], [1994, 1039], [1994, 1035], [1993, 1034], [1993, 1030], [1992, 1029], [1992, 1027], [1989, 1024], [1989, 1023], [1988, 1022], [1987, 1022], [1977, 1012], [1976, 1012], [1973, 1009], [1972, 1009], [1970, 1007], [1969, 1007], [1968, 1006], [1967, 1006], [1965, 1004], [1964, 1004], [1962, 1002], [1961, 1002], [1960, 1001], [1959, 1001], [1958, 1000], [1957, 1000], [1956, 999], [1954, 999], [1953, 998], [1951, 998], [1950, 997], [1946, 997], [1945, 996], [1940, 996], [1939, 995], [1934, 995], [1933, 994], [1926, 994], [1925, 993], [1921, 993], [1920, 992], [1917, 992], [1916, 991], [1914, 991], [1913, 990], [1911, 990], [1910, 989], [1908, 989], [1907, 988], [1904, 988], [1903, 987]]]",
Polygon 84,mask,"[[[786, 1029], [785, 1030], [781, 1030], [780, 1031], [776, 1031], [775, 1032], [772, 1032], [771, 1033], [769, 1033], [768, 1034], [766, 1034], [765, 1035], [763, 1035], [762, 1036], [760, 1036], [759, 1037], [756, 1037], [755, 1038], [752, 1038], [751, 1039], [748, 1039], [747, 1040], [745, 1040], [744, 1041], [741, 1041], [740, 1042], [737, 1042], [736, 1043], [734, 1043], [733, 1044], [731, 1044], [730, 1045], [727, 1045], [726, 1046], [722, 1046], [721, 1047], [718, 1047], [717, 1048], [714, 1048], [713, 1049], [710, 1049], [709, 1050], [707, 1050], [706, 1051], [704, 1051], [703, 1052], [701, 1052], [700, 1053], [698, 1053], [697, 1054], [695, 1054], [694, 1055], [693, 1055], [692, 1056], [690, 1056], [689, 1057], [687, 1057], [686, 1058], [683, 1058], [682, 1059], [680, 1059], [679, 1060], [676, 1060], [675, 1061], [672, 1061], [671, 1062], [668, 1062], [667, 1063], [664, 1063], [663, 1064], [660, 1064], [659, 1065], [655, 1065], [654, 1066], [651, 1066], [650, 1067], [648, 1067], [647, 1068], [644, 1068], [643, 1069], [640, 1069], [639, 1070], [636, 1070], [635, 1071], [629, 1071], [628, 1072], [622, 1072], [621, 1073], [615, 1073], [614, 1074], [611, 1074], [610, 1075], [607, 1075], [606, 1076], [604, 1076], [603, 1077], [601, 1077], [600, 1078], [598, 1078], [596, 1080], [595, 1080], [593, 1082], [593, 1084], [592, 1085], [592, 1089], [591, 1090], [591, 1099], [590, 1100], [590, 1106], [589, 1107], [589, 1111], [588, 1112], [588, 1116], [587, 1117], [587, 1122], [586, 1123], [586, 1141], [587, 1142], [587, 1147], [588, 1148], [588, 1152], [589, 1153], [589, 1158], [590, 1159], [590, 1164], [591, 1165], [591, 1168], [592, 1169], [592, 1172], [593, 1173], [593, 1176], [594, 1177], [594, 1179], [595, 1180], [595, 1182], [596, 1183], [596, 1186], [597, 1187], [597, 1189], [598, 1190], [598, 1191], [599, 1192], [599, 1193], [601, 1195], [601, 1196], [604, 1199], [605, 1199], [612, 1206], [612, 1207], [613, 1208], [613, 1209], [615, 1211], [615, 1212], [616, 1213], [616, 1215], [617, 1216], [617, 1217], [619, 1219], [620, 1219], [621, 1220], [622, 1220], [623, 1221], [624, 1221], [625, 1222], [628, 1222], [629, 1223], [636, 1223], [637, 1222], [639, 1222], [640, 1221], [642, 1221], [643, 1220], [645, 1220], [646, 1219], [649, 1219], [650, 1218], [653, 1218], [654, 1217], [656, 1217], [657, 1216], [659, 1216], [660, 1215], [662, 1215], [663, 1214], [665, 1214], [666, 1213], [668, 1213], [669, 1212], [670, 1212], [671, 1211], [673, 1211], [674, 1210], [676, 1210], [677, 1209], [679, 1209], [680, 1208], [682, 1208], [683, 1207], [685, 1207], [686, 1206], [687, 1206], [688, 1205], [689, 1205], [690, 1204], [692, 1204], [693, 1203], [713, 1203], [714, 1202], [716, 1202], [717, 1201], [718, 1201], [719, 1200], [721, 1200], [722, 1199], [726, 1199], [727, 1198], [731, 1198], [732, 1197], [736, 1197], [737, 1196], [741, 1196], [742, 1195], [747, 1195], [748, 1194], [753, 1194], [754, 1193], [764, 1193], [765, 1192], [772, 1192], [773, 1191], [776, 1191], [777, 1190], [779, 1190], [780, 1189], [783, 1189], [784, 1188], [785, 1188], [786, 1187], [788, 1187], [789, 1186], [791, 1186], [792, 1185], [793, 1185], [794, 1184], [796, 1184], [797, 1183], [799, 1183], [800, 1182], [802, 1182], [803, 1181], [806, 1181], [807, 1180], [809, 1180], [810, 1179], [811, 1179], [812, 1178], [813, 1178], [814, 1177], [815, 1177], [816, 1176], [817, 1176], [818, 1175], [819, 1175], [821, 1173], [822, 1173], [823, 1172], [824, 1172], [826, 1170], [827, 1170], [831, 1166], [832, 1166], [837, 1161], [837, 1160], [840, 1157], [840, 1156], [842, 1154], [842, 1153], [843, 1152], [843, 1151], [844, 1150], [844, 1149], [846, 1147], [846, 1145], [847, 1144], [847, 1143], [848, 1142], [848, 1140], [849, 1139], [849, 1138], [850, 1137], [850, 1136], [851, 1135], [851, 1134], [853, 1132], [853, 1131], [859, 1125], [859, 1124], [863, 1120], [863, 1114], [864, 1113], [864, 1100], [863, 1099], [863, 1097], [862, 1096], [862, 1094], [861, 1093], [861, 1092], [860, 1091], [860, 1089], [859, 1088], [859, 1086], [858, 1085], [858, 1084], [857, 1083], [857, 1082], [854, 1079], [854, 1078], [850, 1074], [849, 1074], [835, 1060], [834, 1060], [833, 1059], [832, 1059], [823, 1050], [823, 1049], [814, 1040], [814, 1039], [810, 1035], [809, 1035], [807, 1033], [806, 1033], [805, 1032], [803, 1032], [802, 1031], [800, 1031], [799, 1030], [796, 1030], [795, 1029]]]",
Polygon 85,mask,"[[[1807, 1494], [1806, 1495], [1804, 1495], [1803, 1496], [1802, 1496], [1801, 1497], [1800, 1497], [1798, 1499], [1797, 1499], [1795, 1501], [1794, 1501], [1793, 1502], [1791, 1502], [1790, 1503], [1789, 1503], [1788, 1504], [1787, 1504], [1786, 1505], [1785, 1505], [1784, 1506], [1783, 1506], [1781, 1508], [1780, 1508], [1779, 1509], [1778, 1509], [1777, 1510], [1776, 1510], [1775, 1511], [1774, 1511], [1773, 1512], [1772, 1512], [1771, 1513], [1770, 1513], [1769, 1514], [1767, 1514], [1766, 1515], [1764, 1515], [1763, 1516], [1762, 1516], [1761, 1517], [1760, 1517], [1759, 1518], [1757, 1518], [1756, 1519], [1755, 1519], [1754, 1520], [1752, 1520], [1751, 1521], [1749, 1521], [1748, 1522], [1747, 1522], [1746, 1523], [1745, 1523], [1744, 1524], [1743, 1524], [1741, 1526], [1740, 1526], [1739, 1527], [1738, 1527], [1737, 1528], [1736, 1528], [1735, 1529], [1734, 1529], [1733, 1530], [1731, 1530], [1730, 1531], [1729, 1531], [1727, 1533], [1726, 1533], [1725, 1534], [1724, 1534], [1723, 1535], [1721, 1535], [1719, 1537], [1718, 1537], [1717, 1538], [1716, 1538], [1715, 1539], [1714, 1539], [1713, 1540], [1712, 1540], [1711, 1541], [1710, 1541], [1709, 1542], [1708, 1542], [1707, 1543], [1706, 1543], [1705, 1544], [1704, 1544], [1703, 1545], [1702, 1545], [1700, 1547], [1699, 1547], [1698, 1548], [1697, 1548], [1696, 1549], [1695, 1549], [1694, 1550], [1693, 1550], [1692, 1551], [1691, 1551], [1690, 1552], [1689, 1552], [1688, 1553], [1687, 1553], [1686, 1554], [1685, 1554], [1684, 1555], [1683, 1555], [1682, 1556], [1681, 1556], [1680, 1557], [1679, 1557], [1678, 1558], [1677, 1558], [1676, 1559], [1675, 1559], [1674, 1560], [1673, 1560], [1672, 1561], [1671, 1561], [1670, 1562], [1669, 1562], [1667, 1564], [1666, 1564], [1665, 1565], [1664, 1565], [1662, 1567], [1661, 1567], [1660, 1568], [1659, 1568], [1658, 1569], [1657, 1569], [1655, 1571], [1654, 1571], [1653, 1572], [1652, 1572], [1651, 1573], [1649, 1573], [1648, 1574], [1647, 1574], [1646, 1575], [1645, 1575], [1644, 1576], [1643, 1576], [1642, 1577], [1641, 1577], [1639, 1579], [1638, 1579], [1632, 1585], [1632, 1586], [1630, 1588], [1630, 1589], [1629, 1590], [1629, 1591], [1628, 1592], [1628, 1593], [1627, 1594], [1627, 1596], [1626, 1597], [1626, 1598], [1625, 1599], [1625, 1600], [1624, 1601], [1624, 1602], [1623, 1603], [1623, 1604], [1622, 1605], [1622, 1606], [1620, 1608], [1620, 1609], [1619, 1610], [1619, 1612], [1618, 1613], [1618, 1615], [1617, 1616], [1617, 1618], [1616, 1619], [1616, 1621], [1615, 1622], [1615, 1624], [1614, 1625], [1614, 1627], [1613, 1628], [1613, 1634], [1614, 1635], [1614, 1637], [1615, 1638], [1615, 1640], [1616, 1641], [1616, 1642], [1617, 1643], [1617, 1644], [1618, 1645], [1618, 1646], [1619, 1647], [1619, 1648], [1621, 1650], [1621, 1651], [1624, 1654], [1624, 1655], [1628, 1659], [1628, 1660], [1631, 1663], [1631, 1664], [1633, 1666], [1633, 1667], [1634, 1668], [1634, 1669], [1635, 1670], [1635, 1671], [1636, 1672], [1636, 1673], [1637, 1674], [1637, 1675], [1639, 1677], [1639, 1678], [1640, 1679], [1640, 1680], [1641, 1681], [1641, 1682], [1642, 1683], [1642, 1684], [1644, 1686], [1644, 1687], [1657, 1700], [1658, 1700], [1661, 1703], [1662, 1703], [1664, 1705], [1665, 1705], [1666, 1706], [1667, 1706], [1668, 1707], [1669, 1707], [1670, 1708], [1671, 1708], [1672, 1709], [1673, 1709], [1674, 1710], [1675, 1710], [1677, 1712], [1678, 1712], [1679, 1713], [1680, 1713], [1681, 1714], [1682, 1714], [1684, 1716], [1685, 1716], [1686, 1717], [1687, 1717], [1688, 1718], [1690, 1718], [1691, 1719], [1692, 1719], [1693, 1718], [1702, 1718], [1703, 1717], [1706, 1717], [1707, 1716], [1708, 1716], [1709, 1715], [1710, 1715], [1712, 1713], [1713, 1713], [1715, 1711], [1716, 1711], [1718, 1709], [1719, 1709], [1721, 1707], [1722, 1707], [1723, 1706], [1724, 1706], [1725, 1705], [1726, 1705], [1727, 1704], [1728, 1704], [1729, 1703], [1730, 1703], [1732, 1701], [1733, 1701], [1734, 1700], [1735, 1700], [1736, 1699], [1737, 1699], [1738, 1698], [1739, 1698], [1740, 1697], [1741, 1697], [1742, 1696], [1743, 1696], [1744, 1695], [1745, 1695], [1746, 1694], [1747, 1694], [1748, 1693], [1749, 1693], [1750, 1692], [1751, 1692], [1752, 1691], [1753, 1691], [1755, 1689], [1756, 1689], [1757, 1688], [1758, 1688], [1759, 1687], [1761, 1687], [1762, 1686], [1763, 1686], [1764, 1685], [1765, 1685], [1766, 1684], [1767, 1684], [1768, 1683], [1769, 1683], [1770, 1682], [1771, 1682], [1773, 1680], [1774, 1680], [1775, 1679], [1776, 1679], [1777, 1678], [1778, 1678], [1779, 1677], [1780, 1677], [1781, 1676], [1782, 1676], [1783, 1675], [1784, 1675], [1785, 1674], [1786, 1674], [1787, 1673], [1788, 1673], [1789, 1672], [1790, 1672], [1791, 1671], [1792, 1671], [1793, 1670], [1794, 1670], [1795, 1669], [1796, 1669], [1797, 1668], [1798, 1668], [1799, 1667], [1800, 1667], [1801, 1666], [1802, 1666], [1803, 1665], [1804, 1665], [1805, 1664], [1806, 1664], [1807, 1663], [1808, 1663], [1809, 1662], [1810, 1662], [1812, 1660], [1813, 1660], [1814, 1659], [1815, 1659], [1816, 1658], [1817, 1658], [1818, 1657], [1819, 1657], [1820, 1656], [1821, 1656], [1822, 1655], [1823, 1655], [1824, 1654], [1825, 1654], [1826, 1653], [1827, 1653], [1828, 1652], [1829, 1652], [1830, 1651], [1831, 1651], [1833, 1649], [1834, 1649], [1835, 1648], [1836, 1648], [1837, 1647], [1839, 1647], [1840, 1646], [1841, 1646], [1842, 1645], [1843, 1645], [1844, 1644], [1845, 1644], [1846, 1643], [1847, 1643], [1848, 1642], [1849, 1642], [1850, 1641], [1851, 1641], [1852, 1640], [1853, 1640], [1854, 1639], [1856, 1639], [1857, 1638], [1858, 1638], [1859, 1637], [1861, 1637], [1862, 1636], [1864, 1636], [1865, 1635], [1867, 1635], [1868, 1634], [1869, 1634], [1870, 1633], [1871, 1633], [1877, 1627], [1877, 1625], [1878, 1624], [1878, 1620], [1879, 1619], [1879, 1612], [1880, 1611], [1880, 1606], [1879, 1605], [1879, 1587], [1878, 1586], [1878, 1579], [1877, 1578], [1877, 1573], [1876, 1572], [1876, 1569], [1875, 1568], [1875, 1565], [1874, 1564], [1874, 1562], [1873, 1561], [1873, 1560], [1872, 1559], [1872, 1558], [1871, 1557], [1871, 1555], [1870, 1554], [1870, 1553], [1869, 1552], [1869, 1550], [1868, 1549], [1868, 1546], [1867, 1545], [1867, 1543], [1866, 1542], [1866, 1540], [1865, 1539], [1865, 1538], [1864, 1537], [1864, 1536], [1863, 1535], [1863, 1534], [1862, 1533], [1862, 1532], [1861, 1531], [1861, 1530], [1860, 1529], [1860, 1528], [1858, 1526], [1858, 1525], [1856, 1523], [1856, 1522], [1851, 1517], [1850, 1517], [1847, 1514], [1846, 1514], [1844, 1512], [1843, 1512], [1838, 1507], [1837, 1507], [1834, 1504], [1834, 1503], [1829, 1498], [1829, 1497], [1828, 1496], [1827, 1496], [1826, 1495], [1824, 1495], [1823, 1494]]]",
Polygon 86,mask,"[[[1338, 2756], [1337, 2757], [1331, 2757], [1330, 2758], [1325, 2758], [1324, 2759], [1317, 2759], [1316, 2760], [1310, 2760], [1309, 2761], [1306, 2761], [1305, 2762], [1303, 2762], [1302, 2763], [1301, 2763], [1299, 2765], [1298, 2765], [1297, 2766], [1296, 2766], [1295, 2767], [1294, 2767], [1293, 2768], [1292, 2768], [1291, 2769], [1290, 2769], [1287, 2772], [1286, 2772], [1276, 2782], [1275, 2782], [1274, 2783], [1273, 2783], [1272, 2784], [1271, 2784], [1269, 2786], [1268, 2786], [1264, 2790], [1264, 2791], [1262, 2793], [1262, 2794], [1261, 2795], [1261, 2797], [1260, 2798], [1260, 2806], [1261, 2807], [1261, 2813], [1262, 2814], [1262, 2820], [1263, 2821], [1263, 2824], [1264, 2825], [1264, 2827], [1265, 2828], [1265, 2830], [1266, 2831], [1266, 2833], [1267, 2834], [1267, 2836], [1268, 2837], [1268, 2839], [1269, 2840], [1269, 2842], [1270, 2843], [1270, 2845], [1271, 2846], [1271, 2847], [1272, 2848], [1272, 2850], [1273, 2851], [1273, 2852], [1274, 2853], [1274, 2855], [1275, 2856], [1275, 2858], [1276, 2859], [1276, 2861], [1277, 2862], [1277, 2864], [1278, 2865], [1278, 2867], [1279, 2868], [1279, 2869], [1280, 2870], [1280, 2872], [1281, 2873], [1281, 2875], [1282, 2876], [1282, 2879], [1283, 2880], [1283, 2882], [1284, 2883], [1284, 2887], [1285, 2888], [1285, 2891], [1286, 2892], [1286, 2895], [1287, 2896], [1287, 2898], [1288, 2899], [1288, 2901], [1289, 2902], [1289, 2905], [1290, 2906], [1290, 2909], [1291, 2910], [1291, 2913], [1292, 2914], [1292, 2918], [1293, 2919], [1293, 2922], [1294, 2923], [1294, 2927], [1295, 2928], [1295, 2933], [1296, 2934], [1296, 2939], [1297, 2940], [1297, 2943], [1298, 2944], [1298, 2948], [1299, 2949], [1299, 2954], [1300, 2955], [1300, 2959], [1301, 2960], [1301, 2963], [1302, 2964], [1302, 2967], [1303, 2968], [1303, 2971], [1304, 2972], [1304, 2976], [1305, 2977], [1305, 2979], [1306, 2980], [1306, 2981], [1307, 2982], [1307, 2983], [1308, 2984], [1308, 2985], [1309, 2986], [1309, 2987], [1310, 2988], [1310, 2989], [1311, 2990], [1311, 2991], [1314, 2994], [1314, 2995], [1317, 2998], [1317, 2999], [1336, 3018], [1337, 3018], [1339, 3020], [1340, 3020], [1341, 3021], [1343, 3021], [1344, 3022], [1346, 3022], [1347, 3023], [1349, 3023], [1350, 3024], [1352, 3024], [1353, 3025], [1355, 3025], [1356, 3026], [1357, 3026], [1358, 3027], [1359, 3027], [1360, 3028], [1361, 3028], [1363, 3030], [1364, 3030], [1365, 3031], [1366, 3031], [1368, 3033], [1369, 3033], [1370, 3034], [1371, 3034], [1372, 3035], [1375, 3035], [1376, 3036], [1384, 3036], [1385, 3035], [1393, 3035], [1394, 3034], [1395, 3034], [1396, 3033], [1397, 3033], [1398, 3032], [1399, 3032], [1402, 3029], [1403, 3029], [1408, 3024], [1409, 3024], [1413, 3020], [1413, 3019], [1415, 3017], [1415, 3016], [1419, 3012], [1419, 3011], [1421, 3009], [1421, 3008], [1427, 3002], [1427, 3001], [1432, 2996], [1432, 2995], [1434, 2993], [1434, 2992], [1438, 2988], [1438, 2987], [1451, 2974], [1451, 2973], [1452, 2972], [1452, 2971], [1453, 2970], [1453, 2968], [1454, 2967], [1454, 2965], [1455, 2964], [1455, 2962], [1456, 2961], [1456, 2956], [1455, 2955], [1455, 2953], [1454, 2952], [1454, 2950], [1453, 2949], [1453, 2946], [1452, 2945], [1452, 2942], [1451, 2941], [1451, 2939], [1450, 2938], [1450, 2936], [1449, 2935], [1449, 2932], [1448, 2931], [1448, 2929], [1447, 2928], [1447, 2925], [1446, 2924], [1446, 2922], [1445, 2921], [1445, 2919], [1444, 2918], [1444, 2916], [1443, 2915], [1443, 2913], [1442, 2912], [1442, 2910], [1441, 2909], [1441, 2907], [1440, 2906], [1440, 2904], [1439, 2903], [1439, 2900], [1438, 2899], [1438, 2896], [1437, 2895], [1437, 2893], [1436, 2892], [1436, 2890], [1435, 2889], [1435, 2887], [1434, 2886], [1434, 2884], [1433, 2883], [1433, 2881], [1432, 2880], [1432, 2878], [1431, 2877], [1431, 2876], [1430, 2875], [1430, 2873], [1429, 2872], [1429, 2870], [1428, 2869], [1428, 2866], [1427, 2865], [1427, 2863], [1426, 2862], [1426, 2859], [1425, 2858], [1425, 2855], [1424, 2854], [1424, 2852], [1423, 2851], [1423, 2848], [1422, 2847], [1422, 2844], [1421, 2843], [1421, 2840], [1420, 2839], [1420, 2837], [1419, 2836], [1419, 2834], [1418, 2833], [1418, 2830], [1417, 2829], [1417, 2827], [1416, 2826], [1416, 2824], [1415, 2823], [1415, 2819], [1414, 2818], [1414, 2812], [1413, 2811], [1413, 2805], [1412, 2804], [1412, 2800], [1411, 2799], [1411, 2796], [1410, 2795], [1410, 2791], [1409, 2790], [1409, 2785], [1408, 2784], [1408, 2781], [1407, 2780], [1407, 2778], [1406, 2777], [1406, 2776], [1405, 2775], [1405, 2773], [1404, 2772], [1404, 2771], [1403, 2770], [1403, 2769], [1402, 2768], [1402, 2767], [1400, 2765], [1400, 2764], [1398, 2762], [1397, 2762], [1396, 2761], [1395, 2761], [1394, 2760], [1391, 2760], [1390, 2759], [1383, 2759], [1382, 2758], [1374, 2758], [1373, 2757], [1366, 2757], [1365, 2756]]]",
Polygon 87,mask,"[[[1084, 1849], [1083, 1850], [1079, 1850], [1078, 1851], [1076, 1851], [1075, 1852], [1072, 1852], [1071, 1853], [1068, 1853], [1067, 1854], [1064, 1854], [1063, 1855], [1059, 1855], [1058, 1856], [1054, 1856], [1053, 1857], [1049, 1857], [1048, 1858], [1045, 1858], [1044, 1859], [1042, 1859], [1041, 1860], [1039, 1860], [1038, 1861], [1036, 1861], [1035, 1862], [1032, 1862], [1031, 1863], [1029, 1863], [1028, 1864], [1025, 1864], [1024, 1865], [1022, 1865], [1021, 1866], [1018, 1866], [1017, 1867], [1013, 1867], [1012, 1868], [1009, 1868], [1008, 1869], [1006, 1869], [1005, 1870], [1003, 1870], [1002, 1871], [1000, 1871], [999, 1872], [997, 1872], [996, 1873], [994, 1873], [993, 1874], [991, 1874], [990, 1875], [988, 1875], [987, 1876], [985, 1876], [984, 1877], [982, 1877], [981, 1878], [979, 1878], [978, 1879], [976, 1879], [975, 1880], [973, 1880], [972, 1881], [969, 1881], [968, 1882], [965, 1882], [964, 1883], [962, 1883], [961, 1884], [958, 1884], [957, 1885], [954, 1885], [953, 1886], [950, 1886], [949, 1887], [946, 1887], [945, 1888], [943, 1888], [942, 1889], [939, 1889], [938, 1890], [935, 1890], [934, 1891], [930, 1891], [929, 1892], [927, 1892], [926, 1893], [924, 1893], [923, 1894], [921, 1894], [920, 1895], [919, 1895], [918, 1896], [917, 1896], [916, 1897], [914, 1897], [913, 1898], [912, 1898], [911, 1899], [910, 1899], [909, 1900], [908, 1900], [907, 1901], [906, 1901], [905, 1902], [904, 1902], [903, 1903], [902, 1903], [899, 1906], [898, 1906], [885, 1919], [885, 1920], [880, 1925], [880, 1926], [879, 1927], [879, 1928], [878, 1929], [878, 1930], [877, 1931], [877, 1932], [876, 1933], [876, 1934], [874, 1936], [874, 1937], [873, 1938], [873, 1939], [872, 1940], [872, 1941], [871, 1942], [871, 1944], [870, 1945], [870, 1947], [869, 1948], [869, 1950], [868, 1951], [868, 1952], [867, 1953], [867, 1955], [866, 1956], [866, 1958], [865, 1959], [865, 1961], [864, 1962], [864, 1973], [863, 1974], [863, 1980], [869, 1986], [870, 1986], [875, 1991], [876, 1991], [888, 2003], [889, 2003], [897, 2011], [898, 2011], [902, 2015], [903, 2015], [906, 2018], [907, 2018], [912, 2023], [913, 2023], [919, 2029], [920, 2029], [924, 2033], [925, 2033], [927, 2035], [928, 2035], [929, 2036], [930, 2036], [931, 2037], [934, 2037], [935, 2038], [937, 2038], [938, 2039], [940, 2039], [941, 2040], [943, 2040], [944, 2041], [966, 2041], [967, 2040], [970, 2040], [971, 2039], [973, 2039], [974, 2038], [976, 2038], [977, 2037], [979, 2037], [980, 2036], [982, 2036], [983, 2035], [985, 2035], [986, 2034], [989, 2034], [990, 2033], [992, 2033], [993, 2032], [994, 2032], [995, 2031], [998, 2031], [999, 2030], [1001, 2030], [1002, 2029], [1004, 2029], [1005, 2028], [1007, 2028], [1008, 2027], [1010, 2027], [1011, 2026], [1013, 2026], [1014, 2025], [1017, 2025], [1018, 2024], [1020, 2024], [1021, 2023], [1023, 2023], [1024, 2022], [1026, 2022], [1027, 2021], [1029, 2021], [1030, 2020], [1033, 2020], [1034, 2019], [1037, 2019], [1038, 2018], [1041, 2018], [1042, 2017], [1045, 2017], [1046, 2016], [1049, 2016], [1050, 2015], [1052, 2015], [1053, 2014], [1056, 2014], [1057, 2013], [1060, 2013], [1061, 2012], [1064, 2012], [1065, 2011], [1068, 2011], [1069, 2010], [1073, 2010], [1074, 2009], [1078, 2009], [1079, 2008], [1083, 2008], [1084, 2007], [1088, 2007], [1089, 2006], [1093, 2006], [1094, 2005], [1099, 2005], [1100, 2004], [1104, 2004], [1105, 2003], [1107, 2003], [1108, 2002], [1111, 2002], [1112, 2001], [1114, 2001], [1115, 2000], [1118, 2000], [1119, 1999], [1122, 1999], [1123, 1998], [1125, 1998], [1127, 1996], [1128, 1996], [1132, 1992], [1132, 1991], [1134, 1989], [1134, 1988], [1135, 1987], [1135, 1985], [1136, 1984], [1136, 1982], [1137, 1981], [1137, 1976], [1138, 1975], [1138, 1969], [1139, 1968], [1139, 1959], [1140, 1958], [1140, 1947], [1141, 1946], [1141, 1940], [1140, 1939], [1140, 1933], [1139, 1932], [1139, 1926], [1138, 1925], [1138, 1920], [1137, 1919], [1137, 1915], [1136, 1914], [1136, 1911], [1135, 1910], [1135, 1908], [1134, 1907], [1134, 1906], [1133, 1905], [1133, 1904], [1132, 1903], [1132, 1902], [1130, 1900], [1130, 1899], [1128, 1897], [1128, 1896], [1126, 1894], [1126, 1893], [1124, 1891], [1124, 1890], [1122, 1888], [1122, 1887], [1121, 1886], [1121, 1885], [1120, 1884], [1120, 1882], [1119, 1881], [1119, 1880], [1118, 1879], [1118, 1878], [1117, 1877], [1117, 1876], [1116, 1875], [1116, 1874], [1115, 1873], [1115, 1872], [1114, 1871], [1114, 1870], [1112, 1868], [1112, 1867], [1111, 1866], [1111, 1865], [1110, 1864], [1110, 1863], [1109, 1862], [1109, 1861], [1108, 1860], [1108, 1858], [1107, 1857], [1107, 1856], [1106, 1855], [1106, 1854], [1105, 1853], [1105, 1852], [1104, 1851], [1103, 1851], [1102, 1850], [1101, 1850], [1100, 1849]]]",
Polygon 88,mask,"[[[2974, 3582], [2973, 3583], [2969, 3583], [2968, 3584], [2960, 3584], [2959, 3585], [2957, 3585], [2956, 3586], [2955, 3586], [2954, 3587], [2953, 3587], [2951, 3589], [2950, 3589], [2947, 3592], [2946, 3592], [2936, 3602], [2936, 3603], [2916, 3623], [2916, 3624], [2912, 3628], [2912, 3629], [2907, 3634], [2907, 3635], [2902, 3640], [2902, 3641], [2899, 3644], [2899, 3646], [2898, 3647], [2898, 3649], [2897, 3650], [2897, 3653], [2896, 3654], [2896, 3658], [2895, 3659], [2895, 3661], [2896, 3662], [2896, 3667], [2897, 3668], [2897, 3671], [2898, 3672], [2898, 3673], [2899, 3674], [2899, 3676], [2900, 3677], [2900, 3680], [2901, 3681], [2901, 3683], [2902, 3684], [2902, 3686], [2903, 3687], [2903, 3689], [2904, 3690], [2904, 3692], [2905, 3693], [2905, 3696], [2906, 3697], [2906, 3699], [2907, 3700], [2907, 3702], [2908, 3703], [2908, 3705], [2909, 3706], [2909, 3707], [2910, 3708], [2910, 3710], [2911, 3711], [2911, 3713], [2912, 3714], [2912, 3716], [2913, 3717], [2913, 3720], [2914, 3721], [2914, 3723], [2915, 3724], [2915, 3727], [2916, 3728], [2916, 3730], [2917, 3731], [2917, 3733], [2918, 3734], [2918, 3736], [2919, 3737], [2919, 3739], [2920, 3740], [2920, 3743], [2921, 3744], [2921, 3748], [2922, 3749], [2922, 3751], [2923, 3752], [2923, 3755], [2924, 3756], [2924, 3758], [2925, 3759], [2925, 3761], [2926, 3762], [2926, 3764], [2927, 3765], [2927, 3767], [2928, 3768], [2928, 3769], [2929, 3770], [2929, 3772], [2930, 3773], [2930, 3775], [2931, 3776], [2931, 3780], [2932, 3781], [2932, 3787], [2933, 3788], [2933, 3794], [2934, 3795], [2934, 3808], [2935, 3809], [2935, 3818], [2936, 3819], [2936, 3822], [2937, 3823], [2937, 3825], [2938, 3826], [2938, 3829], [2939, 3830], [2939, 3832], [2940, 3833], [2940, 3835], [2941, 3836], [2941, 3838], [2942, 3839], [2942, 3841], [2943, 3842], [2943, 3843], [2944, 3844], [2944, 3845], [2946, 3847], [2946, 3848], [2950, 3852], [2951, 3852], [2953, 3854], [2954, 3854], [2956, 3856], [2957, 3856], [2958, 3857], [2960, 3857], [2961, 3858], [2969, 3858], [2970, 3859], [2980, 3859], [2981, 3860], [2986, 3860], [2987, 3861], [2991, 3861], [2992, 3862], [3003, 3862], [3004, 3861], [3009, 3861], [3010, 3860], [3015, 3860], [3016, 3859], [3020, 3859], [3021, 3858], [3024, 3858], [3025, 3857], [3029, 3857], [3030, 3856], [3035, 3856], [3036, 3855], [3040, 3855], [3041, 3854], [3044, 3854], [3045, 3853], [3048, 3853], [3049, 3852], [3051, 3852], [3052, 3851], [3054, 3851], [3055, 3850], [3057, 3850], [3058, 3849], [3059, 3849], [3061, 3847], [3062, 3847], [3074, 3835], [3075, 3835], [3076, 3834], [3077, 3834], [3078, 3833], [3079, 3833], [3080, 3832], [3081, 3832], [3088, 3825], [3088, 3824], [3089, 3823], [3089, 3822], [3090, 3821], [3090, 3812], [3089, 3811], [3089, 3808], [3088, 3807], [3088, 3803], [3087, 3802], [3087, 3798], [3086, 3797], [3086, 3794], [3085, 3793], [3085, 3790], [3084, 3789], [3084, 3787], [3083, 3786], [3083, 3784], [3082, 3783], [3082, 3781], [3081, 3780], [3081, 3778], [3080, 3777], [3080, 3775], [3079, 3774], [3079, 3772], [3078, 3771], [3078, 3770], [3077, 3769], [3077, 3767], [3076, 3766], [3076, 3765], [3075, 3764], [3075, 3762], [3074, 3761], [3074, 3758], [3073, 3757], [3073, 3753], [3072, 3752], [3072, 3748], [3071, 3747], [3071, 3744], [3070, 3743], [3070, 3739], [3069, 3738], [3069, 3734], [3068, 3733], [3068, 3728], [3067, 3727], [3067, 3722], [3066, 3721], [3066, 3716], [3065, 3715], [3065, 3712], [3064, 3711], [3064, 3708], [3063, 3707], [3063, 3705], [3062, 3704], [3062, 3702], [3061, 3701], [3061, 3699], [3060, 3698], [3060, 3696], [3059, 3695], [3059, 3693], [3058, 3692], [3058, 3689], [3057, 3688], [3057, 3684], [3056, 3683], [3056, 3680], [3055, 3679], [3055, 3675], [3054, 3674], [3054, 3670], [3053, 3669], [3053, 3664], [3052, 3663], [3052, 3660], [3051, 3659], [3051, 3657], [3050, 3656], [3050, 3653], [3049, 3652], [3049, 3650], [3048, 3649], [3048, 3647], [3047, 3646], [3047, 3644], [3046, 3643], [3046, 3641], [3045, 3640], [3045, 3637], [3044, 3636], [3044, 3634], [3043, 3633], [3043, 3631], [3042, 3630], [3042, 3629], [3041, 3628], [3041, 3627], [3040, 3626], [3040, 3625], [3033, 3618], [3032, 3618], [3028, 3614], [3027, 3614], [3025, 3612], [3024, 3612], [3022, 3610], [3021, 3610], [3019, 3608], [3017, 3608], [3016, 3607], [3015, 3607], [3014, 3606], [3012, 3606], [3011, 3605], [3010, 3605], [3009, 3604], [3008, 3604], [3007, 3603], [3006, 3603], [3005, 3602], [3004, 3602], [2999, 3597], [2999, 3596], [2996, 3593], [2996, 3592], [2992, 3588], [2991, 3588], [2989, 3586], [2988, 3586], [2987, 3585], [2985, 3585], [2984, 3584], [2983, 3584], [2982, 3583], [2980, 3583], [2979, 3582]]]",
Polygon 89,mask,"[[[920, 2677], [919, 2678], [910, 2678], [909, 2679], [907, 2679], [906, 2680], [905, 2680], [900, 2685], [900, 2686], [899, 2687], [899, 2688], [898, 2689], [898, 2690], [897, 2691], [897, 2692], [896, 2693], [896, 2694], [895, 2695], [895, 2696], [894, 2697], [894, 2698], [893, 2699], [893, 2700], [891, 2702], [891, 2703], [890, 2704], [890, 2705], [889, 2706], [889, 2707], [888, 2708], [888, 2709], [887, 2710], [887, 2711], [886, 2712], [886, 2713], [885, 2714], [885, 2716], [884, 2717], [884, 2718], [883, 2719], [883, 2720], [882, 2721], [882, 2722], [881, 2723], [881, 2724], [880, 2725], [880, 2727], [879, 2728], [879, 2729], [878, 2730], [878, 2732], [877, 2733], [877, 2735], [876, 2736], [876, 2738], [875, 2739], [875, 2741], [874, 2742], [874, 2745], [873, 2746], [873, 2751], [872, 2752], [872, 2759], [871, 2760], [871, 2764], [870, 2765], [870, 2768], [869, 2769], [869, 2774], [868, 2775], [868, 2783], [867, 2784], [867, 2789], [866, 2790], [866, 2795], [865, 2796], [865, 2801], [864, 2802], [864, 2807], [863, 2808], [863, 2813], [862, 2814], [862, 2818], [861, 2819], [861, 2824], [860, 2825], [860, 2831], [859, 2832], [859, 2838], [858, 2839], [858, 2847], [857, 2848], [857, 2856], [856, 2857], [856, 2864], [855, 2865], [855, 2872], [854, 2873], [854, 2889], [855, 2890], [855, 2894], [856, 2895], [856, 2898], [857, 2899], [857, 2901], [858, 2902], [858, 2904], [859, 2905], [859, 2906], [860, 2907], [860, 2908], [861, 2909], [861, 2910], [862, 2911], [862, 2912], [863, 2913], [863, 2914], [865, 2916], [865, 2917], [882, 2934], [882, 2935], [884, 2937], [884, 2938], [885, 2939], [885, 2940], [886, 2941], [886, 2942], [887, 2943], [887, 2944], [888, 2945], [888, 2946], [889, 2947], [889, 2948], [891, 2950], [891, 2951], [897, 2957], [899, 2957], [900, 2958], [902, 2958], [903, 2959], [906, 2959], [907, 2960], [913, 2960], [914, 2961], [924, 2961], [925, 2962], [926, 2961], [931, 2961], [932, 2960], [934, 2960], [935, 2959], [936, 2959], [937, 2958], [939, 2958], [940, 2957], [941, 2957], [942, 2956], [944, 2956], [946, 2954], [947, 2954], [948, 2953], [949, 2953], [951, 2951], [952, 2951], [954, 2949], [955, 2949], [957, 2947], [958, 2947], [959, 2946], [960, 2946], [961, 2945], [962, 2945], [963, 2944], [964, 2944], [965, 2943], [966, 2943], [967, 2942], [968, 2942], [970, 2940], [971, 2940], [973, 2938], [974, 2938], [975, 2937], [976, 2937], [977, 2936], [978, 2936], [980, 2934], [981, 2934], [982, 2933], [983, 2933], [984, 2932], [985, 2932], [986, 2931], [987, 2931], [989, 2929], [990, 2929], [992, 2927], [993, 2927], [995, 2925], [996, 2925], [998, 2923], [999, 2923], [1002, 2920], [1002, 2919], [1004, 2917], [1004, 2911], [1005, 2910], [1005, 2904], [1006, 2903], [1006, 2893], [1007, 2892], [1007, 2878], [1008, 2877], [1008, 2861], [1009, 2860], [1009, 2846], [1010, 2845], [1010, 2834], [1011, 2833], [1011, 2823], [1012, 2822], [1012, 2812], [1013, 2811], [1013, 2804], [1014, 2803], [1014, 2798], [1015, 2797], [1015, 2792], [1016, 2791], [1016, 2787], [1017, 2786], [1017, 2780], [1018, 2779], [1018, 2769], [1019, 2768], [1019, 2758], [1020, 2757], [1020, 2743], [1021, 2742], [1021, 2740], [1020, 2739], [1020, 2722], [1019, 2721], [1019, 2718], [1018, 2717], [1018, 2715], [1017, 2714], [1017, 2712], [1016, 2711], [1016, 2710], [1015, 2709], [1015, 2708], [1014, 2707], [1014, 2706], [1011, 2703], [1010, 2703], [1009, 2702], [1008, 2702], [1007, 2701], [1005, 2701], [1004, 2700], [1003, 2700], [1002, 2699], [1001, 2699], [1000, 2698], [999, 2698], [998, 2697], [997, 2697], [996, 2696], [995, 2696], [993, 2694], [992, 2694], [991, 2693], [990, 2693], [988, 2691], [986, 2691], [984, 2689], [982, 2689], [981, 2688], [980, 2688], [979, 2687], [977, 2687], [976, 2686], [974, 2686], [973, 2685], [971, 2685], [970, 2684], [967, 2684], [966, 2683], [963, 2683], [962, 2682], [958, 2682], [957, 2681], [953, 2681], [952, 2680], [948, 2680], [947, 2679], [939, 2679], [938, 2678], [931, 2678], [930, 2677]]]",
Polygon 90,mask,"[[[3113, 3363], [3112, 3364], [3111, 3364], [3110, 3365], [3109, 3365], [3108, 3366], [3107, 3366], [3106, 3367], [3105, 3367], [3102, 3370], [3101, 3370], [3100, 3371], [3099, 3371], [3097, 3373], [3096, 3373], [3093, 3376], [3092, 3376], [3087, 3381], [3086, 3381], [3083, 3384], [3082, 3384], [3080, 3386], [3079, 3386], [3077, 3388], [3076, 3388], [3074, 3390], [3073, 3390], [3072, 3391], [3071, 3391], [3068, 3394], [3067, 3394], [3066, 3395], [3065, 3395], [3063, 3397], [3062, 3397], [3061, 3398], [3060, 3398], [3058, 3400], [3057, 3400], [3056, 3401], [3055, 3401], [3053, 3403], [3052, 3403], [3050, 3405], [3049, 3405], [3046, 3408], [3045, 3408], [3043, 3410], [3042, 3410], [3041, 3411], [3040, 3411], [3037, 3414], [3036, 3414], [3032, 3418], [3031, 3418], [3027, 3422], [3026, 3422], [3024, 3424], [3023, 3424], [3019, 3428], [3018, 3428], [3016, 3430], [3015, 3430], [3012, 3433], [3011, 3433], [3010, 3434], [3009, 3434], [3007, 3436], [3005, 3436], [3004, 3437], [3003, 3437], [3002, 3438], [3000, 3438], [2999, 3439], [2998, 3439], [2997, 3440], [2995, 3440], [2994, 3441], [2993, 3441], [2992, 3442], [2991, 3442], [2990, 3443], [2989, 3443], [2988, 3444], [2987, 3444], [2986, 3445], [2985, 3445], [2984, 3446], [2983, 3446], [2982, 3447], [2981, 3447], [2980, 3448], [2978, 3448], [2977, 3449], [2976, 3449], [2975, 3450], [2974, 3450], [2973, 3451], [2972, 3451], [2970, 3453], [2969, 3453], [2967, 3455], [2966, 3455], [2965, 3456], [2964, 3456], [2962, 3458], [2961, 3458], [2959, 3460], [2958, 3460], [2957, 3461], [2956, 3461], [2954, 3463], [2953, 3463], [2952, 3464], [2951, 3464], [2948, 3467], [2947, 3467], [2945, 3469], [2945, 3479], [2944, 3480], [2944, 3484], [2945, 3485], [2945, 3491], [2946, 3492], [2946, 3496], [2947, 3497], [2947, 3502], [2948, 3503], [2948, 3507], [2949, 3508], [2949, 3511], [2950, 3512], [2950, 3515], [2951, 3516], [2951, 3518], [2952, 3519], [2952, 3521], [2953, 3522], [2953, 3524], [2954, 3525], [2954, 3526], [2955, 3527], [2955, 3529], [2956, 3530], [2956, 3531], [2957, 3532], [2957, 3533], [2958, 3534], [2958, 3535], [2959, 3536], [2959, 3538], [2960, 3539], [2960, 3541], [2961, 3542], [2961, 3543], [2962, 3544], [2962, 3545], [2963, 3546], [2963, 3547], [2965, 3549], [2965, 3550], [2967, 3552], [2967, 3553], [2969, 3555], [2969, 3556], [2970, 3557], [2970, 3558], [2972, 3560], [2972, 3562], [2973, 3563], [2973, 3565], [2974, 3566], [2974, 3568], [2975, 3569], [2975, 3572], [2980, 3577], [2981, 3577], [2983, 3579], [2984, 3579], [2985, 3580], [2986, 3580], [2987, 3581], [2988, 3581], [2989, 3582], [2990, 3582], [2992, 3584], [2993, 3584], [2994, 3585], [2995, 3585], [2996, 3586], [2996, 3587], [3002, 3593], [3003, 3593], [3005, 3595], [3006, 3595], [3007, 3596], [3008, 3596], [3009, 3597], [3011, 3597], [3012, 3598], [3020, 3598], [3021, 3597], [3022, 3597], [3023, 3596], [3024, 3596], [3025, 3595], [3026, 3595], [3027, 3594], [3028, 3594], [3029, 3593], [3030, 3593], [3032, 3591], [3033, 3591], [3034, 3590], [3035, 3590], [3037, 3588], [3038, 3588], [3040, 3586], [3041, 3586], [3045, 3582], [3046, 3582], [3049, 3579], [3050, 3579], [3052, 3577], [3053, 3577], [3054, 3576], [3055, 3576], [3056, 3575], [3057, 3575], [3058, 3574], [3059, 3574], [3060, 3573], [3061, 3573], [3062, 3572], [3063, 3572], [3064, 3571], [3065, 3571], [3066, 3570], [3067, 3570], [3069, 3568], [3070, 3568], [3073, 3565], [3074, 3565], [3075, 3564], [3076, 3564], [3077, 3563], [3078, 3563], [3079, 3562], [3080, 3562], [3081, 3561], [3082, 3561], [3083, 3560], [3084, 3560], [3085, 3559], [3086, 3559], [3088, 3557], [3089, 3557], [3090, 3556], [3091, 3556], [3094, 3553], [3095, 3553], [3108, 3540], [3109, 3540], [3114, 3535], [3115, 3535], [3121, 3529], [3122, 3529], [3124, 3527], [3125, 3527], [3127, 3525], [3128, 3525], [3129, 3524], [3130, 3524], [3131, 3523], [3132, 3523], [3133, 3522], [3134, 3522], [3135, 3521], [3136, 3521], [3137, 3520], [3138, 3520], [3139, 3519], [3140, 3519], [3141, 3518], [3142, 3518], [3143, 3517], [3145, 3517], [3146, 3516], [3147, 3516], [3148, 3515], [3149, 3515], [3150, 3514], [3151, 3514], [3152, 3513], [3154, 3513], [3155, 3512], [3156, 3512], [3158, 3510], [3159, 3510], [3160, 3509], [3161, 3509], [3162, 3508], [3163, 3508], [3164, 3507], [3165, 3507], [3166, 3506], [3167, 3506], [3168, 3505], [3169, 3505], [3170, 3504], [3171, 3504], [3172, 3503], [3173, 3503], [3174, 3502], [3175, 3502], [3176, 3501], [3177, 3501], [3180, 3498], [3181, 3498], [3191, 3488], [3191, 3487], [3192, 3486], [3192, 3485], [3194, 3483], [3194, 3482], [3195, 3481], [3195, 3480], [3196, 3479], [3196, 3478], [3198, 3476], [3198, 3475], [3199, 3474], [3199, 3473], [3200, 3472], [3200, 3471], [3202, 3469], [3202, 3467], [3203, 3466], [3203, 3464], [3204, 3463], [3204, 3458], [3205, 3457], [3205, 3453], [3206, 3452], [3206, 3448], [3207, 3447], [3207, 3445], [3208, 3444], [3208, 3442], [3209, 3441], [3209, 3439], [3210, 3438], [3210, 3435], [3211, 3434], [3211, 3431], [3212, 3430], [3212, 3424], [3211, 3423], [3211, 3420], [3210, 3419], [3210, 3417], [3209, 3416], [3209, 3413], [3208, 3412], [3208, 3410], [3207, 3409], [3207, 3408], [3206, 3407], [3206, 3406], [3202, 3402], [3202, 3401], [3193, 3392], [3192, 3392], [3190, 3390], [3189, 3390], [3188, 3389], [3187, 3389], [3185, 3387], [3184, 3387], [3183, 3386], [3182, 3386], [3181, 3385], [3180, 3385], [3179, 3384], [3177, 3384], [3176, 3383], [3175, 3383], [3174, 3382], [3173, 3382], [3172, 3381], [3171, 3381], [3170, 3380], [3169, 3380], [3168, 3379], [3166, 3379], [3165, 3378], [3164, 3378], [3163, 3377], [3162, 3377], [3161, 3376], [3160, 3376], [3159, 3375], [3158, 3375], [3157, 3374], [3155, 3374], [3154, 3373], [3152, 3373], [3151, 3372], [3150, 3372], [3149, 3371], [3147, 3371], [3146, 3370], [3145, 3370], [3144, 3369], [3142, 3369], [3141, 3368], [3140, 3368], [3138, 3366], [3136, 3366], [3135, 3365], [3133, 3365], [3132, 3364], [3125, 3364], [3124, 3363]]]",
Polygon 91,mask,"[[[2365, 930], [2364, 931], [2359, 931], [2358, 932], [2355, 932], [2354, 933], [2353, 933], [2352, 934], [2351, 934], [2349, 936], [2348, 936], [2344, 940], [2343, 940], [2341, 942], [2340, 942], [2338, 944], [2337, 944], [2335, 946], [2334, 946], [2332, 948], [2331, 948], [2328, 951], [2327, 951], [2323, 955], [2322, 955], [2320, 957], [2319, 957], [2317, 959], [2316, 959], [2314, 961], [2313, 961], [2312, 962], [2311, 962], [2309, 964], [2308, 964], [2306, 966], [2305, 966], [2303, 968], [2302, 968], [2301, 969], [2300, 969], [2299, 970], [2298, 970], [2297, 971], [2296, 971], [2294, 973], [2293, 973], [2291, 975], [2290, 975], [2287, 978], [2286, 978], [2284, 980], [2283, 980], [2281, 982], [2280, 982], [2279, 983], [2278, 983], [2275, 986], [2274, 986], [2272, 988], [2271, 988], [2270, 989], [2269, 989], [2267, 991], [2266, 991], [2265, 992], [2264, 992], [2263, 993], [2262, 993], [2261, 994], [2260, 994], [2259, 995], [2258, 995], [2257, 996], [2256, 996], [2254, 998], [2253, 998], [2251, 1000], [2250, 1000], [2247, 1003], [2246, 1003], [2243, 1006], [2242, 1006], [2240, 1008], [2239, 1008], [2237, 1010], [2236, 1010], [2235, 1011], [2234, 1011], [2232, 1013], [2231, 1013], [2230, 1014], [2229, 1014], [2227, 1016], [2226, 1016], [2225, 1017], [2224, 1017], [2222, 1019], [2221, 1019], [2219, 1021], [2218, 1021], [2217, 1022], [2216, 1022], [2214, 1024], [2213, 1024], [2211, 1026], [2210, 1026], [2209, 1027], [2208, 1027], [2204, 1031], [2203, 1031], [2195, 1039], [2195, 1040], [2194, 1041], [2194, 1043], [2193, 1044], [2193, 1051], [2194, 1052], [2194, 1060], [2195, 1061], [2195, 1065], [2196, 1066], [2196, 1071], [2197, 1072], [2197, 1075], [2198, 1076], [2198, 1080], [2199, 1081], [2199, 1083], [2200, 1084], [2200, 1087], [2201, 1088], [2201, 1089], [2202, 1090], [2202, 1092], [2203, 1093], [2203, 1094], [2204, 1095], [2204, 1096], [2207, 1099], [2207, 1100], [2209, 1102], [2209, 1103], [2211, 1105], [2211, 1107], [2212, 1108], [2212, 1110], [2213, 1111], [2213, 1113], [2214, 1114], [2214, 1117], [2215, 1118], [2215, 1121], [2216, 1122], [2216, 1124], [2217, 1125], [2217, 1126], [2219, 1128], [2219, 1129], [2220, 1130], [2220, 1132], [2221, 1133], [2221, 1134], [2223, 1136], [2223, 1137], [2224, 1138], [2224, 1139], [2227, 1142], [2227, 1143], [2233, 1149], [2234, 1149], [2235, 1150], [2236, 1150], [2237, 1151], [2238, 1151], [2239, 1152], [2241, 1152], [2242, 1153], [2244, 1153], [2245, 1154], [2246, 1154], [2248, 1156], [2249, 1156], [2252, 1159], [2253, 1159], [2254, 1160], [2256, 1160], [2257, 1161], [2267, 1161], [2268, 1162], [2272, 1162], [2273, 1161], [2275, 1161], [2276, 1160], [2277, 1160], [2278, 1159], [2279, 1159], [2286, 1152], [2287, 1152], [2289, 1150], [2290, 1150], [2291, 1149], [2292, 1149], [2294, 1147], [2295, 1147], [2296, 1146], [2297, 1146], [2298, 1145], [2299, 1145], [2306, 1138], [2306, 1137], [2309, 1134], [2309, 1133], [2311, 1131], [2311, 1130], [2314, 1127], [2314, 1126], [2317, 1123], [2317, 1122], [2320, 1119], [2320, 1118], [2328, 1110], [2329, 1110], [2331, 1108], [2332, 1108], [2333, 1107], [2334, 1107], [2335, 1106], [2337, 1106], [2338, 1105], [2340, 1105], [2341, 1104], [2343, 1104], [2344, 1103], [2346, 1103], [2347, 1102], [2349, 1102], [2350, 1101], [2352, 1101], [2353, 1102], [2357, 1102], [2358, 1103], [2361, 1103], [2362, 1104], [2365, 1104], [2366, 1105], [2373, 1105], [2374, 1104], [2375, 1104], [2376, 1103], [2377, 1103], [2379, 1101], [2380, 1101], [2381, 1100], [2382, 1100], [2385, 1097], [2386, 1097], [2388, 1095], [2389, 1095], [2396, 1088], [2397, 1088], [2400, 1085], [2401, 1085], [2404, 1082], [2405, 1082], [2406, 1081], [2407, 1081], [2408, 1080], [2409, 1080], [2411, 1078], [2412, 1078], [2413, 1077], [2414, 1077], [2416, 1075], [2417, 1075], [2419, 1073], [2420, 1073], [2422, 1071], [2423, 1071], [2425, 1069], [2426, 1069], [2429, 1066], [2430, 1066], [2437, 1059], [2437, 1058], [2440, 1055], [2440, 1054], [2442, 1052], [2442, 1051], [2443, 1050], [2443, 1049], [2444, 1048], [2444, 1047], [2445, 1046], [2445, 1045], [2446, 1044], [2446, 1042], [2447, 1041], [2447, 1039], [2448, 1038], [2448, 1036], [2449, 1035], [2449, 1034], [2450, 1033], [2450, 1032], [2452, 1030], [2452, 1029], [2454, 1027], [2454, 1026], [2459, 1021], [2459, 1020], [2462, 1017], [2462, 1016], [2465, 1013], [2465, 1012], [2468, 1009], [2468, 1008], [2469, 1007], [2469, 1005], [2470, 1004], [2470, 1001], [2469, 1000], [2469, 998], [2468, 997], [2468, 995], [2467, 994], [2467, 993], [2466, 992], [2466, 991], [2465, 990], [2465, 989], [2463, 987], [2463, 986], [2458, 981], [2457, 981], [2453, 977], [2452, 977], [2444, 969], [2444, 968], [2442, 966], [2442, 965], [2438, 961], [2437, 961], [2435, 959], [2434, 959], [2433, 958], [2432, 958], [2431, 957], [2430, 957], [2429, 956], [2428, 956], [2427, 955], [2426, 955], [2424, 953], [2423, 953], [2422, 952], [2421, 952], [2420, 951], [2419, 951], [2418, 950], [2417, 950], [2416, 949], [2415, 949], [2414, 948], [2413, 948], [2412, 947], [2410, 947], [2409, 946], [2408, 946], [2407, 945], [2406, 945], [2405, 944], [2404, 944], [2403, 943], [2402, 943], [2401, 942], [2400, 942], [2399, 941], [2397, 941], [2396, 940], [2395, 940], [2394, 939], [2393, 939], [2392, 938], [2391, 938], [2390, 937], [2389, 937], [2388, 936], [2387, 936], [2386, 935], [2384, 935], [2383, 934], [2382, 934], [2381, 933], [2380, 933], [2379, 932], [2377, 932], [2376, 931], [2375, 931], [2374, 930]]]",
Polygon 92,mask,"[[[1218, 943], [1217, 944], [1211, 944], [1210, 945], [1205, 945], [1204, 946], [1201, 946], [1200, 947], [1196, 947], [1195, 948], [1192, 948], [1191, 949], [1188, 949], [1187, 950], [1185, 950], [1184, 951], [1182, 951], [1181, 952], [1179, 952], [1178, 953], [1177, 953], [1176, 954], [1174, 954], [1173, 955], [1172, 955], [1171, 956], [1170, 956], [1169, 957], [1168, 957], [1167, 958], [1166, 958], [1164, 960], [1163, 960], [1162, 961], [1161, 961], [1160, 962], [1159, 962], [1157, 964], [1156, 964], [1154, 966], [1153, 966], [1151, 968], [1150, 968], [1148, 970], [1147, 970], [1145, 972], [1144, 972], [1142, 974], [1141, 974], [1140, 975], [1139, 975], [1137, 977], [1136, 977], [1131, 982], [1130, 982], [1129, 983], [1129, 984], [1127, 986], [1127, 987], [1125, 989], [1125, 991], [1124, 992], [1124, 993], [1123, 994], [1123, 995], [1122, 996], [1122, 997], [1121, 998], [1121, 999], [1119, 1001], [1119, 1002], [1118, 1003], [1118, 1004], [1117, 1005], [1117, 1006], [1116, 1007], [1116, 1008], [1115, 1009], [1115, 1012], [1114, 1013], [1114, 1016], [1113, 1017], [1113, 1020], [1112, 1021], [1112, 1030], [1113, 1031], [1113, 1035], [1114, 1036], [1114, 1039], [1115, 1040], [1115, 1042], [1117, 1044], [1117, 1045], [1123, 1051], [1123, 1052], [1127, 1056], [1127, 1057], [1137, 1067], [1138, 1067], [1144, 1073], [1145, 1073], [1151, 1079], [1151, 1080], [1153, 1082], [1153, 1083], [1154, 1084], [1154, 1085], [1156, 1087], [1156, 1088], [1157, 1089], [1157, 1090], [1158, 1091], [1158, 1092], [1159, 1093], [1159, 1094], [1160, 1095], [1160, 1096], [1161, 1097], [1161, 1098], [1162, 1099], [1162, 1100], [1163, 1101], [1163, 1102], [1164, 1103], [1164, 1104], [1165, 1105], [1165, 1106], [1167, 1108], [1167, 1109], [1169, 1111], [1169, 1112], [1171, 1114], [1171, 1115], [1173, 1117], [1173, 1118], [1178, 1123], [1178, 1124], [1184, 1130], [1184, 1131], [1186, 1133], [1186, 1134], [1187, 1135], [1187, 1136], [1188, 1137], [1188, 1138], [1189, 1139], [1189, 1140], [1190, 1141], [1190, 1142], [1191, 1143], [1191, 1144], [1192, 1145], [1192, 1146], [1194, 1148], [1194, 1149], [1195, 1150], [1195, 1151], [1197, 1153], [1197, 1154], [1200, 1157], [1200, 1158], [1204, 1162], [1204, 1163], [1216, 1175], [1216, 1176], [1225, 1185], [1226, 1185], [1228, 1187], [1229, 1187], [1231, 1189], [1232, 1189], [1233, 1190], [1234, 1190], [1235, 1191], [1236, 1191], [1237, 1192], [1239, 1192], [1240, 1193], [1243, 1193], [1244, 1194], [1250, 1194], [1251, 1195], [1255, 1195], [1256, 1196], [1259, 1196], [1260, 1197], [1273, 1197], [1274, 1198], [1284, 1198], [1285, 1199], [1290, 1199], [1291, 1200], [1293, 1200], [1294, 1201], [1298, 1201], [1299, 1200], [1300, 1200], [1302, 1198], [1303, 1198], [1304, 1197], [1305, 1197], [1306, 1196], [1307, 1196], [1308, 1195], [1309, 1195], [1310, 1194], [1312, 1194], [1313, 1193], [1315, 1193], [1316, 1192], [1317, 1192], [1318, 1191], [1319, 1191], [1330, 1180], [1330, 1179], [1331, 1178], [1331, 1177], [1332, 1176], [1332, 1175], [1333, 1174], [1333, 1172], [1334, 1171], [1334, 1169], [1335, 1168], [1335, 1164], [1336, 1163], [1336, 1159], [1337, 1158], [1337, 1156], [1338, 1155], [1338, 1153], [1339, 1152], [1339, 1150], [1340, 1149], [1340, 1146], [1341, 1145], [1341, 1143], [1342, 1142], [1342, 1140], [1343, 1139], [1343, 1137], [1344, 1136], [1344, 1135], [1345, 1134], [1345, 1132], [1346, 1131], [1346, 1129], [1347, 1128], [1347, 1127], [1348, 1126], [1348, 1123], [1349, 1122], [1349, 1111], [1350, 1110], [1350, 1105], [1349, 1104], [1349, 1101], [1348, 1100], [1348, 1099], [1347, 1098], [1347, 1097], [1346, 1096], [1346, 1095], [1344, 1093], [1344, 1092], [1342, 1090], [1342, 1089], [1335, 1082], [1335, 1081], [1327, 1073], [1327, 1072], [1323, 1068], [1323, 1067], [1320, 1064], [1320, 1063], [1316, 1059], [1316, 1058], [1313, 1055], [1313, 1054], [1309, 1050], [1309, 1049], [1306, 1046], [1306, 1045], [1290, 1029], [1290, 1028], [1286, 1024], [1286, 1023], [1282, 1019], [1282, 1018], [1278, 1014], [1278, 1013], [1276, 1011], [1276, 1010], [1273, 1007], [1273, 1006], [1271, 1004], [1271, 1003], [1267, 999], [1267, 998], [1264, 995], [1264, 994], [1262, 992], [1262, 991], [1259, 988], [1259, 987], [1257, 985], [1257, 984], [1255, 982], [1255, 981], [1253, 979], [1253, 978], [1252, 977], [1252, 976], [1250, 974], [1250, 973], [1249, 972], [1249, 971], [1247, 969], [1247, 968], [1246, 967], [1246, 966], [1244, 964], [1244, 963], [1242, 961], [1242, 960], [1239, 957], [1239, 956], [1237, 954], [1237, 953], [1232, 948], [1231, 948], [1230, 947], [1229, 947], [1227, 945], [1225, 945], [1224, 944], [1219, 944]]]",
Polygon 93,mask,"[[[3322, 3298], [3321, 3299], [3316, 3299], [3315, 3300], [3310, 3300], [3309, 3301], [3306, 3301], [3305, 3302], [3301, 3302], [3300, 3303], [3296, 3303], [3295, 3304], [3291, 3304], [3290, 3305], [3287, 3305], [3286, 3306], [3283, 3306], [3282, 3307], [3279, 3307], [3278, 3308], [3275, 3308], [3274, 3309], [3273, 3309], [3272, 3310], [3270, 3310], [3269, 3311], [3267, 3311], [3266, 3312], [3265, 3312], [3264, 3313], [3263, 3313], [3256, 3320], [3256, 3321], [3253, 3324], [3253, 3325], [3250, 3328], [3249, 3328], [3247, 3330], [3246, 3330], [3245, 3331], [3244, 3331], [3243, 3332], [3242, 3332], [3241, 3333], [3240, 3333], [3238, 3335], [3238, 3336], [3237, 3337], [3237, 3338], [3236, 3339], [3236, 3340], [3235, 3341], [3235, 3344], [3234, 3345], [3234, 3351], [3235, 3352], [3235, 3354], [3236, 3355], [3236, 3357], [3237, 3358], [3237, 3359], [3238, 3360], [3238, 3362], [3239, 3363], [3239, 3364], [3240, 3365], [3240, 3366], [3241, 3367], [3241, 3368], [3242, 3369], [3242, 3370], [3243, 3371], [3243, 3372], [3244, 3373], [3244, 3374], [3245, 3375], [3245, 3376], [3246, 3377], [3246, 3379], [3247, 3380], [3247, 3381], [3248, 3382], [3248, 3384], [3249, 3385], [3249, 3386], [3250, 3387], [3250, 3388], [3251, 3389], [3251, 3390], [3252, 3391], [3252, 3392], [3253, 3393], [3253, 3394], [3254, 3395], [3254, 3397], [3255, 3398], [3255, 3399], [3256, 3400], [3256, 3403], [3257, 3404], [3257, 3407], [3258, 3408], [3258, 3410], [3259, 3411], [3259, 3414], [3260, 3415], [3260, 3418], [3261, 3419], [3261, 3422], [3262, 3423], [3262, 3427], [3263, 3428], [3263, 3435], [3264, 3436], [3264, 3443], [3265, 3444], [3265, 3449], [3266, 3450], [3266, 3453], [3267, 3454], [3267, 3458], [3268, 3459], [3268, 3462], [3269, 3463], [3269, 3466], [3270, 3467], [3270, 3469], [3271, 3470], [3271, 3473], [3272, 3474], [3272, 3477], [3273, 3478], [3273, 3481], [3274, 3482], [3274, 3485], [3275, 3486], [3275, 3489], [3276, 3490], [3276, 3493], [3277, 3494], [3277, 3497], [3278, 3498], [3278, 3502], [3279, 3503], [3279, 3506], [3280, 3507], [3280, 3511], [3281, 3512], [3281, 3515], [3282, 3516], [3282, 3519], [3283, 3520], [3283, 3523], [3284, 3524], [3284, 3526], [3285, 3527], [3285, 3528], [3286, 3529], [3286, 3531], [3287, 3532], [3287, 3533], [3290, 3536], [3290, 3537], [3294, 3541], [3294, 3542], [3295, 3542], [3300, 3547], [3301, 3547], [3304, 3550], [3305, 3550], [3307, 3552], [3308, 3552], [3310, 3554], [3311, 3554], [3313, 3556], [3314, 3556], [3315, 3557], [3316, 3557], [3318, 3559], [3319, 3559], [3321, 3561], [3322, 3561], [3324, 3563], [3325, 3563], [3327, 3565], [3328, 3565], [3332, 3569], [3333, 3569], [3336, 3572], [3337, 3572], [3339, 3574], [3340, 3574], [3341, 3575], [3342, 3575], [3343, 3576], [3345, 3576], [3346, 3577], [3355, 3577], [3356, 3576], [3361, 3576], [3362, 3575], [3366, 3575], [3367, 3574], [3370, 3574], [3371, 3573], [3372, 3573], [3373, 3572], [3375, 3572], [3376, 3571], [3377, 3571], [3379, 3569], [3380, 3569], [3381, 3568], [3382, 3568], [3393, 3557], [3393, 3556], [3399, 3550], [3399, 3549], [3403, 3545], [3403, 3544], [3405, 3542], [3405, 3541], [3407, 3539], [3407, 3538], [3410, 3535], [3410, 3534], [3413, 3531], [3413, 3530], [3418, 3525], [3418, 3524], [3424, 3518], [3424, 3517], [3427, 3514], [3427, 3513], [3429, 3511], [3429, 3510], [3430, 3509], [3430, 3508], [3431, 3507], [3431, 3497], [3430, 3496], [3430, 3490], [3429, 3489], [3429, 3484], [3428, 3483], [3428, 3482], [3427, 3481], [3427, 3478], [3426, 3477], [3426, 3474], [3425, 3473], [3425, 3469], [3424, 3468], [3424, 3464], [3423, 3463], [3423, 3461], [3422, 3460], [3422, 3458], [3421, 3457], [3421, 3454], [3420, 3453], [3420, 3450], [3419, 3449], [3419, 3447], [3418, 3446], [3418, 3445], [3417, 3444], [3417, 3442], [3416, 3441], [3416, 3440], [3415, 3439], [3415, 3437], [3414, 3436], [3414, 3435], [3413, 3434], [3413, 3432], [3412, 3431], [3412, 3428], [3411, 3427], [3411, 3425], [3410, 3424], [3410, 3422], [3409, 3421], [3409, 3419], [3408, 3418], [3408, 3417], [3407, 3416], [3407, 3415], [3406, 3414], [3406, 3411], [3405, 3410], [3405, 3408], [3404, 3407], [3404, 3404], [3403, 3403], [3403, 3401], [3402, 3400], [3402, 3398], [3401, 3397], [3401, 3394], [3400, 3393], [3400, 3389], [3399, 3388], [3399, 3386], [3398, 3385], [3398, 3383], [3397, 3382], [3397, 3380], [3396, 3379], [3396, 3377], [3395, 3376], [3395, 3374], [3394, 3373], [3394, 3371], [3393, 3370], [3393, 3367], [3392, 3366], [3392, 3363], [3391, 3362], [3391, 3359], [3390, 3358], [3390, 3356], [3389, 3355], [3389, 3353], [3388, 3352], [3388, 3351], [3387, 3350], [3387, 3348], [3386, 3347], [3386, 3344], [3385, 3343], [3385, 3339], [3384, 3338], [3384, 3334], [3383, 3333], [3383, 3329], [3382, 3328], [3382, 3324], [3381, 3323], [3381, 3320], [3380, 3319], [3380, 3316], [3379, 3315], [3379, 3313], [3378, 3312], [3378, 3311], [3377, 3310], [3377, 3309], [3374, 3306], [3373, 3306], [3372, 3305], [3371, 3305], [3370, 3304], [3368, 3304], [3367, 3303], [3364, 3303], [3363, 3302], [3359, 3302], [3358, 3301], [3354, 3301], [3353, 3300], [3350, 3300], [3349, 3299], [3341, 3299], [3340, 3298]]]",
Polygon 94,mask,"[[[1037, 918], [1036, 919], [1032, 919], [1031, 920], [1027, 920], [1026, 921], [1025, 921], [1024, 922], [1023, 922], [1022, 923], [1021, 923], [1020, 924], [1019, 924], [1018, 925], [1017, 925], [1016, 926], [1015, 926], [1014, 927], [1013, 927], [1012, 928], [1010, 928], [1009, 929], [1008, 929], [1007, 930], [1005, 930], [1003, 932], [1002, 932], [1000, 934], [999, 934], [997, 936], [996, 936], [995, 937], [994, 937], [993, 938], [992, 938], [990, 940], [989, 940], [988, 941], [987, 941], [986, 942], [985, 942], [984, 943], [983, 943], [982, 944], [980, 944], [979, 945], [978, 945], [977, 946], [976, 946], [975, 947], [974, 947], [973, 948], [971, 948], [970, 949], [967, 949], [966, 950], [965, 950], [963, 952], [962, 952], [961, 953], [960, 953], [958, 955], [957, 955], [956, 956], [955, 956], [953, 958], [952, 958], [951, 959], [950, 959], [949, 960], [947, 960], [946, 961], [945, 961], [944, 962], [942, 962], [941, 963], [939, 963], [938, 964], [936, 964], [935, 965], [934, 965], [933, 966], [931, 966], [930, 967], [928, 967], [927, 968], [926, 968], [925, 969], [923, 969], [921, 971], [919, 971], [918, 972], [917, 972], [916, 973], [914, 973], [913, 974], [911, 974], [910, 975], [909, 975], [908, 976], [906, 976], [905, 977], [904, 977], [903, 978], [902, 978], [901, 979], [900, 979], [899, 980], [897, 980], [896, 981], [895, 981], [894, 982], [893, 982], [892, 983], [890, 983], [889, 984], [888, 984], [887, 985], [886, 985], [885, 986], [883, 986], [882, 987], [880, 987], [879, 988], [876, 988], [875, 989], [873, 989], [872, 990], [870, 990], [869, 991], [866, 991], [865, 992], [864, 992], [863, 993], [861, 993], [860, 994], [859, 994], [857, 996], [856, 996], [852, 1000], [852, 1001], [851, 1002], [851, 1005], [850, 1006], [850, 1031], [851, 1032], [851, 1040], [852, 1041], [852, 1047], [853, 1048], [853, 1053], [854, 1054], [854, 1058], [855, 1059], [855, 1063], [856, 1064], [856, 1067], [857, 1068], [857, 1070], [858, 1071], [858, 1074], [859, 1075], [859, 1077], [860, 1078], [860, 1080], [861, 1081], [861, 1083], [862, 1084], [862, 1085], [863, 1086], [863, 1088], [864, 1089], [864, 1090], [865, 1091], [865, 1093], [866, 1094], [866, 1095], [867, 1096], [867, 1097], [868, 1098], [868, 1099], [869, 1100], [869, 1101], [870, 1102], [870, 1103], [871, 1104], [871, 1105], [877, 1111], [878, 1111], [880, 1113], [881, 1113], [882, 1114], [883, 1114], [884, 1115], [885, 1115], [888, 1118], [888, 1119], [891, 1122], [891, 1124], [892, 1125], [892, 1126], [893, 1127], [893, 1128], [898, 1133], [899, 1133], [901, 1135], [903, 1135], [904, 1136], [908, 1136], [909, 1135], [911, 1135], [912, 1134], [913, 1134], [914, 1133], [915, 1133], [916, 1132], [917, 1132], [918, 1131], [919, 1131], [920, 1130], [921, 1130], [922, 1129], [923, 1129], [924, 1128], [925, 1128], [926, 1127], [928, 1127], [929, 1126], [930, 1126], [931, 1125], [932, 1125], [933, 1124], [934, 1124], [936, 1122], [937, 1122], [938, 1121], [939, 1121], [940, 1120], [942, 1120], [946, 1116], [947, 1116], [948, 1115], [949, 1115], [950, 1114], [951, 1114], [952, 1113], [953, 1113], [954, 1112], [956, 1112], [957, 1111], [958, 1111], [959, 1110], [961, 1110], [962, 1109], [964, 1109], [965, 1108], [967, 1108], [968, 1107], [970, 1107], [971, 1106], [973, 1106], [974, 1105], [977, 1105], [978, 1104], [980, 1104], [981, 1103], [983, 1103], [984, 1102], [986, 1102], [987, 1101], [988, 1101], [989, 1100], [990, 1100], [991, 1099], [992, 1099], [993, 1098], [994, 1098], [995, 1097], [996, 1097], [997, 1096], [998, 1096], [999, 1095], [1000, 1095], [1001, 1094], [1002, 1094], [1003, 1093], [1004, 1093], [1005, 1092], [1006, 1092], [1007, 1091], [1008, 1091], [1009, 1090], [1010, 1090], [1012, 1088], [1014, 1088], [1015, 1087], [1016, 1087], [1017, 1086], [1019, 1086], [1020, 1085], [1021, 1085], [1022, 1084], [1023, 1084], [1024, 1083], [1025, 1083], [1026, 1082], [1028, 1082], [1029, 1081], [1032, 1081], [1033, 1080], [1034, 1080], [1035, 1079], [1037, 1079], [1038, 1078], [1040, 1078], [1041, 1077], [1043, 1077], [1044, 1076], [1046, 1076], [1047, 1075], [1048, 1075], [1049, 1074], [1050, 1074], [1051, 1073], [1053, 1073], [1054, 1072], [1056, 1072], [1057, 1071], [1059, 1071], [1060, 1070], [1062, 1070], [1063, 1069], [1065, 1069], [1066, 1068], [1068, 1068], [1069, 1067], [1071, 1067], [1072, 1066], [1073, 1066], [1074, 1065], [1075, 1065], [1076, 1064], [1077, 1064], [1078, 1063], [1080, 1063], [1082, 1061], [1083, 1061], [1098, 1046], [1098, 1045], [1101, 1042], [1101, 1040], [1102, 1039], [1102, 1036], [1103, 1035], [1103, 1032], [1104, 1031], [1104, 1028], [1105, 1027], [1105, 1025], [1106, 1024], [1106, 1022], [1107, 1021], [1107, 1020], [1108, 1019], [1108, 1017], [1109, 1016], [1109, 1015], [1110, 1014], [1110, 1013], [1111, 1012], [1111, 1011], [1113, 1009], [1113, 1008], [1114, 1007], [1114, 1006], [1115, 1005], [1115, 1004], [1116, 1003], [1116, 1000], [1117, 999], [1117, 996], [1118, 995], [1118, 984], [1117, 983], [1117, 982], [1116, 981], [1116, 979], [1115, 978], [1115, 977], [1114, 976], [1114, 974], [1113, 973], [1113, 971], [1112, 970], [1112, 968], [1110, 966], [1110, 965], [1108, 963], [1108, 962], [1099, 953], [1098, 953], [1094, 949], [1093, 949], [1091, 947], [1090, 947], [1087, 944], [1086, 944], [1085, 943], [1084, 943], [1082, 941], [1081, 941], [1079, 939], [1078, 939], [1075, 936], [1074, 936], [1072, 934], [1071, 934], [1069, 932], [1068, 932], [1066, 930], [1065, 930], [1064, 929], [1063, 929], [1062, 928], [1061, 928], [1059, 926], [1058, 926], [1057, 925], [1056, 925], [1055, 924], [1054, 924], [1053, 923], [1052, 923], [1050, 921], [1049, 921], [1047, 919], [1045, 919], [1044, 918]]]",
Polygon 95,mask,"[[[850, 1982], [849, 1983], [845, 1983], [844, 1984], [842, 1984], [841, 1985], [839, 1985], [838, 1986], [836, 1986], [835, 1987], [833, 1987], [832, 1988], [828, 1988], [827, 1989], [822, 1989], [821, 1990], [817, 1990], [816, 1991], [813, 1991], [812, 1992], [811, 1992], [809, 1994], [808, 1994], [806, 1996], [806, 1997], [805, 1998], [805, 1999], [804, 2000], [804, 2001], [803, 2002], [803, 2005], [802, 2006], [802, 2010], [801, 2011], [801, 2015], [800, 2016], [800, 2020], [799, 2021], [799, 2027], [798, 2028], [798, 2034], [797, 2035], [797, 2041], [796, 2042], [796, 2047], [795, 2048], [795, 2053], [794, 2054], [794, 2058], [793, 2059], [793, 2063], [792, 2064], [792, 2068], [791, 2069], [791, 2074], [790, 2075], [790, 2080], [789, 2081], [789, 2085], [788, 2086], [788, 2092], [787, 2093], [787, 2099], [786, 2100], [786, 2106], [785, 2107], [785, 2113], [784, 2114], [784, 2119], [783, 2120], [783, 2125], [782, 2126], [782, 2130], [781, 2131], [781, 2135], [780, 2136], [780, 2141], [779, 2142], [779, 2146], [778, 2147], [778, 2151], [777, 2152], [777, 2156], [776, 2157], [776, 2162], [775, 2163], [775, 2168], [774, 2169], [774, 2175], [773, 2176], [773, 2189], [772, 2190], [772, 2197], [773, 2198], [773, 2201], [774, 2202], [774, 2204], [775, 2205], [775, 2206], [776, 2207], [776, 2208], [777, 2209], [777, 2210], [778, 2211], [778, 2212], [779, 2213], [779, 2215], [780, 2216], [780, 2217], [781, 2218], [781, 2219], [783, 2221], [783, 2222], [785, 2224], [786, 2224], [788, 2226], [789, 2226], [791, 2228], [792, 2228], [795, 2231], [796, 2231], [802, 2237], [802, 2238], [804, 2240], [804, 2241], [811, 2248], [812, 2248], [814, 2250], [815, 2250], [816, 2251], [817, 2251], [818, 2252], [819, 2252], [820, 2253], [821, 2253], [822, 2254], [824, 2254], [825, 2255], [826, 2255], [827, 2256], [830, 2256], [831, 2257], [837, 2257], [838, 2258], [855, 2258], [856, 2257], [863, 2257], [864, 2256], [869, 2256], [870, 2255], [873, 2255], [874, 2254], [876, 2254], [877, 2253], [880, 2253], [881, 2252], [883, 2252], [884, 2251], [886, 2251], [887, 2250], [888, 2250], [889, 2249], [890, 2249], [891, 2248], [892, 2248], [893, 2247], [894, 2247], [895, 2246], [896, 2246], [898, 2244], [899, 2244], [900, 2243], [901, 2243], [902, 2242], [903, 2242], [904, 2241], [905, 2241], [906, 2240], [907, 2240], [908, 2239], [909, 2239], [910, 2238], [911, 2238], [912, 2237], [913, 2237], [916, 2234], [917, 2234], [918, 2233], [918, 2232], [920, 2230], [920, 2229], [921, 2228], [921, 2226], [922, 2225], [922, 2223], [923, 2222], [923, 2219], [924, 2218], [924, 2209], [925, 2208], [925, 2196], [926, 2195], [926, 2187], [927, 2186], [927, 2179], [928, 2178], [928, 2171], [929, 2170], [929, 2163], [930, 2162], [930, 2155], [931, 2154], [931, 2147], [932, 2146], [932, 2139], [933, 2138], [933, 2133], [934, 2132], [934, 2128], [935, 2127], [935, 2123], [936, 2122], [936, 2117], [937, 2116], [937, 2109], [938, 2108], [938, 2101], [939, 2100], [939, 2095], [940, 2094], [940, 2090], [941, 2089], [941, 2085], [942, 2084], [942, 2080], [943, 2079], [943, 2075], [944, 2074], [944, 2068], [945, 2067], [945, 2064], [946, 2063], [946, 2050], [945, 2049], [945, 2045], [944, 2044], [944, 2043], [943, 2042], [942, 2042], [940, 2040], [939, 2040], [938, 2039], [937, 2039], [936, 2038], [934, 2038], [933, 2037], [932, 2037], [931, 2036], [929, 2036], [927, 2034], [926, 2034], [925, 2033], [924, 2033], [922, 2031], [921, 2031], [920, 2030], [919, 2030], [917, 2028], [916, 2028], [914, 2026], [913, 2026], [912, 2025], [911, 2025], [910, 2024], [909, 2024], [906, 2021], [905, 2021], [901, 2017], [900, 2017], [892, 2009], [891, 2009], [882, 2000], [881, 2000], [874, 1993], [873, 1993], [869, 1989], [868, 1989], [866, 1987], [865, 1987], [864, 1986], [862, 1986], [861, 1985], [860, 1985], [859, 1984], [857, 1984], [856, 1983], [853, 1983], [852, 1982]]]",
fiducials,fiducials,[],
